music,1887
work,1143
get,954
way,917
like,813
artist,780
thing,716
time,688
even,633
also,630
field,627
make,621
might,606
tri,604
releas,597
new,541
creativ,533
one,527
it,522
you,516
great,484
the,480
use,479
keep,476
live,474
track,470
musician,466
data,462
help,437
go,429
product,425
playlist,417
song,416
leav,408
if,405
current,398
we,397
process,397
right,395
import,389
content,386
media,382
mean,379
set,375
know,374
address,372
creat,364
start,358
peopl,354
want,353
publish,344
certain,343
let,342
idea,335
especi,335
thi,331
ye,325
think,322
someth,321
requir,315
video,313
person,311
realli,309
mark,305
fortun,305
email,304
audienc,303
empti,299
and,298
produc,297
lot,294
first,293
commentsyour,293
social,289
within,287
play,286
sure,279
share,279
alway,279
everi,277
blog,275
feel,273
sound,271
mani,270
find,258
app,250
show,248
channel,247
interest,244
differ,244
engag,237
variou,236
diy,236
act,235
though,233
quit,232
experi,232
give,228
develop,226
come,224
need,221
there,220
actual,220
well,219
gener,219
see,218
plan,215
open,215
around,215
take,213
part,212
definit,212
awar,212
visual,211
insight,211
team,210
stream,209
us,208
solid,207
possibl,207
write,205
servic,205
record,203
good,203
subject,202
tour,200
spotifi,200
instagram,199
platform,198
run,197
influenc,195
sometim,194
back,194
inform,193
connect,193
still,192
manag,189
collabor,188
commun,186
abl,186
mind,183
form,183
day,182
tool,180
follow,177
be,177
vital,172
thought,172
in,172
potenti,171
point,171
profession,170
learn,167
sens,164
often,164
featur,164
complet,164
talk,160
mayb,160
much,159
chanc,159
build,159
deal,158
turn,157
load,157
collect,157
term,156
next,156
but,153
album,153
factor,152
stay,149
project,148
seem,147
love,146
hit,146
fan,146
base,146
support,145
dig,145
last,144
fun,144
perform,142
listen,142
happen,142
challeng,142
websit,141
digit,141
deliv,141
that,139
task,139
huge,138
incred,137
without,136
strategi,135
singl,135
pointer,135
endeavor,135
so,134
they,133
piec,133
littl,133
hand,132
ad,132
may,131
would,130
other,130
case,129
studio,128
stage,128
routin,128
everyth,128
amount,128
uniqu,126
reach,126
posit,126
look,126
week,124
individu,124
control,124
activ,124
matter,123
involv,123
could,123
campaign,123
youtub,122
situat,122
whole,121
profil,121
probabl,121
mobil,121
excit,121
band,121
songwrit,120
pro,120
eye,120
two,119
style,119
year,118
upload,118
head,118
establish,118
approach,118
line,117
best,117
session,116
place,116
gig,116
easi,116
power,115
busi,115
strong,114
handl,114
big,114
market,112
key,112
yet,111
offer,110
limit,110
qualiti,109
reason,108
futur,108
becom,108
direct,107
some,106
moment,106
mix,106
easier,105
put,104
never,104
given,104
analyt,104
to,103
high,103
check,103
post,102
label,102
instrument,102
hard,102
cours,102
chang,102
step,101
better,101
world,100
provid,100
creator,100
via,99
outsid,99
gain,99
flow,99
effect,99
cooki,99
close,99
facebook,98
extern,98
basic,98
sphere,96
push,96
gather,96
comment,96
articl,96
across,96
prepar,95
light,95
ask,95
increas,93
alreadi,93
respect,92
multitud,92
toward,91
output,91
merch,91
festiv,91
curat,91
cover,91
book,91
promot,90
relationship,89
greatli,89
account,89
read,88
obvious,88
most,88
for,88
easili,88
access,88
someon,87
friend,87
everyon,87
budget,87
say,86
readi,85
kind,85
here,85
enough,85
by,85
rang,84
onlin,84
mikm,84
googl,84
fast,84
expect,84
drop,84
upon,83
game,83
art,83
space,82
realiti,82
overal,82
materi,82
made,82
have,82
entir,82
screen,81
prior,81
pitch,81
level,81
least,81
includ,81
feedback,81
fact,81
type,80
mode,80
understand,79
softwar,79
question,79
pictur,79
name,79
http,79
environ,79
clear,79
stori,78
resourc,78
life,78
element,78
touch,77
soon,77
present,77
internet,77
identifi,77
grow,77
continu,77
format,76
far,76
add,76
while,75
stuff,75
master,75
major,75
demand,75
done,74
context,74
as,74
your,73
side,73
long,73
free,73
concept,73
absolut,73
motiv,72
break,72
brand,72
with,71
usual,71
no,71
earli,71
area,71
spread,70
soundcloud,70
not,70
lead,70
hype,70
detail,70
structur,69
phase,69
less,69
end,69
boost,69
mindset,68
meet,68
success,67
origin,67
crowd,67
audio,67
view,66
version,66
varieti,66
user,66
submithub,66
save,66
player,66
photo,66
extra,66
exampl,66
career,66
call,66
appreci,66
aesthet,66
topic,65
state,65
sever,65
page,65
interact,65
what,64
real,64
natur,64
just,64
broad,64
bring,64
togeth,63
spend,63
special,63
perfect,63
on,63
energi,63
depend,63
simpl,62
obviou,62
more,62
fresh,62
browser,62
search,61
room,61
relat,61
got,61
discov,61
attent,61
allow,61
wide,60
similar,60
mood,60
month,60
miss,60
initi,60
growth,60
don,60
when,59
travel,59
stress,59
hous,59
enabl,59
concern,59
behind,59
agenc,59
offic,58
necessari,58
ideal,58
feed,58
event,58
directli,58
avail,58
twitter,57
specif,57
small,57
hope,57
debut,57
convers,57
contact,57
along,57
visit,56
tap,56
scenario,56
remix,56
monitor,56
immens,56
ever,56
updat,55
store,55
physic,55
oftentim,55
network,55
match,55
integr,55
compon,55
anyth,55
smooth,54
rememb,54
pretti,54
lyric,54
industri,54
hire,54
devic,54
all,54
adapt,54
action,54
workflow,53
talent,53
respons,53
phone,53
partner,53
move,53
knowledg,53
imag,53
goal,53
either,53
beyond,53
agenda,53
valu,52
technician,52
sign,52
rare,52
pressur,52
later,52
focu,52
elev,52
dynam,52
dive,52
bigger,52
regular,51
minor,51
job,51
inspir,51
group,51
effort,51
ear,51
distinct,51
decis,51
constant,51
care,51
anoth,51
almost,51
adjust,51
venu,50
top,50
old,50
necess,50
manner,50
list,50
genr,50
finish,50
evalu,50
concert,50
captur,50
aspect,50
sort,49
result,49
number,49
narr,49
lay,49
introduc,49
honest,49
happi,49
discuss,49
decid,49
beauti,49
among,49
schedul,48
pick,48
numer,48
local,48
full,48
equip,48
els,48
away,48
aris,48
aim,48
after,48
link,47
embrac,47
defin,47
creation,47
compani,47
vibe,46
therefor,46
tend,46
spot,46
receiv,46
issu,46
inner,46
except,46
edit,46
accept,46
problem,45
invest,45
express,45
core,45
achiev,45
valuabl,44
upcom,44
tip,44
strength,44
smart,44
shoot,44
parti,44
or,44
opportun,44
maintain,44
main,44
due,44
deep,44
deadlin,44
consid,44
bit,44
austrian,44
wait,43
tweet,43
these,43
technic,43
radio,43
outcom,43
locat,43
latest,43
highli,43
goe,43
fellow,43
equal,43
distribut,43
cool,43
beat,43
technolog,42
surpris,42
somebodi,42
sell,42
select,42
reflect,42
purpos,42
jump,42
intern,42
expand,42
exactli,42
built,42
age,42
worth,41
surround,41
opinion,41
hour,41
from,41
extens,41
do,41
contrari,41
favorit,40
date,40
cultur,40
craft,40
cornerston,40
appli,40
standard,39
sinc,39
short,39
shape,39
send,39
second,39
scene,39
rehears,39
protect,39
mileston,39
microphon,39
melodi,39
measur,39
invit,39
hear,39
emot,39
download,39
crew,39
bound,39
begin,39
amaz,39
acoust,39
wave,38
watch,38
vari,38
trend,38
tell,38
target,38
skill,38
pure,38
necessarili,38
magic,38
interview,38
habit,38
exchang,38
etc,38
decent,38
common,38
caus,38
avoid,38
worri,37
ugc,37
role,37
publicist,37
overlook,37
option,37
ongo,37
multipl,37
medium,37
layout,37
interpret,37
info,37
guitar,37
egg,37
dream,37
display,37
cost,37
compel,37
click,37
buzz,37
bunch,37
arrang,37
addit,37
tight,36
system,36
sit,36
seriou,36
groov,36
doubt,36
distract,36
cut,36
conveni,36
compar,36
camera,36
trust,35
tastemak,35
stat,35
royalti,35
prep,35
oper,35
of,35
logist,35
lie,35
io,35
hold,35
diverg,35
detach,35
design,35
critic,35
code,35
automat,35
switch,34
stick,34
speak,34
rule,34
request,34
regularli,34
realist,34
perceiv,34
owner,34
organ,34
journey,34
join,34
input,34
how,34
home,34
exposur,34
exist,34
demonstr,34
danger,34
countri,34
choos,34
biggest,34
bad,34
at,34
artwork,34
advantag,34
writer,33
whether,33
true,33
report,33
relev,33
neglect,33
machin,33
loos,33
launch,33
ground,33
enjoy,33
corridor,33
constantli,33
burn,33
appear,33
ahead,33
agre,33
wether,32
total,32
submiss,32
site,32
sensibl,32
ride,32
recent,32
prefer,32
perspect,32
minim,32
million,32
hot,32
gear,32
eventu,32
essenti,32
describ,32
button,32
bodi,32
believ,32
viennes,31
sxsw,31
stumbl,31
stash,31
shed,31
season,31
relax,31
refer,31
messag,31
lost,31
implement,31
heart,31
gmbh,31
face,31
exclus,31
ep,31
electron,31
comfort,31
awesom,31
vision,30
stand,30
solut,30
recommend,30
public,30
promo,30
peripheri,30
ident,30
highlight,30
function,30
final,30
extrem,30
explain,30
enthusiast,30
condit,30
citi,30
carri,30
befor,30
advanc,30
web,29
vocal,29
vienna,29
their,29
simpli,29
shine,29
realiz,29
pop,29
pleas,29
night,29
met,29
loud,29
log,29
intens,29
half,29
consum,29
consequ,29
competit,29
basi,29
authent,29
an,29
algorithm,29
workload,28
thousand,28
strongest,28
our,28
order,28
newslett,28
musicianship,28
metadata,28
linkedin,28
lean,28
larg,28
improv,28
hi,28
front,28
found,28
flexibl,28
experienc,28
duo,28
custom,28
con,28
coffe,28
catalogu,28
argument,28
apart,28
wrong,27
voic,27
smoothli,27
raw,27
quick,27
pursu,27
portray,27
overwhelm,27
obtain,27
mistak,27
minut,27
intuit,27
independ,27
importantli,27
howev,27
forget,27
editor,27
draw,27
contain,27
assum,27
affect,27
accord,27
went,26
tie,26
super,26
sum,26
submit,26
strateg,26
straight,26
size,26
shall,26
sale,26
peer,26
past,26
overview,26
outlet,26
my,26
mere,26
indi,26
inclin,26
hardli,26
food,26
fit,26
domin,26
cook,26
convey,26
consumpt,26
classic,26
booker,26
then,25
tast,25
stun,25
strictli,25
roll,25
refrain,25
rather,25
polici,25
placement,25
money,25
lose,25
impli,25
frame,25
everybodi,25
european,25
bio,25
answer,25
wireless,24
will,24
vertic,24
vast,24
uplift,24
unit,24
undoubtedli,24
tasti,24
radar,24
press,24
premier,24
object,24
instead,24
indic,24
hover,24
healthi,24
enter,24
divers,24
depth,24
deeper,24
confirm,24
conceiv,24
choic,24
benefit,24
worst,23
wise,23
underestim,23
speed,23
singer,23
showcas,23
review,23
notic,23
noth,23
former,23
fashion,23
fall,23
ensur,23
emancip,23
effici,23
daili,23
color,23
backdrop,23
abil,23
wild,22
univers,22
tune,22
thank,22
tension,22
storm,22
shot,22
promis,22
pr,22
plugin,22
pay,22
optim,22
oblig,22
neg,22
metric,22
mental,22
land,22
lack,22
imagin,22
homework,22
guy,22
guess,22
fight,22
favor,22
expens,22
exhilar,22
eas,22
determin,22
contributor,22
consist,22
chase,22
befriend,22
bandmat,22
balanc,22
appl,22
anyon,22
antic,22
ant,22
analysi,22
whatev,21
variat,21
und,21
tag,21
slowli,21
self,21
scan,21
reduc,21
progress,21
otherwis,21
offici,21
must,21
mixer,21
lightroom,21
kick,21
impress,21
human,21
genuin,21
fine,21
engin,21
emerg,21
comprehens,21
clearli,21
asap,21
applic,21
analyz,21
wolrlwid,20
tweak,20
tech,20
stephan,20
statu,20
somehow,20
slow,20
road,20
reserv,20
procedur,20
period,20
news,20
movement,20
model,20
lucki,20
longer,20
is,20
imageri,20
hook,20
he,20
fragment,20
focus,20
fli,20
faster,20
evolv,20
distributor,20
difficult,20
count,20
combin,20
boundari,20
attitud,20
attach,20
advertis,20
zone,19
wish,19
win,19
wholesom,19
wherev,19
whenev,19
usag,19
truli,19
suit,19
stop,19
shift,19
scratch,19
rise,19
privat,19
pattern,19
patienc,19
mostli,19
meant,19
loop,19
joke,19
hinder,19
heavi,19
heard,19
hang,19
frustrat,19
fluid,19
felt,19
evid,19
endeavour,19
drum,19
drive,19
debri,19
concentr,19
comput,19
cater,19
camp,19
buy,19
bu,19
besid,19
bar,19
alon,19
weird,18
walk,18
treat,18
transmit,18
took,18
today,18
substanc,18
spent,18
signific,18
setup,18
rue,18
royal,18
riski,18
remind,18
recap,18
rapid,18
prioriti,18
pack,18
nois,18
nobodi,18
nich,18
nice,18
neighbor,18
negoti,18
liter,18
left,18
larger,18
kid,18
holist,18
headlin,18
harder,18
hack,18
fundament,18
film,18
dip,18
demo,18
crazi,18
contemporari,18
composit,18
complic,18
colleagu,18
bass,18
are,18
adventur,18
written,17
wind,17
visibl,17
unpredict,17
unnerv,17
transfer,17
traction,17
thu,17
tendenc,17
tab,17
spark,17
soft,17
snippet,17
slightli,17
scheme,17
rut,17
rock,17
robin,17
repres,17
photographi,17
particular,17
oppos,17
ogri,17
mutual,17
low,17
lifestyl,17
legal,17
laid,17
iphon,17
instant,17
increasingli,17
impact,17
hundr,17
har,17
guzzi,17
forc,17
fix,17
fanbas,17
fabfilt,17
execut,17
employe,17
elektro,17
drink,17
differenti,17
delic,17
dedic,17
daw,17
copi,17
contract,17
charg,17
calcul,17
bumpi,17
backstag,17
arriv,17
acceler,17
welcometofortun,16
trick,16
trademark,16
ton,16
sync,16
sonic,16
smartphon,16
seek,16
said,16
risk,16
retrovis,16
research,16
react,16
quickli,16
proud,16
priorit,16
plain,16
perfectli,16
per,16
outreach,16
onto,16
notif,16
navig,16
naiv,16
mess,16
melod,16
law,16
late,16
humbl,16
hotel,16
gdpr,16
frequenc,16
figur,16
europavox,16
diversifi,16
director,16
contractu,16
confront,16
confid,16
chord,16
checklist,16
cash,16
brief,16
breath,16
board,16
blueprint,16
blank,16
assess,16
although,16
agent,16
again,16
welcom,15
warm,15
up,15
unexpect,15
throw,15
test,15
taken,15
tabl,15
swoop,15
sustain,15
suggest,15
stuck,15
soundcheck,15
shop,15
sail,15
round,15
rearrang,15
provis,15
print,15
prevent,15
practic,15
persuad,15
peac,15
path,15
ok,15
nuanc,15
now,15
modern,15
mile,15
middl,15
member,15
mechan,15
literatur,15
leyya,15
legisl,15
irig,15
invent,15
hell,15
file,15
fastest,15
extent,15
delet,15
coverag,15
coupl,15
correspond,15
compet,15
climb,15
charact,15
can,15
burst,15
bore,15
boil,15
block,15
bewild,15
award,15
author,15
worldwid,14
word,14
wast,14
viral,14
usp,14
upkeep,14
tire,14
timefram,14
theme,14
sold,14
sleep,14
setlist,14
sent,14
seen,14
regener,14
reaction,14
phoenix,14
pass,14
partnership,14
pari,14
organiz,14
orang,14
nightmarish,14
mint,14
meaningless,14
javascript,14
interfac,14
instantli,14
insid,14
guarante,14
grant,14
für,14
freedom,14
forward,14
falco,14
fair,14
extend,14
desktop,14
desir,14
credit,14
concret,14
conceptu,14
complex,14
clinch,14
chart,14
certainli,14
categori,14
catalog,14
capabl,14
boss,14
announc,14
airlin,14
young,13
visitor,13
url,13
urban,13
uncov,13
ultim,13
typic,13
trip,13
transmiss,13
tracker,13
toplin,13
third,13
tayger,13
swedish,13
statist,13
smaller,13
shade,13
serv,13
separ,13
roster,13
return,13
reliabl,13
regist,13
quantiti,13
pull,13
plenti,13
pleasur,13
patient,13
passion,13
out,13
onc,13
mic,13
leverag,13
languag,13
journalist,13
instrumentalist,13
instanc,13
inquiri,13
imposs,13
hungri,13
horizon,13
hate,13
guid,13
gratitud,13
gold,13
favourit,13
facet,13
exercis,13
encourag,13
deleg,13
contentu,13
conduct,13
ca,13
autom,13
austin,13
atmospher,13
ash,13
artistri,13
ableton,13
yeah,12
underlin,12
till,12
three,12
text,12
swann,12
superb,12
strict,12
star,12
standalon,12
sheer,12
serious,12
secur,12
school,12
sat,12
row,12
roadblock,12
reson,12
regul,12
purchas,12
proposit,12
propos,12
precis,12
podcast,12
photograph,12
persona,12
peripher,12
paradigm,12
oh,12
nerv,12
near,12
narrow,12
mountain,12
mission,12
mishap,12
luxuri,12
loosen,12
lightheart,12
librari,12
legitim,12
laugh,12
keen,12
implic,12
igtv,12
hindranc,12
higher,12
hidden,12
hesit,12
heavili,12
harsh,12
greater,12
grand,12
gone,12
fulfil,12
freeli,12
folder,12
flood,12
fail,12
enlist,12
encount,12
earlier,12
drench,12
drag,12
die,12
detect,12
dear,12
consent,12
compil,12
claim,12
central,12
celebr,12
caught,12
came,12
bump,12
bold,12
blend,12
backup,12
assort,12
annoy,12
andrew,12
amadeu,12
altern,12
adob,12
accomplish,12
water,11
vocalist,11
util,11
titl,11
thin,11
synth,11
suberbl,11
storag,11
stack,11
spam,11
sourc,11
sooner,11
skip,11
sincer,11
sight,11
shuffl,11
rep,11
rain,11
quiet,11
prone,11
prerequisit,11
pragmat,11
popular,11
pan,11
offlin,11
notion,11
momentum,11
luck,11
logic,11
known,11
isol,11
infus,11
indiegogo,11
histori,11
headspac,11
handi,11
grip,11
grab,11
glad,11
gem,11
fuse,11
funni,11
friction,11
firmli,11
fingertip,11
finess,11
filter,11
econom,11
each,11
dock,11
distanc,11
disco,11
dawa,11
corner,11
conserv,11
confus,11
complement,11
compat,11
chat,11
chao,11
cc,11
catastroph,11
bottom,11
austria,11
attract,11
adword,11
adopt,11
yesterday,10
white,10
whistl,10
wall,10
vice,10
verifi,10
verbal,10
tone,10
tini,10
thrill,10
swing,10
subsequ,10
stoicism,10
stimuli,10
static,10
sportiv,10
split,10
spirit,10
sink,10
sheet,10
sampl,10
rush,10
ruin,10
romantic,10
retrovisionfr,10
rest,10
reinforc,10
regain,10
realm,10
prospect,10
program,10
preserv,10
pic,10
percept,10
occur,10
nourish,10
na,10
miniatur,10
minefield,10
metronomi,10
mention,10
loyal,10
juic,10
jetpack,10
jason,10
impuls,10
immers,10
immediaci,10
ignit,10
icon,10
highest,10
harm,10
guest,10
greatest,10
gap,10
facilit,10
expans,10
entertain,10
enterpris,10
enrich,10
empow,10
empathi,10
educ,10
eastern,10
dri,10
down,10
document,10
disappoint,10
deserv,10
dark,10
crucial,10
contribut,10
clearer,10
cell,10
catch,10
bridg,10
brainpow,10
blogospher,10
bet,10
bell,10
beer,10
battl,10
background,10
auf,10
assign,10
asset,10
articul,10
argu,10
anim,10
angl,10
android,10
acknowledg,10
workplac,9
ts,9
transpar,9
tradit,9
thorough,9
tailor,9
subscript,9
spanish,9
ship,9
sharpen,9
server,9
seemingli,9
saw,9
safe,9
root,9
rider,9
revolv,9
restrict,9
remain,9
reject,9
region,9
regard,9
recreat,9
rais,9
quo,9
punctual,9
prop,9
privaci,9
polit,9
perman,9
palast,9
packag,9
overload,9
normal,9
norm,9
nomin,9
mount,9
modifi,9
merg,9
meaning,9
mainli,9
lid,9
lex,9
length,9
la,9
jumpstart,9
joy,9
jam,9
intric,9
interfer,9
innov,9
imman,9
honesti,9
hobbi,9
hello,9
hefti,9
gun,9
godgiven,9
furthermor,9
funnel,9
fulli,9
four,9
followership,9
eyebrow,9
etiquett,9
embed,9
ecosystem,9
eat,9
dug,9
driven,9
draft,9
dont,9
dnb,9
death,9
de,9
crispi,9
corpor,9
convert,9
contractor,9
compass,9
club,9
clean,9
cd,9
brought,9
broader,9
banter,9
bandlead,9
audrey,9
associ,9
aspir,9
amplitub,9
ambient,9
ago,9
academia,9
zu,8
zoom,8
zen,8
york,8
workmod,8
willing,8
whip,8
where,8
werden,8
wan,8
vibrant,8
uncomfort,8
transport,8
tough,8
toggl,8
temporari,8
supposedli,8
summer,8
subway,8
sub,8
struggl,8
strip,8
street,8
stimul,8
stern,8
station,8
statement,8
squar,8
speech,8
slip,8
slight,8
sing,8
silenc,8
significantli,8
shower,8
seat,8
rub,8
rocki,8
reveal,8
retriev,8
reshap,8
repost,8
repertoir,8
reminisc,8
recogn,8
rate,8
rapport,8
random,8
properli,8
prompt,8
prime,8
primal,8
price,8
previou,8
presid,8
presenc,8
pose,8
pocket,8
plung,8
plateau,8
plane,8
piano,8
own,8
outstand,8
okay,8
occupi,8
ny,8
notifi,8
note,8
neutral,8
multipli,8
moodboard,8
monetari,8
misconcept,8
mine,8
memori,8
mavi,8
magazin,8
mac,8
lower,8
lone,8
lock,8
likewis,8
lend,8
knew,8
ip,8
invad,8
introduct,8
interven,8
indulg,8
incorpor,8
incent,8
hurt,8
hub,8
hometown,8
heighten,8
habitu,8
gate,8
gadget,8
fuel,8
friendli,8
fragil,8
forth,8
foreign,8
fabric,8
experiment,8
everyday,8
entri,8
enhanc,8
dure,8
downhil,8
dove,8
disagre,8
deriv,8
der,8
dens,8
declar,8
dare,8
damn,8
conflict,8
compens,8
commut,8
commit,8
coher,8
coder,8
clever,8
chill,8
card,8
busk,8
brainstorm,8
blogpost,8
bill,8
benefici,8
beginn,8
becam,8
bear,8
aura,8
asid,8
anyway,8
amplifi,8
american,8
ambit,8
align,8
agreement,8
afford,8
abstract,8
zani,7
wrap,7
wood,7
wonder,7
which,7
weekli,7
weak,7
warner,7
wander,7
vor,7
unfilt,7
turnout,7
truth,7
trigger,7
tricki,7
trial,7
transact,7
town,7
toe,7
timelin,7
through,7
techniqu,7
sweet,7
straightforward,7
speaker,7
span,7
sober,7
slack,7
settl,7
sentiment,7
sensit,7
section,7
scout,7
rightli,7
rewind,7
resolv,7
renown,7
reli,7
proper,7
preset,7
premium,7
preliminari,7
portabl,7
plu,7
password,7
partial,7
pace,7
organis,7
oliv,7
nowher,7
nowaday,7
nova,7
nobl,7
negat,7
nada,7
mystifi,7
movi,7
massiv,7
mario,7
mantra,7
luckili,7
lighten,7
licens,7
legend,7
led,7
lawyer,7
landscap,7
krook,7
kopfhörer,7
judgment,7
joseph,7
jazz,7
iron,7
intro,7
immedi,7
ik,7
hustl,7
hitter,7
headphon,7
harmon,7
hardwar,7
grasp,7
graphic,7
gorgeou,7
glimps,7
georg,7
friendship,7
freelanc,7
freak,7
framework,7
founder,7
formid,7
formerli,7
financi,7
fascin,7
familiar,7
fairli,7
error,7
empathet,7
editori,7
earliest,7
dyi,7
delay,7
decad,7
curv,7
crave,7
cooper,7
contest,7
commerci,7
cloud,7
cliché,7
classifi,7
ceo,7
categor,7
catalyst,7
capac,7
camo,7
bush,7
brother,7
broken,7
broaden,7
brave,7
brain,7
both,7
bonu,7
bond,7
blow,7
black,7
beau,7
barclay,7
auditori,7
ass,7
archiv,7
approv,7
anywher,7
alongsid,7
alik,7
aka,7
advic,7
adher,7
accordingli,7
yukno,6
woven,6
wors,6
women,6
wolf,6
wirelessli,6
whi,6
west,6
weight,6
vote,6
vintag,6
usb,6
unusu,6
untouch,6
unreleas,6
unobtain,6
unlik,6
unleash,6
unknown,6
union,6
ultra,6
twitch,6
tv,6
tutori,6
troubl,6
transcend,6
trait,6
train,6
tighten,6
ticket,6
those,6
tempor,6
teas,6
synergi,6
subtl,6
subtitl,6
studi,6
stretch,6
stranger,6
stock,6
steer,6
startup,6
stabil,6
spontan,6
soundscap,6
songkick,6
sondrey,6
somewher,6
solo,6
sole,6
soak,6
smallest,6
slot,6
sleepi,6
simultan,6
shout,6
shariff,6
sentenc,6
se,6
scrap,6
satisfi,6
sad,6
rhythmic,6
reput,6
repeat,6
registr,6
regardless,6
refin,6
ratio,6
randomli,6
quot,6
proven,6
portrait,6
plug,6
pianist,6
pen,6
peculiar,6
payment,6
patrick,6
particip,6
overboard,6
over,6
opposit,6
onli,6
offend,6
nudg,6
noisi,6
needi,6
nebul,6
nap,6
mystic,6
morn,6
menu,6
medit,6
maxim,6
mater,6
mastermind,6
mass,6
mask,6
manageri,6
man,6
longtim,6
logo,6
lit,6
keyboard,6
kept,6
itun,6
itinerari,6
intim,6
interviewe,6
intellig,6
illustr,6
hölzl,6
humor,6
honor,6
holiday,6
heat,6
hashtag,6
han,6
guidelin,6
gritti,6
grate,6
gotten,6
golden,6
girl,6
gestur,6
germani,6
gatekeep,6
frequent,6
focuss,6
float,6
flight,6
fire,6
fill,6
februari,6
fear,6
eve,6
energet,6
edm,6
economi,6
easygo,6
durat,6
dude,6
dt,6
drummer,6
drain,6
doubl,6
door,6
djing,6
dj,6
disput,6
discours,6
difficulti,6
deni,6
daylight,6
cure,6
credibl,6
crate,6
crash,6
cramp,6
coordin,6
construct,6
consol,6
coin,6
clash,6
clarifi,6
circl,6
checkup,6
characterist,6
camscann,6
calm,6
cabl,6
bug,6
brows,6
breakthrough,6
brag,6
booth,6
blast,6
birthday,6
beta,6
began,6
becaus,6
batteri,6
basement,6
banal,6
averag,6
attend,6
appropri,6
appeal,6
anxieti,6
anonym,6
angst,6
ambiti,6
allround,6
airwav,6
afraid,6
aboard,6
zur,5
wrote,5
workstat,5
wit,5
wip,5
window,5
wildli,5
wien,5
who,5
werktag,5
versendet,5
veri,5
vagu,5
upsid,5
unravel,5
unabl,5
uhr,5
twin,5
tripod,5
transit,5
tonal,5
tightest,5
ten,5
tel,5
suscept,5
surg,5
surfac,5
suppos,5
suppli,5
suitabl,5
sugarco,5
suck,5
subscrib,5
styria,5
string,5
stockholm,5
spaghetti,5
sour,5
signal,5
sich,5
shown,5
selben,5
scroll,5
san,5
sampler,5
represent,5
refram,5
receipt,5
rapper,5
rank,5
pursuant,5
proceed,5
predominantli,5
pool,5
phrase,5
permiss,5
patch,5
park,5
pair,5
overdub,5
overdo,5
orchestr,5
nikolau,5
newsfe,5
netflix,5
mysteri,5
mute,5
moral,5
monet,5
midi,5
mesh,5
men,5
maximum,5
martin,5
marco,5
manufactur,5
likemind,5
laptop,5
kontor,5
karin,5
jungl,5
judg,5
jack,5
ipad,5
intimaci,5
inter,5
intend,5
instruct,5
influenti,5
im,5
id,5
hypem,5
honestli,5
hail,5
grind,5
grave,5
grace,5
global,5
glamor,5
giovanna,5
garrix,5
formula,5
folk,5
florian,5
fartacek,5
fantast,5
expos,5
explor,5
exhaust,5
estim,5
erasur,5
entitl,5
enorm,5
enforc,5
einen,5
edg,5
echo,5
easiest,5
earn,5
eager,5
dull,5
dress,5
disabl,5
diplo,5
diablo,5
devot,5
destin,5
descript,5
den,5
declin,5
databas,5
dashboard,5
danc,5
crumbl,5
crop,5
correctli,5
copyright,5
contour,5
connector,5
compartment,5
closer,5
clariti,5
circumst,5
chromat,5
chosen,5
child,5
chain,5
center,5
carv,5
cairo,5
bundl,5
buildup,5
buffer,5
breach,5
bounc,5
blogger,5
beyerdynam,5
bestellungen,5
behavior,5
baikonur,5
aviv,5
attribut,5
anymor,5
anybodi,5
alia,5
aggreg,5
affirm,5
advoc,5
adrenalin,5
admin,5
accompani,5
zyyn,4
worrisom,4
workspac,4
workout,4
william,4
weekend,4
wealth,4
volum,4
visualis,4
virtual,4
videomak,4
versatil,4
valid,4
utterli,4
upset,4
unsubscrib,4
unser,4
unnecessari,4
unlimit,4
unless,4
unglamor,4
unfinish,4
underdog,4
unconsci,4
unclear,4
um,4
twice,4
tunnel,4
trivial,4
trap,4
toy,4
thrown,4
throughout,4
throttl,4
thread,4
terribl,4
terrain,4
tear,4
tax,4
takeaway,4
tackl,4
tablet,4
symbol,4
symbiosi,4
sword,4
swipe,4
suprem,4
supervisor,4
superior,4
sun,4
suffer,4
suddenli,4
sudden,4
such,4
subconsci,4
stupid,4
strum,4
strive,4
strengthen,4
streamlin,4
strang,4
stone,4
stir,4
stingi,4
stickl,4
steve,4
stereogum,4
steam,4
stationari,4
stagnat,4
spring,4
spell,4
soul,4
somewhat,4
someday,4
solv,4
snowbal,4
sneaki,4
sloppi,4
slide,4
slick,4
sketch,4
singular,4
simplifi,4
silver,4
sidetrack,4
sick,4
showalt,4
shortlist,4
shake,4
seven,4
sensat,4
selfi,4
scoop,4
scanner,4
saver,4
salesi,4
sadli,4
saa,4
rural,4
rumbl,4
rs,4
rough,4
ritual,4
ritchi,4
rid,4
rework,4
revisit,4
retweet,4
ressourc,4
reset,4
reproduc,4
rent,4
remov,4
remot,4
reggaeton,4
referr,4
recogniz,4
recharg,4
raffl,4
radiat,4
rabbit,4
quantcast,4
pushi,4
pump,4
prove,4
profit,4
produkt,4
privileg,4
primavera,4
prestigi,4
predefin,4
prais,4
powerhous,4
portfolio,4
popfest,4
planet,4
plainli,4
pkwi,4
pixel,4
pinpoint,4
pichler,4
photoshop,4
phenomenon,4
petti,4
perpetu,4
permit,4
perk,4
paradox,4
par,4
paid,4
overshadow,4
overnight,4
overhead,4
overcom,4
outweigh,4
outsourc,4
outro,4
outlook,4
outlin,4
oslo,4
opportunitiesvers,4
onboard,4
older,4
ocean,4
observ,4
oblivi,4
nothing,4
noorderslag,4
nikla,4
net,4
neat,4
mynth,4
musictech,4
multimedia,4
mould,4
motif,4
motel,4
mosaiqu,4
monthli,4
mold,4
misunderstand,4
minuscul,4
michael,4
merchandis,4
mend,4
meal,4
me,4
mandatori,4
male,4
mal,4
mafia,4
luka,4
lp,4
liquid,4
limitless,4
lightyear,4
lighthearted,4
lift,4
liber,4
lexington,4
lessen,4
legitimaci,4
layer,4
laci,4
lab,4
kill,4
kickass,4
kentucki,4
kany,4
juici,4
januari,4
isrc,4
intent,4
inhibit,4
infrastructur,4
influx,4
inch,4
inact,4
impos,4
immun,4
hybrid,4
holism,4
hole,4
hint,4
hilari,4
heartfelt,4
health,4
heal,4
headroom,4
headach,4
haywir,4
hastl,4
gut,4
grung,4
granul,4
grade,4
goalpost,4
glossi,4
glitz,4
glitch,4
glide,4
glanc,4
german,4
geniu,4
gave,4
gateway,4
garag,4
gameplan,4
further,4
funniest,4
funk,4
frank,4
francisco,4
franc,4
formul,4
forgotten,4
forgiv,4
footnot,4
foh,4
flyer,4
flourish,4
floodgat,4
flaw,4
flat,4
fl,4
firsthand,4
filou,4
fetch,4
fenc,4
femal,4
fault,4
fatigu,4
fader,4
factori,4
export,4
exploit,4
explicit,4
exemplari,4
excess,4
exact,4
evolut,4
eurovis,4
euroson,4
europ,4
esther,4
essenc,4
erleichtert,4
entangl,4
elus,4
elong,4
ego,4
effortless,4
dylan,4
dslr,4
dreamlik,4
dot,4
dop,4
doe,4
doc,4
divis,4
divid,4
distributorsthes,4
disrespect,4
dispers,4
dislik,4
disgruntl,4
discrep,4
disciplin,4
disabledy,4
dirti,4
diplomat,4
digress,4
dictat,4
devast,4
deutschland,4
deputi,4
departur,4
demystifi,4
democrat,4
deliveri,4
delight,4
deliber,4
deflect,4
defect,4
default,4
deepli,4
deconstruct,4
deck,4
dead,4
cur,4
cup,4
cue,4
criteria,4
creatorsget,4
courag,4
countless,4
convent,4
contextu,4
consider,4
conclus,4
compromis,4
compris,4
complementari,4
collab,4
client,4
classi,4
ci,4
chose,4
cherish,4
changer,4
champion,4
ce,4
capsul,4
campsit,4
cameron,4
cameo,4
bullshit,4
brush,4
brazil,4
braini,4
bpm,4
bought,4
bookersdownload,4
bolt,4
boat,4
boarder,4
blood,4
blogrol,4
blind,4
blew,4
blame,4
bitten,4
bird,4
biograph,4
beneficiari,4
belong,4
bei,4
beforehand,4
bedroom,4
battleground,4
bandsintown,4
baggag,4
aw,4
avalanch,4
automatt,4
auch,4
assert,4
assembl,4
anxiou,4
antifragil,4
analog,4
amphitheatr,4
amp,4
america,4
amend,4
amass,4
alex,4
air,4
administr,4
accumul,4
absurd,4
about,4
wordpress,3
wo,3
withdraw,3
wire,3
widespread,3
western,3
welten,3
welt,3
wake,3
von,3
vlogger,3
vlog,3
viewer,3
versa,3
vers,3
useless,3
usabl,3
upgrad,3
unus,3
unfollow,3
undu,3
underli,3
unblock,3
umsetzung,3
tyler,3
troubleshoot,3
tranquil,3
trade,3
tracklist,3
tommi,3
timet,3
timbr,3
thumb,3
thoma,3
texa,3
territori,3
tbh,3
taylor,3
tangibl,3
ta,3
synthpop,3
sweetspot,3
suppress,3
substitut,3
substanti,3
sublimin,3
stylist,3
student,3
stronger,3
stmpd,3
stiff,3
stellar,3
steht,3
statistiken,3
spotlight,3
spiral,3
spinnup,3
spinnin,3
societi,3
snow,3
snapshot,3
snap,3
smartest,3
skillset,3
sind,3
similarli,3
shock,3
shit,3
sharp,3
settlement,3
seller,3
sehen,3
seamlessli,3
scale,3
satur,3
safeguard,3
roughli,3
romant,3
rollout,3
rollin,3
rip,3
rig,3
reward,3
restless,3
repli,3
regret,3
reeperbahnfestiv,3
quirki,3
qr,3
punch,3
protocol,3
processor,3
principl,3
primarili,3
prevail,3
portion,3
polish,3
playcount,3
philosophi,3
peak,3
overrun,3
overlap,3
ordinari,3
openli,3
odd,3
nur,3
none,3
newcom,3
nevertheless,3
nearli,3
nag,3
motion,3
morehmm,3
moreadd,3
momentari,3
modif,3
mit,3
mirror,3
migrat,3
meticul,3
messi,3
memor,3
mediocr,3
manual,3
manhatten,3
lucasandstev,3
llc,3
lesson,3
legit,3
legaci,3
le,3
lamar,3
können,3
kendrick,3
kb,3
kaskad,3
jepsen,3
jame,3
ist,3
ireland,3
ipod,3
investig,3
invas,3
interv,3
insur,3
instal,3
inshot,3
innerhalb,3
infring,3
incomplet,3
inclus,3
imaginari,3
ignor,3
iceland,3
hung,3
host,3
hop,3
hip,3
hindsight,3
hide,3
hiccup,3
heartbeat,3
harbor,3
ha,3
grim,3
github,3
geometri,3
gefertigt,3
fund,3
friday,3
forthcom,3
forgot,3
flavian,3
flag,3
firm,3
finger,3
financ,3
felix,3
feebl,3
famili,3
extraordinari,3
expir,3
excus,3
everywher,3
escap,3
eras,3
enthusiasm,3
enquiri,3
endless,3
em,3
elig,3
elabor,3
einmal,3
drunk,3
drama,3
downsid,3
dollar,3
disconnect,3
disclosur,3
disclos,3
dies,3
detour,3
denomin,3
demotiv,3
dem,3
defens,3
debat,3
david,3
dat,3
damag,3
da,3
crank,3
correct,3
contrast,3
consult,3
constel,3
confer,3
complianc,3
companion,3
commentari,3
cole,3
clutter,3
christma,3
cherri,3
cart,3
cake,3
bulki,3
broadcast,3
brilliant,3
branch,3
bob,3
blick,3
blackbox,3
billboard,3
beneath,3
beach,3
bath,3
bare,3
bandcamp,3
ball,3
backpack,3
audibl,3
asleep,3
artifici,3
arbitrari,3
anticip,3
altogeth,3
allevi,3
afterward,3
aforement,3
accessori,3
ab,3
σtella,2
zyynsound,2
zuzüglich,2
zum,2
zero,2
zeitgeisti,2
zeitgeist,2
yung,2
yoga,2
ybncorda,2
xyz,2
xkito,2
wtf,2
wow,2
wound,2
worthi,2
workup,2
workflowi,2
woodkid,2
won,2
woman,2
wolfhowl,2
withstand,2
wisdom,2
wing,2
wine,2
wilton,2
wildfir,2
wilder,2
wiggl,2
widow,2
whomev,2
whome,2
whirlwind,2
whilst,2
wheel,2
whack,2
wey,2
werner,2
welcometofortuneshttp,2
weeklong,2
weather,2
weari,2
weapon,2
watermark,2
wash,2
ward,2
war,2
vultur,2
vst,2
voucher,2
votet,2
vom,2
volatil,2
vitamin,2
vita,2
visionari,2
vip,2
violin,2
vinyl,2
vii,2
viewpoint,2
videoleap,2
videograph,2
victori,2
vibi,2
verstehen,2
versionwork,2
versandkostenfrei,2
versandkosten,2
ventur,2
vend,2
vein,2
vehicl,2
vector,2
van,2
vain,2
vacuum,2
vacant,2
utmost,2
userbas,2
usa,2
urg,2
upward,2
uptri,2
uprais,2
upintroduc,2
upbeat,2
unwilling,2
unwelcom,2
unwant,2
until,2
unterweg,2
untaint,2
unspoken,2
unsexi,2
unsettl,2
unsatisfi,2
unrel,2
unpleas,2
unplan,2
unoffici,2
unobtrus,2
unnam,2
unlock,2
uniti,2
unhind,2
unheard,2
unfortun,2
unforc,2
undiscern,2
undertaken,2
undertak,2
understood,2
understat,2
undermin,2
underground,2
uncrat,2
unconsum,2
uncompl,2
uncanni,2
unbias,2
unbeliev,2
unawar,2
unappreci,2
unansw,2
unanim,2
ultralight,2
ui,2
ubiqu,2
türnitz,2
typo,2
twenti,2
tweek,2
tube,2
trumpet,2
trough,2
trombon,2
troll,2
trippi,2
trio,2
treehous,2
trash,2
translat,2
transform,2
toxic,2
tourbook,2
torn,2
toni,2
tomorrow,2
tolerantli,2
tofast,2
titu,2
tiniest,2
timezon,2
timespan,2
timesand,2
timeli,2
timeless,2
tim,2
thunder,2
thoroughli,2
thisisruthann,2
thirst,2
thinkin,2
thick,2
theywil,2
thesoundyoune,2
thereof,2
themat,2
than,2
textur,2
tesla,2
termin,2
termaft,2
tent,2
tens,2
templat,2
temper,2
teamlov,2
taunt,2
tatw,2
tattoo,2
tash,2
tapestri,2
tangl,2
tacki,2
sziget,2
sympathi,2
swim,2
swell,2
sweden,2
sweati,2
swallow,2
suspens,2
surefir,2
supplier,2
supervis,2
superstar,2
supermarket,2
sultana,2
sujet,2
sugar,2
suffici,2
suffic,2
succeed,2
subtleti,2
subtlest,2
subtext,2
submerg,2
stuttgart,2
stuf,2
studiosess,2
studiograd,2
stroll,2
stroke,2
streamer,2
strand,2
strain,2
storefront,2
stool,2
stompbox,2
stirr,2
stevenson,2
stem,2
steep,2
steel,2
steal,2
steadi,2
stauding,2
statutori,2
stanc,2
stamina,2
stall,2
stakehold,2
stagework,2
stageview,2
squeez,2
sprout,2
sprint,2
spreadsheet,2
spotifysoundcloudinstagramfacebooktwitt,2
spotifyphoto,2
sport,2
sponsor,2
spoken,2
spoiler,2
spite,2
spinninrecord,2
spider,2
spencer,2
specul,2
specialist,2
speci,2
spatial,2
spare,2
sowi,2
sovereign,2
south,2
soundwork,2
soundtrack,2
soundsourc,2
sought,2
sophi,2
sonnleitn,2
sonn,2
songcontest,2
sondreyinstagram,2
son,2
someplac,2
soloist,2
solemnli,2
snowstorm,2
snowflak,2
snot,2
snatch,2
snare,2
smith,2
smirk,2
smash,2
slush,2
slumber,2
slightest,2
slider,2
sleepless,2
skype,2
skrillex,2
sixth,2
siriusxm,2
siriusmo,2
singularli,2
sine,2
simul,2
simplif,2
simplic,2
silverchair,2
silent,2
signatur,2
sideth,2
sideman,2
shut,2
showtim,2
showboat,2
shove,2
shoutout,2
shoulder,2
should,2
shortli,2
shorter,2
shortcut,2
shitti,2
shini,2
shield,2
she,2
shallowest,2
shadi,2
setback,2
seren,2
sequenc,2
sep,2
sensori,2
sensei,2
sender,2
semant,2
seit,2
sehr,2
segment,2
segal,2
sector,2
seclud,2
seayou,2
seal,2
scrutin,2
screw,2
screenwrit,2
scream,2
scrambl,2
score,2
scatter,2
scare,2
scar,2
saxophon,2
sausag,2
satisfactori,2
sant,2
sang,2
sake,2
safeti,2
rückversand,2
rusti,2
rudimentari,2
rude,2
rucku,2
rout,2
roundup,2
roulett,2
rooki,2
rooftop,2
roof,2
roi,2
robust,2
robert,2
roast,2
roam,2
rippl,2
ring,2
rind,2
rihanna,2
rigor,2
rigid,2
rift,2
riddl,2
rhythm,2
revok,2
revoc,2
revenu,2
revealedrec,2
retreat,2
restrain,2
respond,2
resort,2
resiz,2
repetit,2
renew,2
reliev,2
releasesfollow,2
rel,2
reinstal,2
regga,2
refresh,2
redund,2
reduct,2
redo,2
redd,2
recurs,2
recuper,2
rectif,2
rectangl,2
recov,2
recordingwireless,2
recorderexcel,2
recognit,2
recapitul,2
recal,2
reboot,2
reap,2
realmiwata,2
readership,2
reader,2
re,2
ravag,2
rattl,2
ran,2
raini,2
rae,2
radioshow,2
quirk,2
quieter,2
quarrel,2
qanun,2
pyramid,2
puzzl,2
punk,2
pun,2
puke,2
psychoanalysi,2
psych,2
pstin,2
prudent,2
protectionist,2
prosper,2
prophet,2
properti,2
propel,2
proof,2
pronounc,2
prolifer,2
profoundli,2
profound,2
profess,2
produktberatung,2
problemat,2
proandroid,2
prinzip,2
princ,2
primari,2
priest,2
priceless,2
previous,2
preview,2
presspic,2
preparatori,2
premis,2
prematur,2
preis,2
preclud,2
preciou,2
powerbank,2
potential,2
potenc,2
portugues,2
portug,2
portal,2
port,2
pork,2
poorli,2
poor,2
pond,2
polyfoam,2
polar,2
pointless,2
poem,2
pm,2
pleasant,2
plaat,2
pivot,2
piti,2
pitchfork,2
pit,2
piss,2
pipelin,2
pipe,2
pimp,2
pilot,2
pillichshamm,2
pillar,2
pierc,2
picki,2
picket,2
philipp,2
philadelphia,2
phenomena,2
persuas,2
persist,2
perplex,2
periscop,2
perfunctori,2
perfectionist,2
perfection,2
perch,2
percentag,2
peopleeven,2
peep,2
pedal,2
pdt,2
payoff,2
pave,2
paus,2
pathway,2
patent,2
passiv,2
particularli,2
parisii,2
parcel,2
paramt,2
paramet,2
paragraph,2
paper,2
palmtherapi,2
paint,2
pain,2
paak,2
owe,2
overseen,2
overpow,2
overli,2
overflow,2
overdon,2
ovanc,2
outskirt,2
outputlook,2
outplay,2
outgo,2
outfit,2
outer,2
outdoor,2
outdat,2
outboard,2
ought,2
oud,2
otherworldli,2
orthodox,2
orient,2
orderli,2
optimist,2
oninstagramspotifyfacebookyoutub,2
oneself,2
onedirect,2
omelett,2
oldschool,2
ohm,2
occurr,2
occasion,2
obstacl,2
obsess,2
obscur,2
oak,2
nysimpl,2
nurtur,2
np,2
nowresolutionresolv,2
novel,2
nov,2
notth,2
notebook,2
notch,2
north,2
nor,2
noonemusicoff,2
nonsens,2
nonetheless,2
ninja,2
nimbl,2
nighttim,2
nicola,2
nico,2
nervous,2
neighborhood,2
needless,2
navajo,2
nativ,2
nationwid,2
nation,2
nathaniel,2
nate,2
natali,2
nameless,2
namedrop,2
nake,2
mystiqu,2
myriad,2
mutant,2
musl,2
musicproduct,2
musculatur,2
muscl,2
mundan,2
mule,2
mrsuicidesheep,2
mouth,2
morph,2
moreread,2
moremontr,2
moodl,2
mono,2
monik,2
monday,2
mom,2
molloy,2
molli,2
moist,2
moderat,2
moder,2
mobiledepend,2
mma,2
mixtur,2
mixtap,2
mitig,2
misunderstood,2
misti,2
mislead,2
misinterpret,2
misconduct,2
mio,2
minu,2
mindthen,2
mindest,2
mindblow,2
mildli,2
microphonecaptur,2
micro,2
meter,2
metalcor,2
merrier,2
mercilessli,2
merchbar,2
mentor,2
menlo,2
memo,2
meme,2
mehrwertsteu,2
megahit,2
meetup,2
mealtim,2
meager,2
mayan,2
max,2
matur,2
masterpiec,2
masterclass,2
masego,2
marvelouscran,2
martingarrix,2
marri,2
mari,2
march,2
map,2
maneuv,2
malon,2
malfunct,2
maker,2
majest,2
mainstag,2
mail,2
mah,2
maddec,2
macdemarco,2
lyfe,2
lux,2
lutetia,2
lure,2
luminari,2
luggag,2
luddit,2
loyalti,2
loudest,2
longterm,2
london,2
lj,2
listtil,2
linger,2
lindsay,2
lil,2
lightweight,2
lightn,2
lifesav,2
lifelin,2
lifeblood,2
lieferung,2
liberti,2
lever,2
lesser,2
lens,2
leisur,2
legendari,2
leather,2
laura,2
latent,2
latenc,2
lastli,2
lash,2
largest,2
landmark,2
lakesid,2
lag,2
ladio,2
ladder,2
kostenlosen,2
knock,2
knob,2
knife,2
kit,2
kinemast,2
kindest,2
kinda,2
khz,2
kerstin,2
kauf,2
kanyewest,2
juno,2
juli,2
jukebox,2
juiceworlddd,2
jugglerzradio,2
jugglerz,2
journal,2
jonni,2
johann,2
joe,2
jockey,2
jitteri,2
jinx,2
jetlag,2
japanes,2
japan,2
jamesbarc,2
jakob,2
jailbreak,2
jaden,2
iver,2
ius,2
itspurp,2
itsown,2
item,2
italian,2
iswc,2
isp,2
isn,2
ir,2
introvert,2
intrigu,2
into,2
intertwin,2
intersect,2
interrupt,2
interrog,2
intermedi,2
interdisciplinari,2
intercultur,2
interconnected,2
interconnect,2
interchang,2
interactiontopon,2
intepret,2
intensifi,2
intellexu,2
institut,2
instantan,2
instagramspotifyyoutubesoundcloudfacebook,2
instagramspotifyyoutubefacebooktwitt,2
instafriend,2
insan,2
inklus,2
injuri,2
inject,2
ingest,2
ingeni,2
infinit,2
infam,2
inexhaust,2
inevit,2
individualist,2
indiffer,2
indieshuffl,2
indel,2
incubu,2
incorrectli,2
inconveni,2
inconsist,2
incident,2
incid,2
incarn,2
improvis,2
imprint,2
imper,2
impc,2
impati,2
impair,2
immacul,2
imad,2
ii,2
ihrem,2
ig,2
idol,2
identif,2
icebreak,2
ice,2
hypemachin,2
hyped,2
hurrican,2
hurn,2
humil,2
hum,2
html,2
hound,2
hornoff,2
horizont,2
hord,2
hoop,2
hoodish,2
honour,2
honore,2
honeypot,2
homeland,2
hive,2
highway,2
hight,2
hey,2
hexagon,2
heritag,2
herd,2
her,2
henk,2
held,2
heaven,2
healthili,2
headset,2
headless,2
haul,2
harshest,2
harmoni,2
hardwood,2
hardwir,2
hardest,2
harden,2
hardbal,2
haphazard,2
handwritten,2
hammer,2
hamburg,2
halt,2
halfanorang,2
hair,2
haha,2
hacker,2
guru,2
guitarist,2
guestlist,2
grudg,2
groupmak,2
grohl,2
grishkoff,2
grin,2
grey,2
gravest,2
gratif,2
grammi,2
grain,2
gracious,2
graber,2
goosebump,2
gon,2
glu,2
glover,2
globe,2
gladli,2
gin,2
gimmick,2
giacomott,2
gentli,2
gender,2
gb,2
gaug,2
gameroom,2
galleri,2
gainsbourg,2
gadgetri,2
fuzzi,2
futurist,2
funkmachinel,2
functionstart,2
fume,2
frqnci,2
frontpag,2
frontman,2
frontier,2
fromrearfor,2
frink,2
friendliest,2
fridg,2
frequenzen,2
freestyl,2
freder,2
franchis,2
fragen,2
fraction,2
fox,2
foundat,2
fought,2
foster,2
fortunesio,2
formal,2
forev,2
forese,2
foremost,2
foreground,2
footwork,2
footag,2
foe,2
fmilagro,2
fluxpavilion,2
flute,2
fluidli,2
floor,2
flipsid,2
flawless,2
flatter,2
flash,2
flanneri,2
fkj,2
fixat,2
five,2
fissur,2
fishscalehous,2
firepow,2
filterloop,2
filler,2
fierc,2
fiddel,2
fictiti,2
fest,2
fender,2
fell,2
fee,2
favour,2
fave,2
fauna,2
fathom,2
fasch,2
fanci,2
fals,2
fake,2
faith,2
failur,2
fade,2
factual,2
facebookpag,2
extrovert,2
exterior,2
exquisit,2
exponenti,2
explos,2
explod,2
expertis,2
expert,2
experimentalist,2
excurs,2
evoc,2
evergreen,2
everest,2
euphoria,2
euphor,2
ethnic,2
essay,2
erupt,2
erect,2
eraserland,2
era,2
equat,2
eq,2
entourag,2
entic,2
enemi,2
endur,2
endang,2
encompass,2
enclos,2
enact,2
emotion,2
emoji,2
embark,2
elimin,2
elia,2
elast,2
einer,2
einem,2
ein,2
egypt,2
effervesc,2
ecstat,2
eclect,2
easter,2
earth,2
earnest,2
earbud,2
eachoth,2
dusti,2
dust,2
dublin,2
dsrl,2
drumstick,2
dropbox,2
drone,2
drexel,2
dramat,2
drake,2
dozen,2
downtown,2
dope,2
doom,2
donauinselfest,2
donald,2
domain,2
dogmat,2
dm,2
djtakuhero,2
diversif,2
distrokid,2
distrionofici,2
distinguish,2
distinctli,2
distil,2
dissemin,2
dissatisfact,2
disregard,2
dismember,2
discussion,2
discredit,2
discount,2
discern,2
discard,2
disadvantag,2
dirt,2
dinner,2
diminish,2
dimens,2
dignifi,2
digest,2
dido,2
did,2
diamond,2
diametr,2
dialogu,2
dial,2
devicessecur,2
detaillierten,2
destruct,2
destroy,2
desper,2
designboom,2
demon,2
demarco,2
delici,2
degre,2
defeat,2
decreas,2
decoupl,2
decentr,2
debunk,2
debbi,2
debacl,2
dealt,2
dealmak,2
dealbreak,2
dazzl,2
dave,2
daunt,2
dash,2
darkr,2
danci,2
dancehal,2
danceabl,2
dampen,2
daft,2
curtain,2
cursor,2
currenc,2
curios,2
curfew,2
culinari,2
cuban,2
crystal,2
crush,2
cruis,2
cross,2
critiqu,2
crisp,2
cring,2
crimin,2
crime,2
creep,2
crack,2
cowardli,2
cousin,2
costli,2
corni,2
cop,2
coolest,2
converg,2
contradictori,2
contort,2
contin,2
constraint,2
consecut,2
consciou,2
conscienc,2
connor,2
conjur,2
congratul,2
confin,2
condens,2
conclud,2
concis,2
concertto,2
compos,2
competet,2
commiss,2
commentsth,2
comic,2
comesto,2
combinatori,2
columbu,2
columbian,2
collegi,2
collag,2
cold,2
codepend,2
coat,2
clyphx,2
clumsi,2
clue,2
clockwork,2
clock,2
cloak,2
clip,2
cling,2
climat,2
class,2
clarinet,2
cite,2
circuit,2
cinematographi,2
chunk,2
chuck,2
chronolog,2
christoph,2
choru,2
chore,2
chop,2
choir,2
chisel,2
chile,2
cheeto,2
checkbox,2
charm,2
charlott,2
charger,2
chapter,2
chaotic,2
cellphon,2
cathart,2
catcher,2
catapult,2
carli,2
carefre,2
caracara,2
car,2
capit,2
canva,2
cant,2
candid,2
cancel,2
canal,2
camokrook,2
calendar,2
cafe,2
buzzi,2
buuren,2
butter,2
bulk,2
buget,2
buddi,2
buck,2
brussel,2
bruis,2
broadest,2
britneyspear,2
british,2
brilliantli,2
briefli,2
bribe,2
breakup,2
breakag,2
brandreleas,2
brandon,2
brainfeed,2
brainer,2
bracket,2
bowl,2
bow,2
bother,2
boringth,2
border,2
boot,2
booster,2
boon,2
boo,2
bon,2
bolster,2
bmkltsch,2
blurt,2
bluetooth,2
bloodi,2
blocker,2
blindli,2
blemish,2
blaze,2
blatant,2
blakewebb,2
bite,2
bitch,2
biographi,2
bingo,2
binder,2
bind,2
bilbao,2
bicker,2
bias,2
bewilder,2
beverag,2
benefactor,2
bella,2
behold,2
behaviour,2
behav,2
behalf,2
bee,2
beatl,2
bearabl,2
beam,2
bay,2
bausaoffiziel,2
bathroom,2
batch,2
barkeep,2
bardo,2
barbara,2
banner,2
banger,2
bane,2
bandwidth,2
bandwagon,2
ballgam,2
balconi,2
badli,2
backyard,2
backward,2
backingtrack,2
backend,2
backbon,2
babi,2
axiom,2
await,2
avocado,2
avid,2
avicii,2
autopilot,2
autonomi,2
autonom,2
autograph,2
authoris,2
attende,2
attack,2
atmopsher,2
athen,2
ate,2
astound,2
astonish,2
assemblag,2
articleyour,2
arrowhead,2
aros,2
armin,2
arego,2
architectur,2
arbutu,2
april,2
appsync,2
appon,2
appmikm,2
appetit,2
appar,2
apesfram,2
anytim,2
anwendung,2
andronicu,2
andrea,2
anchor,2
amsterdam,2
amplif,2
amongst,2
ammunit,2
amic,2
ambassador,2
amazingli,2
amateur,2
alleg,2
allbottommount,2
alkcm,2
aliv,2
alien,2
alert,2
alchemi,2
al,2
akai,2
airplay,2
aircraft,2
airbnb,2
aimless,2
agil,2
affin,2
affili,2
affair,2
adèl,2
adphonia,2
ador,2
ado,2
admittedli,2
admit,2
administ,2
adequ,2
adept,2
adc,2
acquaint,2
accommod,2
acclaim,2
accident,2
abund,2
absorb,2
abroad,2
abov,2
abid,2
abelton,2
박혜진,1
音好きに届け,1
来日,1
今週末,1
今週,1
ワープ新宿,1
ピカデリー梅田,1
デイパーティーでdj,1
ガチ勢,1
に続き,1
ありがとう,1
übersetzt,1
édition,1
zrostvfx,1
zip,1
yuck,1
yen,1
xkitomus,1
wünschen,1
wunderkind,1
workeri,1
woon,1
wist,1
wiredwir,1
wird,1
willingli,1
wienemail,1
whose,1
whoever,1
whine,1
whatsapp,1
wezol,1
wenn,1
weis,1
weigh,1
weich,1
wednesday,1
wed,1
webpag,1
wd,1
warrant,1
wap,1
wallpap,1
waiver,1
wail,1
wahl,1
wa,1
vulner,1
vox,1
void,1
violat,1
viabil,1
vest,1
verzichten,1
vertrauen,1
verspril,1
versand,1
verleiht,1
verlassen,1
verificationaft,1
verif,1
velcro,1
vato,1
variousrepres,1
valentina,1
valentin,1
usehttp,1
upstat,1
upright,1
upheav,1
upbring,1
unrestrict,1
unproduct,1
uninstal,1
unfamiliar,1
unenforc,1
understim,1
underneath,1
unavail,1
unauthor,1
unambigu,1
unabashedli,1
umfasst,1
ultratun,1
uk,1
uber,1
typingocr,1
tw,1
tuner,1
trr,1
tron,1
tripher,1
trim,1
tribe,1
treatment,1
transpir,1
transparenten,1
trailer,1
tragen,1
tragekomfort,1
traffic,1
tout,1
touchdown,1
tou,1
topachat,1
tontechnikern,1
tonprofi,1
tokyo,1
toddler,1
tobia,1
tired,1
tighter,1
tiefst,1
tief,1
tide,1
thrust,1
thru,1
thirdli,1
theori,1
testament,1
terminolog,1
tereshkova,1
teresa,1
tempt,1
telephoto,1
telephon,1
teach,1
talentueux,1
tage,1
swiss,1
sweetli,1
sweatshirt,1
suspici,1
supris,1
supporté,1
supplementari,1
supervillain,1
superfici,1
sulki,1
subsidiari,1
studioklang,1
strike,1
storytel,1
stierlin,1
sticker,1
steuer,1
standort,1
ssd,1
srl,1
spinninrecordshttp,1
spin,1
spherelet,1
speedno,1
speedfor,1
specifi,1
soundspher,1
soundcloudvienna,1
soundcloudstockholmsupport,1
soundcloudmontréalproduc,1
soundcloudbellaxkito,1
sophist,1
somet,1
solang,1
soar,1
smoovin,1
smoothen,1
smile,1
sm,1
slim,1
slice,1
skibsbi,1
sketchbook,1
sitz,1
simplest,1
signifi,1
sie,1
sicheren,1
sibeliu,1
sia,1
si,1
shure,1
shorten,1
shopper,1
shell,1
shazam,1
sharingenjoy,1
shareoffic,1
servicemak,1
servicehav,1
servicedi,1
seri,1
septemb,1
seoul,1
sensor,1
sein,1
secretari,1
secondari,1
seamless,1
script,1
scour,1
scope,1
scientif,1
scheint,1
sarah,1
santelimus,1
santa,1
samsung,1
same,1
révélation,1
rt,1
rovi,1
rotat,1
rosalía,1
roman,1
rollerskat,1
roller,1
robintayg,1
rivalri,1
rita,1
rinogrip,1
richtig,1
rhye,1
rgb,1
revolutionari,1
revolution,1
revis,1
retransmiss,1
retent,1
resist,1
resid,1
resel,1
replic,1
replet,1
reorgan,1
rendit,1
remedi,1
remark,1
reih,1
referenzstatu,1
reeperbahn,1
redirect,1
red,1
recur,1
recit,1
recipi,1
rebecca,1
realtalk,1
reactiv,1
rcrd,1
ration,1
rapidli,1
rap,1
ramo,1
rainbow,1
railroad,1
radic,1
quintino,1
querer,1
queen,1
qualityauto,1
qualifi,1
puriti,1
publicli,1
psycholog,1
psk,1
pseudonym,1
pscc,1
prädestinieren,1
prosecut,1
prore,1
prorat,1
promptli,1
professionel,1
professionalmus,1
proactiv,1
pritzgaff,1
printyou,1
pride,1
prescript,1
prescrib,1
premièr,1
predict,1
predecessor,1
ppl,1
pour,1
poster,1
possess,1
portland,1
popul,1
poni,1
policyw,1
policyhttp,1
plc,1
plaza,1
play予定,1
playされました,1
playchild,1
plausibl,1
platz,1
platformsfuga,1
plage,1
pillowi,1
pickier,1
physiolog,1
photospremium,1
phil,1
persever,1
perhap,1
percuss,1
perciev,1
pennyperson,1
pendant,1
pencil,1
peel,1
pdf,1
pbc,1
paul,1
pasta,1
partli,1
parisiorum,1
paraphras,1
parallel,1
paig,1
pad,1
overridden,1
overrid,1
overestim,1
optic,1
oppermannthank,1
ooyala,1
onset,1
oncl,1
ohrmuscheln,1
ohn,1
nyc,1
nvme,1
numb,1
notwithstand,1
nottingham,1
notr,1
notam,1
nostalg,1
nikolaj,1
nielsen,1
nicht,1
newli,1
newest,1
neve,1
neumann,1
neufundland,1
neither,1
neben,1
nearbi,1
naturalist,1
nach,1
mühevol,1
musikproduzenten,1
musikalisch,1
musichttp,1
multilingu,1
motor,1
moritz,1
moretaken,1
morese,1
moreportland,1
moremax,1
morejust,1
moregvsb,1
moredirect,1
morea,1
morandi,1
montreal,1
monkeytown,1
moi,1
misus,1
mismatch,1
mirrorless,1
miracl,1
milo,1
mike,1
microblog,1
michigan,1
michel,1
mf,1
metropol,1
membership,1
melancholi,1
medvedovpl,1
meantim,1
mde,1
mcmahan,1
mayrvfx,1
maximium,1
maximal,1
mathieu,1
materialien,1
marshal,1
marriag,1
maria,1
manufaktur,1
manoeuvr,1
mandat,1
mall,1
majesti,1
mago,1
mag,1
madisonmar,1
löwengass,1
lyricist,1
lvndscape,1
luzia,1
luminel,1
ltd,1
lova,1
lou,1
lotam,1
loss,1
lor,1
loosi,1
login,1
lo,1
literari,1
limbaugh,1
lifetim,1
lifespan,1
lieferzeit,1
liefert,1
liciou,1
liabl,1
len,1
legibl,1
leap,1
laydown,1
lassen,1
langen,1
kygo,1
kostenlos,1
koss,1
kommenden,1
knackig,1
klei,1
klangbild,1
klang,1
killer,1
keyword,1
kevu,1
kelli,1
kazaa,1
kabel,1
justin,1
jurisdict,1
junior,1
jumpi,1
jordan,1
jointli,1
joey,1
jin,1
jesper,1
jeher,1
jazzi,1
jami,1
jahrzehnten,1
jaehn,1
iv,1
isi,1
isaac,1
ironclad,1
invalu,1
invalid,1
intricaci,1
inthank,1
intervent,1
interkom,1
insta,1
insert,1
insecur,1
inkl,1
injur,1
inhabit,1
ing,1
infatu,1
indubit,1
individuel,1
indirectli,1
index,1
incorrect,1
inaccuraci,1
inaccur,1
imprintorigin,1
impedanz,1
illeg,1
il,1
iklip,1
ihren,1
ihn,1
idolour,1
iban,1
hörer,1
häufig,1
häringactress,1
hypothet,1
hye,1
hush,1
humbuck,1
hottest,1
hospit,1
hooki,1
homogen,1
homepag,1
holodeck,1
hohe,1
hog,1
histor,1
hindman,1
hierarchi,1
hexagonhq,1
heroin,1
herein,1
heregorilla,1
herb,1
heinzlac,1
heilbronn,1
height,1
heartbreak,1
headstock,1
header,1
hdr,1
hayden,1
hawthorn,1
haus,1
hat,1
hardwellonair,1
hardwel,1
hardship,1
hardcor,1
harbour,1
handarbeit,1
gvsb,1
guetta,1
guesswork,1
grindwork,1
govern,1
gossip,1
gopro,1
gonzalez,1
glänzen,1
glove,1
gloriou,1
gloomi,1
glimmer,1
gimmickri,1
gif,1
gibt,1
gestalten,1
geschlossen,1
gesamten,1
georgia,1
genießt,1
genet,1
generationscan,1
genau,1
geführt,1
gbmh,1
garantiefäl,1
garageband,1
ganzen,1
galaxi,1
gagn,1
fördert,1
fuss,1
funki,1
fugu,1
fuck,1
ft,1
freshen,1
frequenzbereich,1
frenzi,1
french,1
français,1
fowared,1
forg,1
forfeit,1
forexactli,1
followship,1
focal,1
fn,1
fmic,1
fluster,1
fluiditi,1
fluctuat,1
flip,1
flint,1
flexibilität,1
flee,1
fingerprint,1
fileshar,1
fifti,1
festen,1
fertil,1
feinzeichnung,1
featurestak,1
feasibl,1
fearless,1
fav,1
faulti,1
fat,1
fabian,1
extract,1
exhibit,1
exculp,1
exclaim,1
ewaxfestiv,1
etlich,1
ether,1
et,1
est,1
eric,1
erfahren,1
epic,1
environment,1
enthral,1
ensembl,1
endors,1
elverum,1
eloqua,1
electr,1
el,1
eir,1
einzelteil,1
einseitig,1
einsatz,1
eignet,1
ecospher,1
eccentr,1
earl,1
dörflingerword,1
duplic,1
dscvr,1
druckvol,1
dropgun,1
driver,1
drei,1
drastic,1
drab,1
doubleclick,1
doppelklick,1
dondiablo,1
dolmetsch,1
doingjust,1
doctor,1
dockyard,1
distress,1
distant,1
disquiet,1
discreet,1
discourag,1
discontinu,1
dilemma,1
differenziert,1
dieser,1
dialog,1
diagnost,1
desk,1
dernier,1
depress,1
denn,1
demograph,1
delux,1
dehaz,1
definiert,1
defici,1
defenc,1
deezer,1
deepen,1
deceler,1
dean,1
deaktiviert,1
deactiv,1
db,1
daydreami,1
daubeckmakeup,1
danmarkrecommend,1
daniel,1
dancer,1
dancefloor,1
damböckgass,1
dai,1
daddress,1
cycl,1
cyberpunk,1
customiz,1
cushion,1
curcuit,1
cs,1
craze,1
crappi,1
court,1
couldn,1
cosmo,1
conundrum,1
controversi,1
contend,1
conquer,1
configur,1
confidenti,1
concour,1
comscor,1
compliant,1
compli,1
complaint,1
compatriot,1
compact,1
commonli,1
commentsopen,1
commenc,1
colleg,1
colin,1
coachella,1
claus,1
clap,1
circumv,1
children,1
childhood,1
cet,1
centuri,1
cathedr,1
categoris,1
carousel,1
carlsonnow,1
canon,1
canada,1
bässe,1
bust,1
businesswis,1
bum,1
btw,1
brunthalerdop,1
brunthalercamera,1
bruno,1
broke,1
broadcastanwendungen,1
broadcastanwendern,1
brighter,1
bright,1
breakdown,1
box,1
bout,1
boudari,1
born,1
bonn,1
blurri,1
blur,1
bluekai,1
blowin,1
bloom,1
bless,1
birdsey,1
biofact,1
bilderbuch,1
bietet,1
bieber,1
bic,1
bibi,1
bestow,1
bester,1
bestellwert,1
bereich,1
bent,1
benedict,1
belt,1
beeindruckend,1
bedarf,1
bc,1
bawag,1
bawaatwwfortun,1
basqu,1
banknam,1
bang,1
baltra,1
bakermat,1
bag,1
badass,1
backfir,1
awkward,1
awesomenesseven,1
avg,1
avatar,1
australia,1
ausgenommen,1
auflösung,1
auditor,1
audiovisu,1
aston,1
ascertain,1
artform,1
arrow,1
arrest,1
arm,1
arena,1
archtop,1
arch,1
appsend,1
api,1
apertur,1
aperatur,1
anytimeanywher,1
anxious,1
anwend,1
anthem,1
antagon,1
anonymis,1
annual,1
annot,1
ani,1
angel,1
anatom,1
analytisch,1
analys,1
alter,1
allright,1
alexand,1
alexa,1
albert,1
akustisch,1
aktivieren,1
akkur,1
airtim,1
aficionado,1
aerial,1
advis,1
advert,1
advers,1
adress,1
actress,1
acr,1
acquir,1
achingli,1
accuraci,1
absetzen,1
abridg,1
abovement,1
abmischen,1
abel,1
abbyauditorcamscann,1
abbildung,1
