2019-04-16 18:15:31,"b""First post. My first ever original song as guitarboy! Enjoy, follow, I'll be following back those music homies :)\xe2\x80\xa6 https://t.co/e0Ly2UWWER"""
2019-04-16 13:24:02,"b'""Better than Alice"" by our very own .@JFRocks  ----- Crank it up!!  https://t.co/XAJqEF1x4R\n\n#JFRocks #guitar\xe2\x80\xa6 https://t.co/anqIxgylTM'"
2019-04-16 17:05:44,"b'""Fly Me To The Moon"" -- Improvising From The Chord Changes (2/3) #jazzguitar #jazz #guitar https://t.co/WWTbR1kxbF'"
2019-04-16 13:01:42,"b'""I never practice #guitar I open the case &amp;amp; throw in piece of raw meat"" Wes Montgomery ?\xe2\x80\xa6 https://t.co/NW0byoUCQi'"
2019-04-16 16:20:49,"b'""One thing that matters to me""\nhttps://t.co/I4FVZq21mn \n\n #guitarsdaily #electricguitar #musicians  #guitarists\xe2\x80\xa6 https://t.co/A1KO2IcwGc'"
2019-04-16 16:17:58,"b'""One thing that matters to me""\nhttps://t.co/Uzjq3MWZvV \n\n#musician #musicians #singer #musicproducer #musicvideo\xe2\x80\xa6 https://t.co/K1Oe5joJTP'"
2019-04-16 04:43:30,"b'""Ota Mela"" Music Video will Reach you ... Asp \xe2\x9d\xa4\n#Takecaretamizha \n#Dudezinmadras\n#artistic #guitar #rapper #song\xe2\x80\xa6 https://t.co/pdfHUfJu5y'"
2019-04-16 13:57:30,"b'""Regret"" - finally got round to capturing a much more fitting feel/tempo for this piece #songwriter #acoustic\xe2\x80\xa6 https://t.co/6uydqKwlZD'"
2019-04-16 14:58:38,"b'""why"" music video artist zeytin_official4 #musicproducer #producer #producerlife #guitar #guitarist\xe2\x80\xa6 https://t.co/MKLSOEHUKS'"
2019-04-16 10:43:06,b'[DISCUSSION] David Gilmour / More in here! https://t.co/gM5V4Sryxl #guitar https://t.co/tVW3jVEQ8t'
2019-04-16 00:53:31,"b'[GEAR] NGD - My new, old Jackson RRT-3 / More in here! https://t.co/FpMtrgtKX3 #guitar https://t.co/0n84t4eLRB'"
2019-04-16 03:23:33,b'[GEAR] NGD Gibson Memphis ES-339 Antique Vintage Sunburst / More in here! https://t.co/CMh7WXHaGD #guitar https://t.co/4PDN2vGc9j'
2019-04-16 05:43:56,b'[GEAR] Wanted to show my new guitar rack and gear. / More in here! https://t.co/uIxtYNnMwI #guitar https://t.co/4xvKSKhWQO'
2019-04-16 16:33:44,b'[NEWBIE] [QUESTION] How much of the classic strat sound is lost with HSS config? If any? / More in here!\xe2\x80\xa6 https://t.co/cRZ4Xl7gf0'
2019-04-16 18:08:16,b'[NEWBIE] How to get strumming patterns / More in here! https://t.co/EP8egleXQx #guitar https://t.co/q8E75ooX4Y'
2019-04-16 10:43:07,"b'[NEWBIE] Okay guys,im kinda stuck? Whats next? / More in here! https://t.co/e4pgyjsm9t #guitar https://t.co/mt6Yti0hFg'"
2019-04-16 15:28:45,b'[PLAY] My 70 Year Old Dad Playing His Guitar Still After 55 Years of Practice / More in here!\xe2\x80\xa6 https://t.co/a81XSjWeFO'
2019-04-16 10:43:05,b'[PLAY] Yesterday I didn\xe2\x80\x99t have enough courage to put out music. You guys helped me change that / More in here!\xe2\x80\xa6 https://t.co/Y5yrLV6Fpm'
2019-04-16 04:23:23,b'[Question] Can you play an explorer sitting on the floor or in bed? Are they comfortable? / More in here!\xe2\x80\xa6 https://t.co/vYcuMSHqhE'
2019-04-16 16:33:42,b'[QUESTION] What are some good solos to play? / More in here! https://t.co/dWkFSuZ8gf #guitar https://t.co/3koxlWpzYb'
2019-04-16 15:18:17,b'@JamesHo03148924 @hqt__ @SheilaPierce51 @Tridon1955 @Berthagoodlovin @MBLeib @ChrisNi15810094 @Cray10Angie\xe2\x80\xa6 https://t.co/qBd3VfgNbE'
2019-04-16 03:29:19,"b'@LorraineMusicA , through our experience over the years, we will help you to not only learn the #guitar but also he\xe2\x80\xa6 https://t.co/9vfNdP73DF'"
2019-04-16 01:23:35,b'@LukeBryanOnline @LionelRichie @katyperry y\xe2\x80\x99all need to save Eddie Island!  I want to see more of him on idol!  Ple\xe2\x80\xa6 https://t.co/D7qrRkzhTh'
2019-04-16 15:25:46,b'@MattPeterFry\n\xe3\x83\xbb\xe3\x83\xbb\xe3\x83\xbb\nDaily Instagram pedal pic! H9 twinsies!!! #eventide #eventideh9 #effectspedals #guitar\xe2\x80\xa6 https://t.co/XbQf72ozwp'
2019-04-16 16:55:01,b'@mjh_guitarist is a student at Berklee College of Music and won second place in the blues/rock category in 2017. Li\xe2\x80\xa6 https://t.co/6hQBzTUbbh'
2019-04-16 17:14:32,b'@postmalone - Stay (cover)\n\xe2\x80\xa2\n#PostMalon #Stay #Mantener #Cover #Guitar #Guitarra #Solo #Sing #Cantar #Song #Cancion\xe2\x80\xa6 https://t.co/Mv6Uk8oK9D'
2019-04-15 22:07:09,"b'@squierguitars classic vibe Jazzmaster, now in stock. Vintage style for I my $399.99. #guitar @fender #jazzmaster @\xe2\x80\xa6 https://t.co/AclZOzJ1xD'"
2019-04-15 22:18:37,b'@StudioCrafted @YouTube no its my first #guitar my #original one i just got new #strings and retuned it does sound better :)'
2019-04-15 23:18:52,"b'@The_Real_ShaunJ @randyhutchings Shaun and Randy, I could listen all day!  #guitar  #harmonica'"
2019-04-16 12:16:46,"b'@zappa fact of the day: His most commercially successful album is the 1974 release, Apostrophe #guitar share https://t.co/ESCwKn3WtS'"
2019-04-16 02:45:12,"b'* Artist of The Day *\n.\n.\n.\n------- "" Carlos Santana "" -------\n.\n.\nKeep Learning \xe2\x80\x9cCarlos Santana"" Songs only on \xf0\x9f\x91\x87\xf0\x9f\x91\x87\xe2\x80\xa6 https://t.co/5lFSj7JFVh'"
2019-04-16 11:19:36,"b'*screams in Minion* \xf0\x9f\x98\x84\n\ntherockromania  live @ dailypub , Galati!\n\nPic by cristiannastase \n\n#therockromania #acdc\xe2\x80\xa6 https://t.co/2afkfMZJLW'"
2019-04-16 02:40:15,"b'\xe2\x80\x98Devil Music 6\xe2\x80\x99 by cj renzi \n""You can hide from the devil, but he\'ll always find you."" [I stopped hiding long ago..\xe2\x80\xa6 https://t.co/ia2Z3nHIrd'"
2019-04-16 16:07:52,b'\xe2\x80\x98Lovesick - TYB\xe2\x80\x99 by TYB on #SoundCloud? #np #Lead #Guitar #music https://t.co/LyjO57Kcxc'
2019-04-16 16:25:06,b'\xe2\x80\x9cDancing On My Own\xe2\x80\x9d Robyn/Calum Scott Covered by Nikolina Kiessling \n#singer #singersongwriter #sing #guitar\xe2\x80\xa6 https://t.co/j5Q65hFD43'
2019-04-16 12:00:36,b'\xe2\x80\x9cGuitars have been the obsession of my life. I first picked one up at the age of four and Ive been a guitar junkie\xe2\x80\xa6 https://t.co/Yn89HrXuYn'
2019-04-15 22:56:29,b'\xe2\x80\x9cMy Way\xe2\x80\x9d Releases MAY 1ST as our first single from our new album!! #guitar #bass #drums #vocals #home #recording\xe2\x80\xa6 https://t.co/ACrb6xdQ9w'
2019-04-16 10:43:16,"b'\xe2\x80\x9cYou shoot me down, but I get up.\xe2\x80\x9d ~@Sia \n\xf0\x9f\x8e\xbc hannyncoorchestra \n#music #musician #guitar #tracking #recording\xe2\x80\xa6 https://t.co/ln6iCJhxho'"
2019-04-16 00:29:55,b'\xe2\x98\x95\xef\xb8\x8f\xf0\x9f\x8e\xb6\xf0\x9f\x8e\xb8\xf0\x9f\x99\x8f Grateful \xf0\x9f\x99\x8f\n\xe2\x80\xa2\n\xe2\x80\xa2\n\xe2\x80\xa2\n\n#kentylove #volveraprobar #musiclover #coffeelover #cafeina #sunset #sun #guitar\xe2\x80\xa6 https://t.co/GhMwDBzCwY'
2019-04-16 04:22:37,"b'\xe2\x99\xab ""And now woods are burning..."" \xe2\x99\xab\n\nEnding section from Opeth - Harlequin Forest.\n#guitarcover #guitar #opeth\xe2\x80\xa6 https://t.co/HpBlRNSciZ'"
2019-04-15 23:55:18,b'\xe2\x99\xab Wit+Rhythm John Pizzarelli @ItsThePizz Reviewed perform 12/16 https://t.co/rmDB1FskLm #jazz #guitar #songbook https://t.co/zeB7RXOEt5'
2019-04-16 07:31:16,"b'\xe2\x9d\xa4\xef\xb8\x8f\xf0\x9f\x8e\xa7\xf0\x9f\x8e\xb8\xf0\x9f\x8e\xa4\xf0\x9f\x92\x902019 Christian Devotional Song ""How Does One Enter Into the True Prayer"" (Lyrics)\nhttps://t.co/iriltI77qQ\xe2\x80\xa6 https://t.co/mpGCBqSyAL'"
2019-04-15 22:37:11,b'\xe2\x9d\xa4\xef\xb8\x8fTHANK YOU WINNIPEG \xe2\x9d\xa4\xef\xb8\x8f\xf0\x9f\x9b\x81#winnipeg #manitoba #pyramidcabaret #danceparty #hiddengemsandtheloveofanother\xe2\x80\xa6 https://t.co/NhIs7TkJAL'
2019-04-16 15:04:26,b'\xf0\x9d\x90\x98\xf0\x9d\x90\xa8\xf0\x9d\x90\xae\xf0\x9d\x90\xab\n\n#nkguitars #newaxe #headless #newguitar #djentlemen #metal #metalcore #guitar #guitarporn https://t.co/9LQZ5f7xHO'
2019-04-16 14:58:21,b'\xf0\x9f\x8e\xbc Looking for a relaxing event to attend next week after your well-deserved Easter break? The @mermaidarts Centre i\xe2\x80\xa6 https://t.co/RmmJzRbnNH'
2019-04-16 15:23:01,b'\xf0\x9f\x94\x8aAMPLIFIER-LOUDSPEAKERS RELATIONSHIP\xf0\x9f\x8c\x9f#india #newdelhi #mumbai #aesorg #loudspeakers #speakers #proaudio #prosound\xe2\x80\xa6 https://t.co/KA4qrMiZlj'
2019-04-16 10:02:25,b'\xf0\x9f\x94\xa5\xe2\x9a\x94\xef\xb8\x8fGame Of Thrones\xe2\x9a\x94\xef\xb8\x8f\xf0\x9f\x94\xa5 (Guitar Cover)\n\xe2\x80\xa2 \n\xe2\x80\xa2\n\xe2\x80\xa2 \n\xf0\x9f\x94\xbaVIDEO COMPLETO EN LA BIO\xf0\x9f\x94\xba\n@Djawadi_Ramin gameofthrones #got\xe2\x80\xa6 https://t.co/i9DP4qQTG1'
2019-04-16 17:37:08,b'\xf0\x9f\x95\x99TIME IS OUT\xf0\x9f\x95\x99\nhttps://t.co/Ef7EEAaYOO\n\xe2\xac\x86\xef\xb8\x8f\xe2\xac\x86\xef\xb8\x8f\xe2\xac\x86\xef\xb8\x8f\xe2\xac\x86\xef\xb8\x8f\xe2\xac\x86\xef\xb8\x8f\n#newmusic #music #newalbum #album #piano #vocal #guitar #synth\xe2\x80\xa6 https://t.co/xyuGXf5Mw1'
2019-04-16 11:54:05,b'#\xec\x94\xa8\xec\x97\x94\xeb\xb8\x94\xeb\xa3\xa8 #CNBLUE #\xec\xa0\x95\xec\x9a\xa9\xed\x99\x94 #YongHwa #\xec\x9d\xb4\xec\xa0\x95\xec\x8b\xa0 #JungShin #guitar #vocal #bass #Kpop #Krock #Kband #music #love #brother\xe2\x80\xa6 https://t.co/CrPEpZQomu'
2019-04-16 17:36:23,b'#\xec\x94\xa8\xec\x97\x94\xeb\xb8\x94\xeb\xa3\xa8 #CNBLUE #\xec\xa0\x95\xec\x9a\xa9\xed\x99\x94 #YongHwa #\xec\x9d\xb4\xec\xa0\x95\xec\x8b\xa0 #JungShin #guitar #vocal #bass #Kpop #Krock #Kband #music #love #brother\xe2\x80\xa6 https://t.co/CXnaFF7sRV'
2019-04-16 05:59:53,b'#Arie on #guitar in #postbesoyen\n\xf0\x9f\x93\xb7 #sandraleijtensphotography .\n.\n#gretsch #peavey #hellyeah #outlawcountry\xe2\x80\xa6 https://t.co/viV1EqLKak'
2019-04-16 12:39:01,b'#Buckethead #Bucketheadland #Guitar #pikes #StacySunsleeper go check out joshslunkguitar and his youtube channel if\xe2\x80\xa6 https://t.co/cxS6Qfl220'
2019-04-15 22:37:03,b'#ClassicalGuitarist #HeikeMatthiesen is compiling a database of #GuitarCompositions written by #WomenComposers Here\xe2\x80\xa6 https://t.co/TvpDFnHcvh'
2019-04-16 12:05:48,b'#Enter to #Win 1 of 5 Bumpboxx Freestyle V3S Boomboxes!\n\nhttps://t.co/Nycfe4FOyJ \xe2\x80\xa6 #RT #ReTweet #Contest #Giveaway\xe2\x80\xa6 https://t.co/NRqO9cSliP'
2019-04-16 12:06:39,"b'#Enter to #Win a  Luna Cutaway A/E Guitar, a Concert Ukulele, &amp; a Luna Cajon. #RT #ReTweet #Contest #Giveaway\xe2\x80\xa6 https://t.co/S7p4kEcGTN'"
2019-04-16 11:57:21,b'#Enter to #Win a Fender Classic Player Jazzmaster!\n\nhttps://t.co/0Vv9n76yvT       #RT #ReTweet #Contest #Giveaway\xe2\x80\xa6 https://t.co/TyBAf903bA'
2019-04-16 12:01:14,b'#Enter to #Win a Fender Classic Player Jazzmaster!\n\nhttps://t.co/0Vv9n76yvT     #RT #ReTweet #Contest #Giveaway\xe2\x80\xa6 https://t.co/dRRaE9PcQN'
2019-04-16 11:58:52,"b'#Enter to #Win a Grand Concert Cutaway A/E Guitar, a Concert Ukulele, &amp; a  Cajon!  #RT #ReTweet #Contest #Giveaway\xe2\x80\xa6 https://t.co/KzAaMLpd9B'"
2019-04-16 11:59:45,b'#Enter to #Win a Spector Legend 4 Classic Bass Guitar &amp; a 500-Watt Blackstar  Bass Amp! \n\nhttps://t.co/nXA0I9TWvL\xe2\x80\xa6 https://t.co/PAFl2B2SoI'
2019-04-16 12:06:59,b'#Enter to #Win a Spector Legend 4 Classic Bass Guitar &amp; a 500-Watt Blackstar  Bass Amp! \n\nhttps://t.co/nXA0I9TWvL\xe2\x80\xa6 https://t.co/r9M5wnQdyD'
2019-04-16 11:57:48,b'#Enter to #Win a Wine Red Speedster From Traveler Guitar!\n\nhttps://t.co/wCkjqrCIa3 #RT #ReTweet #Contest #Giveaway\xe2\x80\xa6 https://t.co/64aSip31wy'
2019-04-16 12:01:42,b'#Enter to #Win a Wine Red Speedster From Traveler Guitar!\n\nhttps://t.co/wCkjqrCIa3 #RT #ReTweet #Contest #Giveaway\xe2\x80\xa6 https://t.co/MiOV2DtVpw'
2019-04-16 12:06:10,b'#Enter to #Win the Hercules Outfit Your Band Sweepstakes! \n\nhttps://t.co/4mJM00a4zX   #RT #ReTweet #Contest\xe2\x80\xa6 https://t.co/szQWdiVexB'
2019-04-16 11:56:57,b'#Enter to #Win the Mackie Thump 15 BST Powered Loudspeakers Giveaway!\n\n https://t.co/m56oPq9DRW     #RT #ReTweet\xe2\x80\xa6 https://t.co/xUjRJHWwlz'
2019-04-16 12:08:16,b'#Enter to #Win the Mackie Thump 15 BST Powered Loudspeakers Giveaway!\n\nhttps://t.co/m56oPq9DRW       #RT #ReTweet\xe2\x80\xa6 https://t.co/wyWTHuVMHg'
2019-04-16 17:00:06,b'#Europe there\xe2\x80\x99s a Fever coming your way!\xf0\x9f\xa4\x98\n#fever333 #rock #music #metal #rockstar #hardrock #headbanger #metalhead\xe2\x80\xa6 https://t.co/bQdz3RvrWT'
2019-04-16 14:48:03,b'#gdcsumbal\nCollege Practice\nMusic Time....\n@gdcsumbal \n@gdc_sumbal_music\n#RsoBaby \n#RsoProductions\xe2\x80\xa6 https://t.co/0PuK9LRMN2'
2019-04-16 14:59:41,b'#guitar #germanium #fuzz #rare edition. With ex-USSR military #transistors 50+ y a https://t.co/WWz6f8I8BK'
2019-04-16 15:45:07,b'#guitar challenge. Post your best original @pinkfloyd Comfortably Numb solo.  No Covers! Write your own. Bonus poin\xe2\x80\xa6 https://t.co/8nyQdV2uwO'
2019-04-16 04:23:21,b'#guitar heaven at #mojammondays @nectarlounge week 271 featuring @rlheyer! https://t.co/DAmNwwc0Ys'
2019-04-16 02:58:57,b'#Guitar Inlay Books and Resources https://t.co/uK2KvSQaVH #guitarrepair'
2019-04-16 04:10:20,b'#Gypsykings #guitar tristapena  \xf0\x9f\x8e\xb8 beginner with singing !!!! https://t.co/RicaFnRpfm via @YouTube'
2019-04-16 05:19:28,"b'#harmonica #whistling #guitar ""Being a #Jazz musician is not a rose garden!"" - Toots Thielemans \xe2\x80\xa2\xe2\x80\xa6 https://t.co/3TuuG4CB9H'"
2019-04-16 13:29:53,b'#ibelieve in #miracles ... love this tune! #guitar #picking #onfleek https://t.co/a0Qs0h0Xwf'
2019-04-16 13:43:19,b'#jam #session \n\n#guitarist and #leading #guitar \n#keyboardist and #keyboard \n#bassist and #bassguitar \n\nBook on 084\xe2\x80\xa6 https://t.co/0OBkYQOgig'
2019-04-16 05:59:10,"b'#jazz #blues #guitar #voice ""You\'re going to sound like the people you listen to."" - Robben Ford'"
2019-04-16 14:22:06,b'#keepingitsimple just some #oldfashioned #rock #guitar played by @mikestrat58 on his @gibsonguitar #lespaul #custom https://t.co/ZPBSOuTzQz'
2019-04-16 14:21:17,b'#keepingitsimple just some #oldfashioned #rock #guitar played by @MikeydeJager on his @gibsonguitar #lespaul\xe2\x80\xa6 https://t.co/pdoWJUM6j2'
2019-04-16 10:04:36,b'#latepost visitin customer for #washburn #guitar repair #cipayung #ciawi #puncak #bengkelgitarhade #servisgitar\xe2\x80\xa6 https://t.co/DlBPkgxPJf'
2019-04-16 10:04:38,b'#latepost visiting customer #tagliare #guitar repair #cipayung #ciawi #puncak #bengkelgitarhade #servisgitar\xe2\x80\xa6 https://t.co/cL0AsKwmXn'
2019-04-16 14:08:46,"b'#LesPaul #Guitar creator fact:In 1949, he married Mary Ford in Milwaukee #Quote #Fact https://t.co/iB2kdvKViy'"
2019-04-16 17:52:46,"b'#LesPaul #Guitar creator fact:When he was 10, ht put together a small orchestra #Quote #Fact https://t.co/l0uFAe3FuK'"
2019-04-16 04:26:51,b'#LRONHUBBARD #MrRogers #Outerspace #singersongwriter #pop #indie #alternativerock #livemusic #acoustic #folk\xe2\x80\xa6 https://t.co/BCxE6UoJit'
2019-04-16 06:19:05,b'#mojamondays #mojamisyojam #seattle #musicians\n@rlheyer &amp; @guiltytyler on #guitar.\n@lindsay_caron on #vocals!\xe2\x80\xa6 https://t.co/y0ePNvQoLz'
2019-04-16 11:18:02,b'#Music is what you notice when it\xe2\x80\x99s no longer in your presence\xe2\x80\xa6 \xe2\x88\x9e  Pat Metheny #jazz #guitar #quotes #quote'
2019-04-16 00:52:07,b'#MusicMondays - #8 - \xe2\x80\x9cOcean Avenue\xe2\x80\x9d - Yellowcard (drum cover) \n\xe2\x80\x94\xe2\x80\x94 How\xe2\x80\x99s this for a throwback? \n.\n.\n.\n.\n#music\xe2\x80\xa6 https://t.co/VxRqFGgsUz'
2019-04-16 03:42:56,b'#MusicMondays - #8 - \xe2\x80\x9cOcean Avenue\xe2\x80\x9d - Yellowcard\n\xe2\x80\x94\xe2\x80\x94 How\xe2\x80\x99s this for a throwback? Put a little bit of my own chops in\xe2\x80\xa6 https://t.co/KpwFYLaRKX'
2019-04-16 05:00:00,b'#MustRead\nCould a #guitar chord progression save you from death at the jaws of an AI beast? \nThis and much more in\xe2\x80\xa6 https://t.co/4h8Ur943nl'
2019-04-16 10:46:23,b'#ngr #power #Supply #powersupply\n#guitar #effects #effectspedals #stompboxes #pedal\n\nDescription\n\nNRG Pedal Power S\xe2\x80\xa6 https://t.co/aZw9uDQgY3'
2019-04-16 15:32:57,b'#Nikisaga #strap Ready guysss\n.\n.\n.\n#senar #cbmmusik #gitar #jualpick #senaroriginal #pickoriginal #guitar\xe2\x80\xa6 https://t.co/sh1bDntCxM'
2019-04-15 23:41:11,b'#NowListening No Day But Today / Jun Izumi (voice) and Yuto Kanazawa (guitar) #jazz #vocaljazz #voice #guitar\xe2\x80\xa6 https://t.co/zcLtclHoBh'
2019-04-16 13:05:20,b'#NowPlaying Flying in a Blue Dream (Piano &amp; Guitar Instrumentals) \nhttps://t.co/v5bmkOVpkC #piano #guitar\xe2\x80\xa6 https://t.co/XZFvVSd1ua'
2019-04-16 11:58:43,b'#NowPlaying https://t.co/3GFMFviREk Play Along Series Cool &amp; Ballad 01-3 170321 [jK7] #guitar #unsigned'
2019-04-16 01:21:43,b'#NowPlaying https://t.co/3GFMFviREk Play Along Series Only Jazz 01-3 170313 [jIc] #guitar #unsigned'
2019-04-15 23:22:20,b'#NowPlaying https://t.co/3GFMFviREk Play Along Series Only Jazz 02-1 170315 [jId] #guitar #unsigned'
2019-04-16 14:00:47,b'#NowPlaying https://t.co/3GFMFviREk Play Along Series Pop 01-1 170316 [jIg] #guitar #unsigned'
2019-04-16 03:21:47,b'#NowPlaying https://t.co/3GFMFviREk Play Along Series Pop 01-3 170316 [jIi] #guitar #unsigned'
2019-04-16 09:58:59,b'#NowPlaying https://t.co/3GFMFviREk Play Along Series Reggae 01-3 170319 [jIl] #guitar #unsigned'
2019-04-16 06:10:32,b'#NowPlaying https://t.co/3GFMFviREk Unplugged Rehearsal Series 14042015 B [j9h] #guitar #unsigned'
2019-04-16 12:54:25,b'#NowPlaying https://t.co/3GFMFviREk Unplugged Rehearsal Series 16092015 [mpw] #guitar #unsigned'
2019-04-16 10:49:01,b'#NowPlaying https://t.co/3GFMFviREk Unplugged Rehearsal Series 16112015 [mtN] #guitar #unsigned'
2019-04-16 08:34:17,b'#NowPlaying https://t.co/3GFMFviREk Unplugged Rehearsal Series 18112015 [mtO] #guitar #unsigned'
2019-04-16 07:04:54,b'#NowPlaying https://t.co/3GFMFviREk Unplugged Rehearsal Series 20042015 [jVT] #guitar #unsigned'
2019-04-16 02:16:05,b'#NowPlaying https://t.co/3GFMFviREk Unplugged Rehearsal Series 25062015 [lOO] #guitar #unsigned'
2019-04-16 04:57:30,b'#NowPlaying https://t.co/3GFMFviREk Unplugged Rehearsal Series Opus 285 [pOk] #guitar #unsigned'
2019-04-16 00:29:04,b'#NowPlaying https://t.co/3GFMFviREk Unplugged Rehearsal Series Opus 288 [pOK] #guitar #unsigned'
2019-04-16 04:08:09,b'#NowPlaying https://t.co/3GFMFviREk Unplugged Reherasal Series 22012016 [nn4] #guitar #unsigned'
2019-04-16 11:59:06,b'#NowPlaying On The Perseverance Entertainment Network #Perseverance #Guitar #Goodies #Retweet #PerseveranceEn Your\xe2\x80\xa6 https://t.co/K7mzlkTDR4'
2019-04-15 23:21:13,b'#NowWatching \xe2\x80\x9dWill I?\xe2\x80\x9d x \xe2\x80\x9cNo Day But Today\xe2\x80\x9d from broadway musical RENT dedicated to Jonathan Larson on #YouTube\xe2\x80\xa6 https://t.co/MZLJoCwJ69'
2019-04-16 10:04:25,b'#onprogress restoration project #kaebuguitar #bengkelgitarhade #servisgitar #servisgitardepok #servisgitarbogor\xe2\x80\xa6 https://t.co/LHcXKVTnr2'
2019-04-16 02:11:56,b'#PaulGilbert - #Technical Difficulties #Guitar Cover by #ABIM https://t.co/PkTOkCNYMU via'
2019-04-16 15:45:01,b'#portrait of my always #beautiful @TeresaRus_Art \xf0\x9f\x98\x8a\xf0\x9f\x96\xa4\n\xf0\x9f\x8e\xb8 \n#ilustracion #illustration #guitar #guitarrista #bajo #girl\xe2\x80\xa6 https://t.co/nTZgQVQj91'
2019-04-16 01:13:55,b'#rehearsal #mates today in #noho w @georgelynchofficial &amp; @mattstarrmusic playing drums w us on our #eastcoast\xe2\x80\xa6 https://t.co/wjowkAWpCp'
2019-04-16 11:47:02,b'#Repost @Douglas_Aldrich  \n\xe3\x83\xbb\xe3\x83\xbb\xe3\x83\xbb\nShould be good for tonight in Weert:) thanks to MGear B.V. For the emergency rescue!\xe2\x80\xa6 https://t.co/kqHNKr9aGq'
2019-04-16 11:46:02,b'#Repost @Douglas_Aldrich  \n\xe3\x83\xbb\xe3\x83\xbb\xe3\x83\xbb\nShould be good for tonight in Weert:) thanks to MGear B.V. For the emergency rescue!\xe2\x80\xa6 https://t.co/mGDlieUPjv'
2019-04-16 08:34:27,b'#Repost from musiciansshowcase. Name the artist of this tune!\xf0\x9f\x91\x87\xf0\x9f\x8f\xbb\n\xf0\x9f\x92\xab DM Us to Purchase a Guaranteed Feature!\n.\nVideo B\xe2\x80\xa6 https://t.co/J8dyrtvD8o'
2019-04-16 02:35:22,b'#saveme #aimeemann #guitar #tuturialmaybe #confused Thes is anotha re run I just wanted tu see it agen!! https://t.co/LTlWnN1c9R'
2019-04-16 03:03:05,b'#Slash #guitar #guitarhero #tophat #LesPaul #Marshall #Gibson #idol #cool #MylesKennedy #voice #singer #ToddKerns\xe2\x80\xa6 https://t.co/lyVjmjMgvu'
2019-04-16 03:03:03,b'#Slash #guitar #guitarlegend #tophat #LesPaul #Marshall #Gibson #idol #cool #MylesKennedy #voice #singer #ToddKerns\xe2\x80\xa6 https://t.co/B69ok3n3cJ'
2019-04-16 03:03:08,b'#Slash #guitar #guitarmaster #tophat #LesPaul #Marshall #Gibson #idol #cool #MylesKennedy #voice #singer #ToddKerns\xe2\x80\xa6 https://t.co/O6xNXsfR2p'
2019-04-16 03:03:06,b'#Slash #guitar #riffking #tophat #LesPaul #Marshall #Gibson #idol #cool #MylesKennedy #voice #singer #ToddKerns\xe2\x80\xa6 https://t.co/Px916tQ4rJ'
2019-04-16 03:03:09,b'#Slash #guitar #thebest #tophat #LesPaul #Marshall #Gibson #idol #cool #MylesKennedy #voice #singer #ToddKerns\xe2\x80\xa6 https://t.co/nnHndhWAFV'
2019-04-16 15:01:05,b'#SongCover Dear Life by #AnthonyHamilton\n#iamcoreytucker #singer #musician #coversong #song #tunesday #tuesdaytunes\xe2\x80\xa6 https://t.co/Fz0vjsqHsy'
2019-04-16 12:34:37,b'#studioimpressions proudly.ugly  6string Action \xf0\x9f\x94\xa5#studio #recording #loud #like #newstuffinprogress #guitar https://t.co/rpA6j7zcn0'
2019-04-16 18:05:05,b'#tbt the one and only and amazing @senadagadu \n#nofilter #guitar #music #instavideo #love #song #cover #fender\xe2\x80\xa6 https://t.co/eSWN3GhRbh'
2019-04-16 07:36:33,b'#teletuesday #fender #guitar #bass #ukulele Fender American Elite telecaster thinline https://t.co/tz8seWA9UJ'
2019-04-16 16:06:16,"b'#Teletuesday with my #firstguitar, #Penta.\n#telecaster #guitar https://t.co/zPc5LCu2Or'"
2019-04-16 08:46:04,"b'#Wear and #tear. #Loving becoming #reaquainted with the #guitar that I #learnt to play on. Had ""Charlie"" since I wa\xe2\x80\xa6 https://t.co/YTpHchowDp'"
2019-04-16 16:21:22,"b'$90,000 for 3 houses guitars, I want themmmmmm \xf0\x9f\x92\xb5\xf0\x9f\x92\xb5\xf0\x9f\x92\xb8\xf0\x9f\x92\xb8 #GameOfThrones #fender #guitar https://t.co/iPCfsk2hXj'"
2019-04-16 04:12:18,"b'04.15.2019:  Aesthetic Descriptions of The Body of Empathy\xe2\x80\x94 Part 1, #60pushups, #60situps, and 1 hour of practicing\xe2\x80\xa6 https://t.co/V7YzMFHCVY'"
2019-04-16 02:57:29,b'1 more for 500!\n\n#musician #music #singer #artist #guitar #songwriter #love #hiphop #producer #guitarist #musicians\xe2\x80\xa6 https://t.co/KeTGGRBsGD'
2019-04-16 16:52:28,b'15 Easy #Guitar #Licks That Increase in Level of Difficulty  https://t.co/NztiSY9dlu'
2019-04-16 16:01:32,b'1952 @Fender #Telecaster  Lenny Kravitz Collection #guitar https://t.co/6tdsomf6V7'
2019-04-16 16:33:58,b'1968 @Fender Thinline #Telecaster #guitar https://t.co/fm4Gna8xpX'
2019-04-16 13:20:00,b'2 Position Guitar Scale System \xe2\x80\x93 Scales and Arpeggios https://t.co/UTBCBhs3gE #guitar #guitarist #guitarlessons\xe2\x80\xa6 https://t.co/CKFYZtTtYH'
2019-04-16 09:35:50,"b'2/2 Improvisation, then my version of the Russian folk song \xe2\x80\x98Dark Eyes\xe2\x80\x99, from my recent recital at Brighton Unitari\xe2\x80\xa6 https://t.co/foOjy11CW2'"
2019-04-16 15:10:00,b'50 Guitar Hacks for the Advancing Guitarist https://t.co/vv8sZImPLE #guitar #guitarist #guitarlessons #guitarplayer\xe2\x80\xa6 https://t.co/x9gZn6LEbn'
2019-04-16 13:40:00,b'50 More Guitar Hacks for the Thinking Man\xe2\x80\x99s Guitarist https://t.co/T9QN1ZNF9I #guitar #guitarist #guitarlessons\xe2\x80\xa6 https://t.co/gASNApHTn6'
2019-04-16 14:36:33,b'6 Ways To Utilize Your Acoustic Guitar To Its Full Potential\xc2\xa0 https://t.co/uRcxjTk7gt\xc2\xa0 \xc2\xa0#worshipleader\xc2\xa0 #worship\xc2\xa0\xe2\x80\xa6 https://t.co/PcjQUBcRor'
2019-04-16 16:31:31,b'A #great #memory #playing #guitar #live #onstage with #mexican #popstar @belindapop \xf0\x9f\x94\xa5 https://t.co/gh7kKFlA9K'
2019-04-16 01:12:57,b'A #Moment... @ 9:05pm\n\n#BuddyGuy\n\nSide of stage with loyal #guitar tech #ChrisBynum \n\n#Buddy at #Bluesfest 2017\n\nTh\xe2\x80\xa6 https://t.co/gmfLq8E9Yf'
2019-04-16 13:54:32,b'A bit of blues noodling on my resonator before I continue my spring cleaning adventure.  #blues #slideguitar\xe2\x80\xa6 https://t.co/3puixTBFTd'
2019-04-16 07:34:12,b'A bit of Latin &amp; Jazz in Black and White! \xf0\x9f\x87\xbb\xf0\x9f\x87\xaaUn poco de Latino y de Jazz en Blanco y Negro\n#orlandomolinamusic\xe2\x80\xa6 https://t.co/kvpadSvpzY'
2019-04-16 09:48:02,b'A card request received to celebrate a son in laws #birthday.Was so pleased how the  #guitar turned out on this car\xe2\x80\xa6 https://t.co/CMnQdvbM5N'
2019-04-16 06:51:08,b'A Collection Of Fender Stratocaster Guitars! \xf0\x9f\x8e\xb8\n\n#fender #stratocaster #guitar #electricguitar #guitarist\xe2\x80\xa6 https://t.co/Kdai8HBmj5'
2019-04-16 03:16:01,b'A dove with an olive branch in its mouth was used as a sign to Noah. A sign that basically said all of his troubles\xe2\x80\xa6 https://t.co/fKhD5g3ZDy'
2019-04-16 15:06:16,b'A happy Snap Dragon customer...\xf0\x9f\x91\x8d\xf0\x9f\x8f\xbb\n#minitraxe #snapdragonminktraxe \n\nPosted withrepost \xe2\x80\xa2 @olivercthomas Have folding\xe2\x80\xa6 https://t.co/i03Jq59CvU'
2019-04-16 14:44:26,b'A hardware make over for a Gibson firebird. Now it\xe2\x80\x99s rocking a maestro vibrola! The neck angle on the 2017 model is\xe2\x80\xa6 https://t.co/yqmzLtnTcn'
2019-04-16 07:13:33,b'a little  skit!\n#liebe #munich #m\xc3\xbcnchen #pickupjazz #independentmusic #musikliebe #hiphopm\xc3\xbcnchen #funk #guitar\xe2\x80\xa6 https://t.co/qnaYlAxNax'
2019-04-16 01:34:22,b'A little \xe2\x80\x9cVance Joy.\xe2\x80\x9d \xf0\x9f\x8f\x84\xf0\x9f\x8f\xbd\xe2\x80\x8d\xe2\x99\x80\xef\xb8\x8f\xf0\x9f\x8c\x8a #MusicalMonday #Riptide #vancejoy #acousticguitar #strummin #mondaymood #favorite\xe2\x80\xa6 https://t.co/YojrxHYd1b'
2019-04-16 12:20:56,b'A little latin beat. Enjoy your day!!!\n\xe2\x80\xa2\n\xe2\x80\xa2\n\xe2\x80\xa2\n#guitar #archtop #jazz #jazzguitar #jazzmusician #guitarra\xe2\x80\xa6 https://t.co/gvc24LRPVJ'
2019-04-16 00:27:44,b'A new chapter in my life begins now @VickisDream \xf0\x9f\x92\x80\xf0\x9f\xa5\x80Distort #hardcore #hardcoremusic #punk #punkmelodic #classicpunk\xe2\x80\xa6 https://t.co/CCkpW5Nzw4'
2019-04-16 10:24:46,b'about @MarkKnopfler: his main device was a Dan Armstong Orange Squeezer \nLike #guitar? \xf0\x9f\x8e\xa4 share me https://t.co/9gRTCN7sRW'
2019-04-16 16:00:46,b'about @zappa Every year the German town on Bad Doberan hosts the Zappanale where only Frank\xe2\x80\x99s music is performed\xe2\x80\xa6 https://t.co/UfqkHUmXTf'
2019-04-16 16:29:30,"b'Acoustic @TaylorGuitars all tuned up, @shure mics plugged in and The @Boxtones trio are ready to perform tonight at\xe2\x80\xa6 https://t.co/4vufBQ8XCi'"
2019-04-16 08:20:17,b'Acoustic Beatboxing?! \xf0\x9f\x98\x82 I was rehearsing a cover of a song that will be out on Soundcloud and hopefully YouTube soo\xe2\x80\xa6 https://t.co/3CCgUdvDbq'
2019-04-16 16:33:43,b'Acoustic Martin and Company at MANNY BROWNS ON SOUTH STREET.\nApril 19 south st phila 9pm  #GIG #fun #band #concert\xe2\x80\xa6 https://t.co/9RTdeP7WnS'
2019-04-16 10:22:10,b'Add \xe2\x80\x98Stepping Stone\xe2\x80\x99 to your playlist... https://t.co/BzvYc1ucJ7 #spotify #playlist #indie #pop #music #songwriter\xe2\x80\xa6 https://t.co/B3rgsIDezv'
2019-04-16 00:26:30,b'Airyware Tuner 1.17 Release Candidate for Android now available https://t.co/9T0suqASwk\nTry new features before the\xe2\x80\xa6 https://t.co/CNI9CE3irU'
2019-04-16 13:03:10,b'Albatross Lesson 1: Cover Demo  - Fleetwood Mac Peter Green - Guitar Lesson Tutorial (ST-379) #guitar https://t.co/YDfejjjupX'
2019-04-16 12:18:30,"b'Album Of Covers (Part.2)\nBlues Rock Songs!\n\n""Covers: Nothing But... --Side Bit Of Rock--""\n CREOFUGA:\xe2\x80\xa6 https://t.co/lag5ju7I1S'"
2019-04-16 02:55:31,"b'ALL YOU SEXY MUSIC LOVERS!\nThank You, we love you!\n#musician #music #singer #artist #guitar #songwriter #love\xe2\x80\xa6 https://t.co/m9VTVqqMMn'"
2019-04-16 14:53:02,b'Allan Holdsworth - All Night Wrong (2002) https://t.co/9C55xuEf2Q #jazz #guitar #genius #rip #legend #rock #funk'
2019-04-16 16:11:00,b'Allan Holdsworth \xe2\x80\x93 A Guitarist\xe2\x80\x99s Guide https://t.co/pcah1SpG4l #guitar #guitarist #guitarlessons #guitarplayer\xe2\x80\xa6 https://t.co/7Gpbd6MZbp'
2019-04-16 15:32:34,b'Almost ready! #strasbourg #cathedral  #alkemia #concert #guitar #making #bastien #burlot #luthier #france #french\xe2\x80\xa6 https://t.co/R8ZVZyxJTO'
2019-04-16 17:30:18,b'Always wanted to play guitar like a real glam rocker? We\xe2\x80\x99ll slowly but surely inspire you to go from zero to glam-r\xe2\x80\xa6 https://t.co/okfFen0tQY'
2019-04-16 11:32:11,b'Am I a guitarist or a musician...the dangers of limiting monikers...\n.\n.\n.\n#ChristopherCarrion #guitarist\xe2\x80\xa6 https://t.co/GVBCBKm7oC'
2019-04-16 07:45:57,b'Amazing black snakeskin finish on this Duesenberg guitar.  I must get some leather to make a matching strap. (Fake\xe2\x80\xa6 https://t.co/rWul9jTpde'
2019-04-16 15:45:44,b'Amazing composition and it gets even better with this jam. Definitely worth a share.\n\nHave a nice evening :-)\xe2\x80\xa6 https://t.co/IwM1wlXCUI'
2019-04-16 10:49:45,b'Amazing photography from @Tyleigh_ of our set at The Lincoln Imp! \xf0\x9f\xa4\x98\xf0\x9f\x8f\xbc \n\n#gig #livemusic #liveband #rockband\xe2\x80\xa6 https://t.co/FTXdosU4CH'
2019-04-16 13:14:30,"b'AMPLIFIED HEAT - Three Links Deep Ellum, Dallas, TX - Sat. June 1st\n\nDUEL - Barracuda, Austin, TX - Sat. April 20th\xe2\x80\xa6 https://t.co/IAc0WJRZLx'"
2019-04-16 07:46:21,"b'An absolutely amazing review of my debut album Athaza by @ProgMagazineUK\n\nFrom the bottom of my heart, thank you\xe2\x80\xa6 https://t.co/ZcIKBTWjLW'"
2019-04-16 04:56:57,b'Ananya and swar sadhana present Guitar Classes for Children. \nCall: 8790955801\n#guitar #music #TuesdayThoughts\xe2\x80\xa6 https://t.co/minwenOao4'
2019-04-16 11:05:44,"b'Another \xe2\x80\x9cGuitars-day Tuesday\xe2\x80\x9d!\nHere is the Epiphone Casino.\nJohn, Paul, and George all got different versions, and\xe2\x80\xa6 https://t.co/SsB06Y2Xc9'"
2019-04-16 00:00:05,b'Any more guesses before I give the answer.\n\n#coversong #cover #comment #like #guitar #music #MUSICVIDEO #musically\xe2\x80\xa6 https://t.co/TMIog5LRl0'
2019-04-16 04:45:42,b'April 15: Amazing quote from Thom Yorke! #MusicMatters #quote #ThomYorke #music #QuoteOfTheDay #musician #singer\xe2\x80\xa6 https://t.co/B7iHT1R0rl'
2019-04-15 23:48:06,b'Artisan Guitar Show 2019 @ArtisanGTRshow #artisanguitarshow #pellerin #harpguitar #fingerstyle #acoustic #guitar https://t.co/pI2GRaHNPO'
2019-04-16 08:03:58,"b'As the last guitars go out the workshop, I begin choosing the woods for the next! \nJohn visited the workshop to hel\xe2\x80\xa6 https://t.co/J5beIpD9Yn'"
2019-04-16 03:03:10,b'Aug 2019 tour announcement! #Florida we are coming! Dates TBA #tourlife #music #livemusic #music #merch #rocknroll\xe2\x80\xa6 https://t.co/xGqPWlsz7Y'
2019-04-16 10:01:42,"b'Available on Amazon! ""Touch and Go"" https://t.co/tCmwSNmUxb #indiemusic #guitar #rocknroll #amazonmusic'"
2019-04-16 16:06:45,b'Awesome combo \xf0\x9f\x8e\xb8\xf0\x9f\x93\x80\xf0\x9f\x8e\xbc\xf0\x9f\x8e\xa4 #guitar #vinyl#phillynott https://t.co/Ofi8vPFmzR'
2019-04-16 00:45:39,b'Ayyyye We Littttttt \xf0\x9f\x94\xa5\xf0\x9f\x94\xa5\xf0\x9f\x94\xa5\n\n#artistic #guitar #punk #song #musician #recording #hiphop #classic #pop #rockstar\xe2\x80\xa6 https://t.co/8PHvELNIiJ'
2019-04-16 13:13:58,"b'B.B. King\xe2\x80\x99s guitar \xe2\x80\x9cLucille\xe2\x80\x9d in Memphis, TN. Still can\xe2\x80\x99t believe I actually saw it! Such a beautiful @gibsonguitar.\xe2\x80\xa6 https://t.co/1SOXAyU5fy'"
2019-04-15 22:54:18,b'Back 2 Back! Nice vibe with this @gibsonguitar Les Pual. #musician #southflorida #randbsoul #hbcugrad #guitar https://t.co/hnuXHlp2dO'
2019-04-16 15:33:50,b'Back at it again. #guitar #recording #telecaster https://t.co/I0EwPpgMn1'
2019-04-16 02:16:50,b'Back to practicing...or something. @fender riograndepickups #music #guitar #blues #practicing #shedding https://t.co/Ni11WUkD0v'
2019-04-16 10:22:12,b'Backstage \xf0\x9f\x8e\xbc\xf0\x9f\x87\xaa\xf0\x9f\x87\xb8\xe2\x99\xa5\xef\xb8\x8f\xf0\x9f\x87\xae\xf0\x9f\x87\xb9#memories #music #genre #song #songs #melody #radio #rnb #pop #love #dubstep #instagood #backstage\xe2\x80\xa6 https://t.co/jFTCzqen6A'
2019-04-16 15:31:38,b'BADASS!! \xf0\x9f\x8e\xb8\xf0\x9f\xa5\x81\xf0\x9f\x8e\xa4\nFoxey Lady - Jimi Hendrix \n@KAATOband @NuutinenMika @HunterLovan11 @CWilliamsDrums @richiescholl\xe2\x80\xa6 https://t.co/NJtuuiRmHK'
2019-04-16 17:22:43,b'Bass recordings for the next single in May\n#alenlukas #songinprogress #musician  #singer #songwriter #guitarist\xe2\x80\xa6 https://t.co/iUtGqicaWo'
2019-04-16 14:00:43,b'Be swept away by the romantic charm of the #guitar as we embark on a special celebration of this instrument. A fest\xe2\x80\xa6 https://t.co/7WLf6TQwzW'
2019-04-16 17:09:06,b'Beautiful handmade Berkshire Parlor Acoustic ready to sing! Comes with a hardshell case. This guitar booms for the\xe2\x80\xa6 https://t.co/KWLMcNw9Oz'
2019-04-16 17:04:27,b'Because @pinkfloyd\n\n#pinkfloyd #guitar #guitarist https://t.co/SzcIHnvAbT'
2019-04-16 18:01:15,b'Beginner Guitar Lesson - Fretboard - Practice Exercise - Guitar Tricks #guitar https://t.co/GR54QsEc67'
2019-04-16 17:25:22,"b'Best album ever \nCheck out ""Ragnarok"" by The Fades on Amazon Music. https://t.co/D1XPY0VM2e\n#alternativerock #rock #music #guitar'"
2019-04-16 17:11:43,b'Best Drummer Ever!!!\n#HouseHold #Drums #Drum #Drummer #Band #Rock #RockOn #Rockstar #Rockband #LinkinPark #Guitar\xe2\x80\xa6 https://t.co/q61trWGUVk'
2019-04-15 23:00:13,b'Best Fender Replacement Parts to Fix or Repair Your Fender #Guitar https://t.co/GIkxqzrOeb #guitarrepair'
2019-04-16 14:58:44,b'Best Gibson Replacement Parts to Fix or Repair Your Gibson #Guitar https://t.co/FpvCro6PcL #guitarrepair'
2019-04-16 14:50:00,b'Beyond Pentatonics https://t.co/rGktL6pVEw #guitar #guitarist #guitarlessons #guitarplayer #guitarstuff #guitarsolo #guitarhacks #GuitarBlog'
2019-04-16 04:57:30,b'Black Sabbath | Europe 75 Tour T-Shirt #blacksabbath #metal #heavymetal  #metalhead #guitar #lambofgod #blackmetal\xe2\x80\xa6 https://t.co/Di6kQ4t7cY'
2019-04-16 15:22:49,b'Blowing Mind and Zombie Cat\n#nightshooters #music #rock #rockmexicano #viral #worldmusic #newmusic #youtube\xe2\x80\xa6 https://t.co/ebWCFDOAqb'
2019-04-16 04:46:55,b'Blues Guitar Made Simple\nhttps://t.co/h5MBAvh16G\n\nBlues Guitar Made Simple\n\nThis online course\n##CouponUdemygratuit\xe2\x80\xa6 https://t.co/65cwZnChKz'
2019-04-16 13:47:06,b'Bonnie Raitt\n\nPls check my #youtube channel - link in bio!\n\nThank you for following @onlybluesig\n\n#blues\xe2\x80\xa6 https://t.co/MJYoad7bt3'
2019-04-15 22:45:50,b'BOOKING TOUR DATES! Contact @Band_Managers for more info.\n\n#Monday #MondayMotivaton #MONDAYMUSICLIVE #MusicMonday\xe2\x80\xa6 https://t.co/LGaUCPB3sE'
2019-04-16 05:38:36,b'Boom! Mad Professor Bluebird Overdrive &amp; Delay Guitar Effects Pedal with OG Box BODD  https://t.co/dcjh4OmVe3 via\xe2\x80\xa6 https://t.co/2k91MeRHZa'
2019-04-16 01:16:01,b'Brandon (my guitarist) and Me at the Bar Lanjeu \xf0\x9f\x98\x8b\xf0\x9f\x96\xa4!! \n#show #radio #guitar #guitarist #singer #passion #gig\xe2\x80\xa6 https://t.co/rbQLyH9Wy9'
2019-04-16 09:40:14,b'Brown Sugar / Bitch (The Rolling Stones)\nReleased: 16 April 1971\n#Riffstory #RollingStones #RiffOfTheDay\xe2\x80\xa6 https://t.co/7NiyTezjyg'
2019-04-16 09:13:53,b'buy yamaha F310 acoustic guitar online\nhttps://t.co/fohgyr3qUN\n#baajna #bikroy #yamaha #acoustic #guitar'
2019-04-16 06:38:35,b'Caprich Arabe by F. Tarrega. Hear more: https://t.co/t5X3iTBrnv #guitar #classicalmusic #tarrega  #guitar\xe2\x80\xa6 https://t.co/ih0nFRDF3j'
2019-04-16 11:53:56,b'Cardinals \xf0\x9f\x98\x8d #puresalemguitars #Miami #guitarporn #offset #leftyguitars #guitarra #guitar https://t.co/lY3xGb8Hpl'
2019-04-16 12:55:07,b'Check out Cinco De Mayo Flyer Set by The Good Store at Creative Market https://t.co/lzzsNIThRG #CincodeMayo #cinco\xe2\x80\xa6 https://t.co/E23a5KoUqy'
2019-04-16 16:59:33,"b'Check out my song ""Sins of an Angel"" on Spotify now! by @imjoshuasims \nhttps://t.co/vpFt0tsAM4\n#spotifyplaylist\xe2\x80\xa6 https://t.co/H7l5mFwoOu'"
2019-04-16 03:56:02,"b'Check out my song ""Sins of an Angel"" on Spotify now! by @imjoshuasims \nhttps://t.co/vpFt0tsAM4\n#spotifyplaylist\xe2\x80\xa6 https://t.co/NOp49vxK9D'"
2019-04-16 12:28:21,b'Check out my YouTube channel! Link in bio! #guitar #music #instrumental #guitarist #song #songwriter #artist\xe2\x80\xa6 https://t.co/ARtqSETUWq'
2019-04-16 18:04:15,b'Check out one of our great US dealers \nGuitar Pro Shops\n\nAnd also check their website here: https://t.co/781lCSJOlG\xe2\x80\xa6 https://t.co/zJgqsKIeaR'
2019-04-16 10:11:35,"b'Check out the new (and hottest\xf0\x9f\x94\xa5) lab member!!!\nPretty sure my mentors didn\'t mean this when saying ""do sound scienc\xe2\x80\xa6 https://t.co/DgHNj6IIHh'"
2019-04-16 08:05:21,b'Check out this #UpStream episode feat @lenhyphene and @lemause_ now available to stream on @YouTube Link in BIO\xe2\x80\xa6 https://t.co/OzMpHVpoxV'
2019-04-16 00:13:01,"b'Chick Corea and John McLaughlin - Romantic Warrior - Blue Note, NYC - De... https://t.co/p9ehWUg93o via @YouTube #jazz #guitar #art #legends'"
2019-04-16 14:07:34,b'CLASSIC COOL: @GoldenAgeGuitar has a huge selection of instruments for collectors &amp; musicians \xe2\x86\x92\xe2\x80\xa6 https://t.co/EHcHJzmrqV'
2019-04-16 03:41:36,b'Click&gt; https://t.co/5fP38AidxR Musical Instrument Shop #guitar #drums #keyboard #piano #musical #instruments https://t.co/6KTelXrBRX'
2019-04-16 03:44:59,b'Cold. It\xe2\x80\x99s a beautiful day for a walk \xf0\x9f\x9a\xb6\xe2\x80\x8d\xe2\x99\x82\xef\xb8\x8f#boombap #hiphop #chillhop #drums #samples #california #instrumentals\xe2\x80\xa6 https://t.co/SkpWwJC0Kc'
2019-04-16 07:15:37,b'Continuing the #headstockwars debate. The Suhr modern headstock is pretty elegant too. Any other headstocks we like\xe2\x80\xa6 https://t.co/gAnV5cL2wd'
2019-04-16 18:07:14,b'Continuing the #mickeymouse theme... Here is a painted full size acoustic guitar I did last year.#mickeyandminnie\xe2\x80\xa6 https://t.co/ini2GiAPAr'
2019-04-16 16:15:20,b'Cort Introduces B4 Plus AS RM Bass Guitar with Roasted Maple Fingerboard \nhttps://t.co/13EoPVe6Qi\n#CortGuitars\xe2\x80\xa6 https://t.co/uys0ya9QzB'
2019-04-16 17:26:05,b'Currently watching Acoustic Tuesday #86 with @TonyPolecastro #guitar #music https://t.co/4B9KRJZt4p'
2019-04-15 23:34:25,b'Daddy Money by Dick Schwimmer #np on #SoundCloud #guitar #DaddyGang\nhttps://t.co/R4Dbdun6J0'
2019-04-16 09:23:25,b'David Oakes The MENACE\n- electro funk rock -\nhttps://t.co/ECMCbT3SnI \xe2\x80\xa6 \xe2\x80\xa6\n \n#edm #beats #club #producer\xe2\x80\xa6 https://t.co/4Vp1OXm3q2'
2019-04-16 02:41:58,b'Day 105/365: BBB\n\n#practicemakesprogress #guitaristsofinstagram #progressnotperfection #acousticmusic #guitarplayer\xe2\x80\xa6 https://t.co/sr59EppeLF'
2019-04-16 13:35:21,"b'Day 94 studying #guitar humidity at https://t.co/yzDVcuQlno  2 sponge soundhole humidifiers lasted only ~3 weeks, v\xe2\x80\xa6 https://t.co/Lc9qfBgqDU'"
2019-04-16 13:04:12,b'Delta 6 Resonator in Seafoam Green. #Repost michaeljamesfoust\n\xe3\x83\xbb\xe3\x83\xbb\xe3\x83\xbb\nBeen in the game almost 30 years and just discove\xe2\x80\xa6 https://t.co/ygK4StQRYf'
2019-04-16 11:08:54,b'Devin Townsend vs Anthony Fantano...\n.\n.\n.\n#ChristopherCarrion #guitarist #canadianmetal #metal #metalhead\xe2\x80\xa6 https://t.co/No69K3hGk4'
2019-04-16 01:08:51,"b'Did some #individualzation to my #Fender #Strat last week.  Made the template myself, then applied red vinyl.\xe2\x80\xa6 https://t.co/AoAUiklm5i'"
2019-04-16 13:30:24,"b'Did u listen to my track JUNKYARD, created for awesome #indiegame Monsterball @joyjockgames? #gamemusic #vgm\xe2\x80\xa6 https://t.co/MjAGLjR5a4'"
2019-04-16 14:04:02,b'Do you like your songs loud or are you a sucker for ballads? \xf0\x9f\xa4\x94\nhttps://t.co/aH71NOF10a\n\xe2\x98\x9d\xf0\x9f\x8f\xbb Or \xf0\x9f\x91\x87\xf0\x9f\x8f\xbb\xe2\x80\xa6 https://t.co/Vecw3UXesp'
2019-04-16 11:58:20,"b'DO YOU WANT FREE MUSIC GEAR?? FIND IT RIGHT HERE!\n\n#Win #Free #Gear! #Guitar, #Amp &amp; #Pedals! Follow me for the lat\xe2\x80\xa6 https://t.co/iILTZqgM4Z'"
2019-04-16 12:00:27,"b'DO YOU WANT TO WIN FREE MUSIC GEAR???\n\n#WIN #FREE #GEAR! #GUITAR, #AMP, #PEDAL, &amp; #MIC #SWEEPS! Follow me for the l\xe2\x80\xa6 https://t.co/HU76z4CC9O'"
2019-04-16 15:46:05,b'Don\xe2\x80\x99t know what to spend your hard earn tax return on? GEAR!! Treat yourself to some new gear with our Tax Refund S\xe2\x80\xa6 https://t.co/UacPFEV6GE'
2019-04-16 05:53:49,b'Dots&amp; hashtags #guitar #chicagoguitar #chicagoguitars #premierguitar #chitownguitar #geartalk #guitargear\xe2\x80\xa6 https://t.co/cGtVgAmEbD'
2019-04-15 23:37:27,b'Earlier today in my studio... \xf0\x9f\x92\x83\xf0\x9f\x8f\xbb\xf0\x9f\x99\x86\xf0\x9f\x8f\xbb\xe2\x80\x8d\xe2\x99\x80\xef\xb8\x8f\xf0\x9f\x8e\xb8Damn this thing sounds good \xf0\x9f\x91\x8c\xf0\x9f\x8f\xbb \n.\n.\n.\n.\n.\n\n#werkwerkwerk #music #composer\xe2\x80\xa6 https://t.co/DCB4eMx3Hw'
2019-04-16 03:16:43,b'Earlier today in rehearsal... Getting ready for a special performance tomorrow... \xf0\x9f\x98\x8f\xf0\x9f\x99\x8c\xf0\x9f\x8f\xbe #Fantasy #EWF #rhythmguitar\xe2\x80\xa6 https://t.co/9R0BBSOygN'
2019-04-16 04:36:15,b'Earlier today in rehearsal... Getting ready for a special performance tomorrow... \xf0\x9f\x98\x8f\xf0\x9f\x99\x8c\xf0\x9f\x8f\xbe #SunGoddess #RamseyLewis #EWF\xe2\x80\xa6 https://t.co/yIE1o2A2AX'
2019-04-16 02:33:44,b'Early in the morning. #freemusic #music #live #unplugged #uncut #accoustic #guitar #acousticguitar #video\xe2\x80\xa6 https://t.co/8DOPa5bAsX'
2019-04-16 08:07:04,b'Early in the morning. #freemusic #music #live #unplugged #uncut #accoustic #guitar #acousticguitar #video\xe2\x80\xa6 https://t.co/a5NWaUFJR6'
2019-04-15 22:45:31,b'Early in the morning. #freemusic #music #live #unplugged #uncut #accoustic #guitar #acousticguitar #video\xe2\x80\xa6 https://t.co/RDQbywaID8'
2019-04-16 00:04:45,b'Early in the morning. #freemusic #music #live #unplugged #uncut #accoustic #guitar #acousticguitar #video\xe2\x80\xa6 https://t.co/yhps88v8Gh'
2019-04-16 11:45:07,b'Easter weekend our little Chucky eggs \xf0\x9f\x90\xa3\xf0\x9f\x8e\xa4\xf0\x9f\x8e\xb8\xf0\x9f\x8e\xb7\xf0\x9f\x8e\xb6 @ConClubAlty @7WoodsMarstons @AltrinchamBID #scratch #scratchtrio\xe2\x80\xa6 https://t.co/hddfA0AWCD'
2019-04-16 00:33:24,b'Easy Guitar Lesson. Mellow Mood. Bob Marley https://t.co/nRhqqmwyxx via @YouTube #guitarisgreat #guitar #guitarist\xe2\x80\xa6 https://t.co/njViTtxDbc'
2019-04-16 16:18:41,b'Eye in the sky #outro solo \xf0\x9f\x8e\xa7\xf0\x9f\x8e\xbc\xf0\x9f\x91\x81\n\nvirtuoz_music1 #eladdavid #eladdavidmusic #shoham #instamusic #instamusician\xe2\x80\xa6 https://t.co/oeWLJZvwxA'
2019-04-16 08:32:46,b'Fact about #TommyEmmanuel: He performed at the Olympics. Like #guitar? share https://t.co/66zOkQYUSM'
2019-04-16 02:26:34,b'Fancy pants. #guitar #chicagoguitar #chicagoguitars #premierguitar #chitownguitar #geartalk #guitargear #guitartone\xe2\x80\xa6 https://t.co/VMIeaUfKbQ'
2019-04-16 14:44:09,b'Felt #guitar #ukulele #bass #electric plectrum https://t.co/y9xCUkddaX\xc2\xa0 https://t.co/iFFTzGovLB'
2019-04-16 17:03:02,"b'Fender Player Telecaster w/ Maple Fingerboard, Butterscotch Blonde.\n\nAvailable at Sound Affects -\xe2\x80\xa6 https://t.co/J6tTofpoaQ'"
2019-04-16 06:55:33,b'Fender Standard Tele HH Guitar in Olympic White P/N 0149400505 https://t.co/gs7O5RnyJO #Guitarsforsale\xe2\x80\xa6 https://t.co/URccBQRBb4'
2019-04-16 14:47:26,b'Fender x Ovation\n.\n.\n.\n.\n.\n#oldmansmoney #music  #losangelesmusic #hollywoodmusic  #newbritishband #guitar #indie\xe2\x80\xa6 https://t.co/2ePzEbWqGF'
2019-04-16 16:44:50,b'Finally Found You by Rose Bush in my band. #songwriters #band #musicians #guitar #drums #piano synths #singers\xe2\x80\xa6 https://t.co/silQWKXr6h'
2019-04-16 06:30:02,"b'First gig, tomorrow in @cafedeloge! Come and check us out! \xf0\x9f\x98\x8f\xf0\x9f\xa6\x81 #livemusic #belgianbands #songwriting #homestudio\xe2\x80\xa6 https://t.co/UYWpnkbLNX'"
2019-04-16 17:22:56,b'Flattening the soundboard before cuttimg the shape out \n#luthier #guitar #fingerstyleguitar #classicalguitarist\xe2\x80\xa6 https://t.co/u9dF5GihRb'
2019-04-16 15:23:37,b'Follow our amazing customer @tmc_liveline for our entire @wedgieofficial line #Japan #guitar #guitarpick\xe2\x80\xa6 https://t.co/QZrrK9d9Ch'
2019-04-16 01:56:20,b'Fond memories near a gorgeous church. \xf0\x9f\x98\x95\n.\n.\n.\n.\n.\n.\n.\n#JakeRathburn #Rathburn #Guitar #Perfection #Guitarist\xe2\x80\xa6 https://t.co/fHDI4kKDS8'
2019-04-16 17:53:00,"b'For all #defleppard lovers! From Hysteria album, here the preset for ""Women""  Available for #fractalaudio #axefx2\xe2\x80\xa6 https://t.co/dX6rtfS1v4'"
2019-04-16 05:41:01,b'Forgive me if my #Guitar #Skills suck \xf0\x9f\x98\x82 its been a few years since I last picked up one. Adding #Guitars to my\xe2\x80\xa6 https://t.co/UvkoqAXwy1'
2019-04-16 15:45:00,b'Fourths Tuning Chords and Inversions https://t.co/gk7yF2SBqw #guitar #guitarist #guitarlessons #guitarplayer\xe2\x80\xa6 https://t.co/fgqzTqgToF'
2019-04-16 15:30:00,b'Fourths Tuning Scales and Arpeggios https://t.co/4TAYqL2vtK #guitar #guitarist #guitarlessons #guitarplayer\xe2\x80\xa6 https://t.co/Igt3Ms8eAK'
2019-04-16 14:45:06,"b'Frank Zappa-""the Black Page#1""(cover)\n#polygonhead #guitarist #yugomorikawa #\xe3\x83\x9d\xe3\x83\xaa\xe3\x82\xb4\xe3\x83\xb3\xe3\x83\x98\xe3\x83\x83\xe3\x83\x89 #\xe6\xa3\xae\xe5\xb7\x9d\xe7\xa5\x90\xe8\xad\xb7 #guitar #frankzappa\nhttps://t.co/iYUi2dOw97'"
2019-04-16 03:00:31,"b'Free #guitar lesson from Adam Levy - ""Busy Body - Lick 3"" https://t.co/StrZn4C044 https://t.co/0M6nbUbbYD'"
2019-04-16 14:00:59,"b'Free #guitar lesson from Corey Congilio - ""Texas Blues Style Tips - Tones &amp; Techniques"" https://t.co/uKOMASsvtJ https://t.co/7nCSMyUDyN'"
2019-04-16 07:00:03,"b'Free #guitar lesson from James Hogan - ""Faux Slidin\' - Breakdown"" https://t.co/1XkczADaqm https://t.co/5eoBhJ6fZt'"
2019-04-16 09:00:24,"b'Free #guitar lesson from JD Simo - ""Sweet Little Angel - Performance"" https://t.co/TermZ4TCkz https://t.co/Ay37FjFWgb'"
2019-04-16 11:00:15,"b'Free #guitar lesson from Reinier Voet - ""Georgia in Town - Concept: Tritones"" https://t.co/xiCgeKfzaQ https://t.co/iYkMAz74hR'"
2019-04-16 18:00:41,"b'Free #guitar lesson from Robbie Calvo - ""The Chorus - Song Form: Overview"" https://t.co/5luiaWKXT3 https://t.co/DyzgFZYMcT'"
2019-04-16 01:00:01,"b'Free #guitar lesson from TrueFire - ""Hindenburg - Performance"" https://t.co/oLlXxcKyf0 https://t.co/N2EqFQlXKz'"
2019-04-16 15:00:03,"b'Free #guitar lesson from TrueFire - ""Koch Diminished - Lick 15"" https://t.co/YpukesfMcg https://t.co/cKrVJpFbzp'"
2019-04-15 23:00:16,"b'Free #guitar lesson from TrueFire - ""Voice Leading Blues - Rhythm 9"" https://t.co/QJImTu8jsY https://t.co/knmdJboOK4'"
2019-04-16 12:48:33,b'FREE BASS #Guitar #Lesson: Learning the Major Scale with Brent-Anthony Johnson -                     \n\nLEARN TO PLA\xe2\x80\xa6 https://t.co/0DE1pZygkk'
2019-04-16 12:48:37,b'FREE BASS #Guitar #Lesson: Learning the Major Scale with Brent-Anthony Johnson -                     \n\nLEARN TO PLA\xe2\x80\xa6 https://t.co/bYx8JxAFrw'
2019-04-16 12:48:34,b'FREE BASS #Guitar #Lesson: Learning the Major Scale with Brent-Anthony Johnson -                     \n\nLEARN TO PLA\xe2\x80\xa6 https://t.co/Z5X4BaUiYx'
2019-04-16 12:07:50,"b'FREE MUSIC GEAR CAN BE YOURS! \n\n#Guitar, #Amp, &amp; other #Free #Music #Gear! #Contest &amp; #Giveaway! #Guitarist &amp;\xe2\x80\xa6 https://t.co/u6OJUyFPwR'"
2019-04-16 12:04:48,"b'FREE MUSIC GEAR CAN BE YOURS! REALLY!!\n\n#Guitar, #Amp, &amp; other #Free #Music #Gear! #Contest &amp; #Giveaway! #Guitarist\xe2\x80\xa6 https://t.co/cki3Pvs82d'"
2019-04-16 16:03:53,"b'Friedman ""Pink Taco"" PT-20s #guitar https://t.co/CnZbXFQYAb'"
2019-04-16 14:40:00,b'From Scales to Solos \xe2\x80\x93 Zonal Improvisation on Guitar https://t.co/LYI5lbNIFP #guitar #guitarist #guitarlessons\xe2\x80\xa6 https://t.co/FPQntFGxty'
2019-04-16 05:56:23,b'FS1E-Tuesday at 17:30 @FS1EBand will be chatting on @ChatandSpin \xf0\x9f\x93\xbb and spinning Keep Rolling from Words &amp; Deeds. Bi\xe2\x80\xa6 https://t.co/F0pbYz2sM1'
2019-04-15 22:03:26,b'full  https://t.co/YNRvYkEOV3\n\n#soundart #guitar #electricguitar #music #loop https://t.co/t3a1TqDqT3'
2019-04-16 17:32:00,b'Game of Thrones Gone Metal part 3. \n\n#gameofthrones #metal #instasong #instasolo #guitar #sologuitar #solo\xe2\x80\xa6 https://t.co/GOGnHq42bT'
2019-04-16 14:08:13,b'Game of Thrones Sigil Collection | Custom Shop | Fender\n\nhttps://t.co/mE91LZGW7H \n\nvia @YouTube #GOT #GameOfThrones\xe2\x80\xa6 https://t.co/YAhem47wMb'
2019-04-16 16:02:36,b'Get amazed by an usual instrument that we don\xe2\x80\x99t get to see nor hear often\xe2\x80\xa6 Our client Harald Lane from Austria made\xe2\x80\xa6 https://t.co/iOFcLMj1AL'
2019-04-16 15:18:21,b'Get Sunset Vibes on all platforms! \xe2\x9a\xa1\xef\xb8\x8f\n\n#Music #musician #synthwave #80s #Edm #retro80s #synth #drums #piano #guitar\xe2\x80\xa6 https://t.co/FWzCR89OTc'
2019-04-16 12:02:31,"b'GET YOUR FREE MUSIC GEAR RIGHT HERE!\n\n#Guitar, #Amp, &amp; other #Free #Music #Gear! #Contest &amp; #Giveaway! #Guitarist &amp;\xe2\x80\xa6 https://t.co/KKyIRNLH2J'"
2019-04-15 22:48:59,b'Gettin out a little aggression with some stank ass octave/distortion. #Raunchy #OldRemedy #TubeScreamer #Gibson\xe2\x80\xa6 https://t.co/WzLcZJ47pt'
2019-04-16 14:48:59,b'Getting through a hard gym session the only way.. \xf0\x9f\x92\xaa\xf0\x9f\x8f\xbc\xf0\x9f\x92\xaa\xf0\x9f\x8f\xbc #fahran \xe2\x81\xa6@Fahranmusic\xe2\x81\xa9 #dontbeshitbefit #loud #rock #guitar https://t.co/Qy06CAL3hL'
2019-04-16 13:14:39,b'Give a nickname to your #guitar using only movie titles! \n\nAnd ACTION! \xf0\x9f\x8e\xac https://t.co/ImTSCzt2Ul'
2019-04-15 22:18:19,"b'Go Travel, back to youself...\n\n""\xe4\xb8\x80\xe4\xba\xba\xe6\x97\x85""\n CREOFUGA: https://t.co/NuEZToNagR\n Sound Cloud: https://t.co/XO0l5CgqoY\n Yout\xe2\x80\xa6 https://t.co/ThIcK9Qoiz'"
2019-04-15 23:01:34,b'Going live on @twitch for #mentalhealthMonday with #rocksmith2014. Join up! Link in the bio!\n-\n-\n-\n#reachout\xe2\x80\xa6 https://t.co/n1mp7Ffxmb'
2019-04-16 14:23:04,b'Gokarna Nights\n.\n.\n.\n.\n.\n.\n.\n.\n.\n.\n#live #unplanned #unplugged #floral #floraldress #rockstar #music #love #cafe\xe2\x80\xa6 https://t.co/3DE1SeTo5T'
2019-04-16 13:59:55,b'Gone and got my head shaved. \n\nBarber is gonna look into my bands latest track \n\nPromotion wherever possible is key\xe2\x80\xa6 https://t.co/6wNrnYIcru'
2019-04-16 03:49:33,b'Gonna have to set aside some time tonight to do some dedicated #guitar practice.  #KnuckleDown'
2019-04-16 15:23:24,b'Good luck to all of our guitar  students going to UIL today @FineArtsAISD #UIL #Guitar\xf0\x9f\x8e\xb8'
2019-04-16 05:33:16,b'Good morning and happy Tuesday! We always smile! \xf0\x9f\x98\x8a\xf0\x9f\x98\x8a\xf0\x9f\x98\x8a #richiesambora #richiesamborafan #guitar #SamborAddicted\xe2\x80\xa6 https://t.co/wUJHOkq1Bv'
2019-04-16 06:42:51,b'Good Morning!\n#slash #slash2019 #live #tour #guitar #gibsonlespaul #gibson #smkc #livingthedream #greece #slash\xe2\x80\xa6 https://t.co/mzXzDgFPey'
2019-04-16 18:07:58,b'Goodnight \xf0\x9f\x8c\x99 \n#slash #slash2019 #live #tour #guitar #gibsonlespaul #gibson #smkc #livingthedream #greece #slash\xe2\x80\xa6 https://t.co/gJdJbXlyAR'
2019-04-16 11:48:08,"b'Gorgeous @LevysMusic M17SS2.5"" Red super soft 3 layer garment soft grain leather strap.\n\n#levysleathers\xe2\x80\xa6 https://t.co/EqikXfVqGp'"
2019-04-16 11:01:48,b'Gotta love the blues....\n\n#guitar #harp #gibson #onlyagibsonisgoodenough #bluesjam #player #rock #lefthanded #music https://t.co/mLP1kEIGrP'
2019-04-16 06:02:22,b'Great art\n.\n.\n#numenrecords #indielabel#mozez  #studio #production #lyrics #songwriting #album #singles #drums\xe2\x80\xa6 https://t.co/rP3pJst6H2'
2019-04-16 13:23:51,"b'Green Room , apparently never Green \xf0\x9f\x98\x9c !\n.\n.\n#n2 #zoop #beingartist #artist #artistlife #music #musician #gig\xe2\x80\xa6 https://t.co/4LnlT5Fq4r'"
2019-04-16 04:04:43,b'Guitar Center: Three days to save in every department #Guitar Center https://t.co/BzjLcK1C8B'
2019-04-16 00:55:00,b'Guitar lick 89\nAutumn leaves \xe2\x99\xac\n\n#\xe6\x9c\xaa\xe5\xae\x8c\xe6\x88\x90 #\xe3\x82\xa2\xe3\x83\xac\xe3\x83\xb3\xe3\x82\xb8 \n#\xe3\x82\xa2\xe3\x82\xb3\xe3\x82\xae #cool \n#lick #jazz #improvisation #\xe5\xa5\xbd\xe3\x81\x8d\xe3\x81\xaa\xe3\x82\xb3\xe3\x83\xbc\xe3\x83\x89 #\xe3\x82\xae\xe3\x82\xbf\xe3\x83\xbc\xe6\x95\x99\xe5\xae\xa4 #\xe3\x82\xae\xe3\x82\xbf\xe3\x83\xaa\xe3\x82\xb9\xe3\x83\x88 #\xe3\x82\xa8\xe3\x83\xac\xe3\x82\xad\xe3\x82\xae\xe3\x82\xbf\xe3\x83\xbc\xe2\x80\xa6 https://t.co/M78kQSMHZV'
2019-04-16 01:14:18,b'Guitar Pick Sparkly Green and Iridescent Blue #music @EtsyMktgTool https://t.co/UnUTqWu3UT #glass #mj42 #handmade\xe2\x80\xa6 https://t.co/57mlQdeinp'
2019-04-16 14:48:44,b'Guitar player?  #Guitar #Tabs notebook paper are perfect for your #compositions! https://t.co/X3S87ol7pe'
2019-04-16 15:03:57,b'Guitar Players Never Do This (Compound Scales)...\n#Guitar #Scales #Compound #MusicLessons\n\nThis lesson will help yo\xe2\x80\xa6 https://t.co/IMhWZPtnDP'
2019-04-15 23:50:10,b'Guitar players\xf0\x9f\xa4\x9f\xf0\x9f\x8f\xbc\xe2\x9a\xa1\xef\xb8\x8f\xf0\x9f\x92\x95 #grlpwr #girlpower  #chicasrockcc  #guitar #chicasrock #coolestgirlsintown https://t.co/SwzpwHIugm'
2019-04-16 03:42:49,b'Guitar Tabs: Tum Hi Ho by @drbnrj\n\n#guitar #guitarist #guitarplayer #guitars #guitarra #guitarsolo #music\xe2\x80\xa6 https://t.co/DrqPBR0nmK'
2019-04-16 16:30:36,b'Guitar Videos on Youtube after Article 13 #guitar https://t.co/txTrGhOB6X'
2019-04-16 04:34:16,b'Guitarist in the making!\n#guitar #music #calm https://t.co/a156w61UGW'
2019-04-16 05:52:50,"b'Gunna x YNW Melly Type Beat-""Drippin"" [Prod By J Stove] https://t.co/f0hmEL7Csg via @YouTube #beats #instumentals #guitar #gunna #ynwmelly'"
2019-04-16 00:33:47,b'Gypsy Gypsy Swing Sessions this Wednesday with Gino Pengue on guitar. Come chill without the Netflix! *\xe2\x80\xa6 https://t.co/UtIeKc669P'
2019-04-16 14:00:01,b'Hacking the CAGED System https://t.co/o4XxyiTOhU #guitar #guitarist #guitarlessons #guitarplayer #guitarstuff\xe2\x80\xa6 https://t.co/lgHBJJWe1e'
2019-04-15 22:51:14,b'Hacking the CAGED System: Book 1 by Graham Tippett https://t.co/prwOWEFHSw via @amazon #guitar #guitarhacks\xe2\x80\xa6 https://t.co/fu0PO2hFRx'
2019-04-16 11:39:08,b'Happy early bday Avi! @Avi_Kaplan \n(its completely rushed it lol)\n@PTX_FanArt (can i put this in?) #avisaturday\xe2\x80\xa6 https://t.co/hk8vVhUVB8'
2019-04-16 12:37:37,b'Happy World Voice Day to my fans and followers!\xf0\x9f\x8e\xb5\xf0\x9f\x8e\xb8\xf0\x9f\x8e\xb6\xf0\x9f\x8e\xbc\xf0\x9f\x8e\x99\xf0\x9f\x8e\xa4\xf0\x9f\x8e\xa7\xf0\x9f\x8e\x9a\xf0\x9f\x8e\x9b\xf0\x9f\x92\xbf\xf0\x9f\x93\x80\xf0\x9f\x92\xbd\xf0\x9f\x8e\xab\xf0\x9f\x8e\x9f\xf0\x9f\x94\x88\xf0\x9f\x94\x89\xf0\x9f\x94\x8a\xf0\x9f\x93\xa3\xf0\x9f\x93\xa2\xf0\x9f\x93\xbb\n.\n.\n.\n#WorldVoiceDay #Voice #Guitar #Singer\xe2\x80\xa6 https://t.co/JhtsxomImR'
2019-04-16 16:00:41,b'Harmonization and Intelligent Composing Assistance Tools | Advanced Features in Cubase Pro 8 #guitar https://t.co/yqoPzVOUUd'
2019-04-16 16:16:04,b'Have you heard \xe2\x80\x98OA\xe2\x80\x99 by Reversies on #SoundCloud? #np https://t.co/KuC0v3Fzk0\n#\xe3\x82\xaa\xe3\x83\xaa\xe3\x82\xb8\xe3\x83\x8a\xe3\x83\xab\xe3\x80\x80#\xe3\x83\xad\xe3\x83\x83\xe3\x82\xaf\xe3\x83\x90\xe3\x83\xb3\xe3\x83\x89\xe3\x80\x80#\xe3\x82\xae\xe3\x82\xbf\xe3\x83\xbc\xe3\x80\x80#\xe3\x83\x89\xe3\x83\xa9\xe3\x83\xa0\xe3\x80\x80#Original #Rock #Band #guitar #drums'
2019-04-16 04:50:18,"b'Hawaiian Slack Key Guitar Festivals, Vol. 2 by Various, Rhythm &amp; Roots RR-0314, 2007, NM-, for $30.96 via @amazon\xe2\x80\xa6 https://t.co/AcOzPm0F47'"
2019-04-16 16:24:14,"b'Heading over to London to do some demos for @thebossuk @bossfx_us in @MetropStudios, will be there tomorrow.... Wed\xe2\x80\xa6 https://t.co/qCAbGuEF7c'"
2019-04-16 15:22:37,"b'Hear our version of #RevGaryDavis \'s ""Death Don\'t Have No Mercy on @Spotify \nhttps://t.co/STJ5QJeu1O\nMay your Tuesd\xe2\x80\xa6 https://t.co/Li9v71oysk'"
2019-04-16 09:47:53,"b'Hello everybody. For Tuesday\'s ""#DEALOFTHEDAY"" I have a #Dimarzio DP169 ""#Virtual #P90"" #pickup that is going for j\xe2\x80\xa6 https://t.co/fSKa3TTO0f'"
2019-04-16 06:23:27,"b'Here\'s a 2nd Play List of covers.\nWith a lot of respect...\n\n""Cover Songs Play List #2""\n CREOFUGA:\xe2\x80\xa6 https://t.co/NWNovk2ksa'"
2019-04-16 14:28:32,b'Hey everybody!  I will be going live on YouTube soon. Going to play some songs live and talk about some current eve\xe2\x80\xa6 https://t.co/MmjEgBsK8s'
2019-04-16 13:14:16,"b'Hey, I found this really awesome #Guitar necklace listing on #Etsy  at https://t.co/PvnXXKcJGO https://t.co/5WaUZPB4g5'"
2019-04-16 01:56:37,b'Honoring Notre Dame.\n.\n#radio #producer #recordingstudio #guitar #magazine #producerlife #music #musician\xe2\x80\xa6 https://t.co/11Lc4lvZwW'
2019-04-16 18:01:15,b'Hope everyone has a great day \xf0\x9f\xa4\x97\xf0\x9f\x98\x98\xf0\x9f\x98\x8e\xf0\x9f\x8e\xa9\xf0\x9f\x8e\xb8\xf0\x9f\x8e\xa4\xf0\x9f\xa5\x81\xf0\x9f\x8e\xbc\xf0\x9f\x8e\xb6\xf0\x9f\x8e\xb5\xf0\x9f\xa4\x98\n#Slash #guitar #legend #LesPaul #MylesKennedy #awesome #voice #singer\xe2\x80\xa6 https://t.co/HmTyIwwn4A'
2019-04-16 01:30:41,b'HOW DO PEOPLE MEMORIZE GUITAR CHORDS HELP #guitar #ihaveasightreadingtesttommorowsendhelp'
2019-04-16 15:25:16,b'How Paul Reed Smith (@prsguitars) went from Guitars to Spy Technology \xf0\x9f\xa4\x94\xe2\x99\xac\xe2\x99\xaa\xe2\x99\xab\xe2\x86\x92 https://t.co/DRrkfC3GOV | via\xe2\x80\xa6 https://t.co/zSIdIstwp6'
2019-04-16 06:58:53,"b'How to Solder Electric #Guitar Pickups, Switches, Pots, Knobs, Input Jacks, and Electronics https://t.co/LrXfWVzDQM #guitarrepair'"
2019-04-16 07:11:15,b'https://t.co/CJNgHqIk5E Lost Surrealist -Original Instrumental Song #music #musician #guitar #art #artist'
2019-04-16 08:00:16,b'https://t.co/Ejfi4lXj3E\nElectric Cuban Tres Cubano Guitar Red\n#cubantres #trescubano #electrictres #treselectrico\xe2\x80\xa6 https://t.co/zwriLvFxJa'
2019-04-16 14:46:19,"b'https://t.co/jdJwu2oiJF ALDO RELAXING GUITAR HOLDING YOUR SOUL SOCIAL PROMO TRUE VERTICAL 8,  Because You Deserve T\xe2\x80\xa6 https://t.co/JIygpOnqHG'"
2019-04-16 07:10:24,b'https://t.co/QiL2yznqNJ Lost Surrealist -Original Instrumental Song #musician #music #guitar'
2019-04-16 04:12:26,b'https://t.co/vdtF6fj7mR listen to music from guitarist Patrick Yandall. Join as a fan for free exclusive downloads\xe2\x80\xa6 https://t.co/ZqWjUGpxpJ'
2019-04-16 01:07:21,b'https://t.co/Y5ccDIUZwA How to make your own Guitar Toolkit #guitar'
2019-04-15 23:34:51,b'I can\xe2\x80\x99t say enough words to explain how much I love the tone and response of my @gibsonguitar J-45. Thanks to\xe2\x80\xa6 https://t.co/QVPqrKpoQk'
2019-04-16 07:08:55,b'I covered this song by @jamiegraceh right after my second cancer surgery because it encouraged me! I was thinking o\xe2\x80\xa6 https://t.co/K4F8EKRW0F'
2019-04-16 14:37:48,b'I deserve it. #hardwork #musician #newguitar #guitar #takamine #exciting #newmusic #newmusicalert #newmusiccoming https://t.co/l5IRNV3jVW'
2019-04-16 06:35:23,b'I finished tracking my parts before 3am \xe2\x99\xaa(\xc2\xb4\xce\xb5\xef\xbd\x80 ) @gibsonguitar @Hughes_Kettner #studio #\xe3\x82\xae\xe3\x82\xbf\xe3\x83\xbc #\xe3\x82\xae\xe3\x82\xbf\xe3\x83\xaa\xe3\x82\xb9\xe3\x83\x88 #recording\xe2\x80\xa6 https://t.co/gbygunSsrA'
2019-04-16 17:51:51,b'I found myself to be so inclined\n\n#guitar #singer #hofma #violao #fotografia #blues #bsbcity #bsb https://t.co/bwsEexo4Mo'
2019-04-16 13:48:36,b'I have this thing for medieval\n\n#igmusic #riffs #clean #musician #zoom #instrumental #reverb #instamusic\xe2\x80\xa6 https://t.co/krGzAJ7QqC'
2019-04-16 05:51:03,"b'I just love that my 10 year old #guitar student loved the Bob Dylan song I taught her, along with the music history\xe2\x80\xa6 https://t.co/wLlAID8nmO'"
2019-04-15 22:50:04,"b'I like this wallpaper idea, cool, right? metropolitanmuseum #guitar exhibit #nyc #vinyls #albums https://t.co/a1fSjPIqel'"
2019-04-15 23:07:12,b'I made this #composition thinking about the #guitar. I invite you to hear it and to give me your opinion.\n#Music\xe2\x80\xa6 https://t.co/XBw8lCV9Iu'
2019-04-16 01:59:21,b'I sing and play guitar when I am at peace and want to relax. What do you do? \n#guitar #love #selfcare #YouMatter https://t.co/exy5SY3Znd'
2019-04-16 18:13:09,b'I still dream of being a rockstar. Just a dude with his guitar. Now tell me about your wildest dreams.\xe2\x80\xa6 https://t.co/V0kyrb8ZyE'
2019-04-15 22:03:30,b'I wanna hear you! \xf0\x9f\x8e\xb8\xf0\x9f\x8e\xb6\xf0\x9f\xa4\x98\xf0\x9f\x94\xa5 #hipercubo #abbeyroadbarnh #guitar #guitarist #guitarplayer #deanguitars #flyingv\xe2\x80\xa6 https://t.co/irVOu7LFsA'
2019-04-16 09:18:49,"b'I was bored last year so I made this little #Spanish #Guitar to hang on the wall, isn\xe2\x80\x99t she lovely \xf0\x9f\x92\x95 #spanishguitar https://t.co/gBUdsIjdr0'"
2019-04-16 07:50:40,b'I went to the Optician \xf0\x9f\x91\x93 by Juan Ponte\n#glasses #spectacles #specs #gafas #lunettes #rayban #optician\xe2\x80\xa6 https://t.co/VcWnHmjdpu'
2019-04-16 10:02:42,b'I wondering what are you preparing Andre?  :\xf0\x9f\x98\x83\xf0\x9f\x98\x83\n\n#crazyandre #andredebrito #andre #singer #guitar #bass #drums\xe2\x80\xa6 https://t.co/Bbz3gMsn5w'
2019-04-16 18:05:28,b'I\xe2\x80\x99ll be returning to the fantastic @RelishHartford on Sat 27th April - I\xe2\x80\x99ll be starting my live set at 7pm!\xe2\x80\xa6 https://t.co/arGmftej9s'
2019-04-16 07:53:09,b'I\xe2\x80\x99m so happy\xe2\x9d\xa3\xef\xb8\x8f\xf0\x9f\xa5\xb3\xf0\x9f\x98\x9a  #music #love #instagood #indie #singer #photooftheday #musica #StatStory #instagram #pop #life\xe2\x80\xa6 https://t.co/s7ZwiLoMw7'
2019-04-16 17:17:14,b'I\xe2\x80\x99ve lived with it for a few days and I think the Hagstrom Super Viking with it\xe2\x80\x99s upgraded electronics and Bare Knu\xe2\x80\xa6 https://t.co/w2Gi3zypVW'
2019-04-16 13:57:03,b'Ibanez Steve Vai White Guitar JEM 555WH Small Chip &amp; Black Rat Hard Case https://t.co/MJKPSlIp9J #Guitarsforsale\xe2\x80\xa6 https://t.co/kItUs5Gcwv'
2019-04-16 04:02:23,b'Ibanez TM303PM-BSP Electric Guitar\nhttps://t.co/atX53pq589\n\nCall us on 011 454 3113 or email orders@mercurymusic.co\xe2\x80\xa6 https://t.co/cRgNe9Kq1L'
2019-04-16 11:59:08,b'If you are looking for a #guitar \xf0\x9f\x8e\xb8 tutor in #Taunton I can totally recommend Adam White of Guitar Where You Are.\nHe\xe2\x80\xa6 https://t.co/gGron8ut8M'
2019-04-16 17:05:46,"b'If you have $25,000 sitting around somewhere #gameofthrones #forthethrone #fender #guitar #musician https://t.co/yEpp1xqNLf'"
2019-04-16 07:36:12,"b'If you wanna be a Rock Star, your only stop destination is @easels_n . We teach Every kind of guitar, Including Nyl\xe2\x80\xa6 https://t.co/3HNQHLKzwL'"
2019-04-16 17:19:51,b'IGTV link https://t.co/EFh6NPhCjo\nrough on this \xf0\x9f\x8e\xa7 mixed #music #newmusic #guitar #acousticguitar #electricguitar\xe2\x80\xa6 https://t.co/sXcXDVeOot'
2019-04-16 01:57:30,b'Imperial Blues Hour last week with Kenny Vaughan on #guitar and @jeffreyclemens on #drums and Dave Roe on\xe2\x80\xa6 https://t.co/j2G2xuEkDT'
2019-04-15 23:18:33,b'Improviso Blues com a #revstar620 \n\n#renatoblues #improvisacao #music #blues #blueslicks #guitarlicks #yamaha\xe2\x80\xa6 https://t.co/3L9EgTqjaj'
2019-04-15 23:19:10,b'Improviso Blues com a #revstar620 \n\n#renatoblues #improvisacao #music #blues #blueslicks #guitarlicks #yamaha\xe2\x80\xa6 https://t.co/44XKhosgWj'
2019-04-16 00:15:57,"b'In my guitar, I trust #guitar #classical #raimundo #collinmcgee #soloproject #solomusic #elderoth #unplugged\xe2\x80\xa6 https://t.co/fwtnAm1ceh'"
2019-04-16 05:59:49,b'In the moment @atthecapitol -photo by Tracy May @bellagraceimages .\n#mindiabairandtheboneshakers #blues #bluesrock\xe2\x80\xa6 https://t.co/qhtruvit8W'
2019-04-16 00:49:22,b'In the studio recording my cover of Iron Maiden\xe2\x80\x99s Wasted Years #acoustic version.\n\n#acousticguitar #beautiful\xe2\x80\xa6 https://t.co/qEHBDkKgcu'
2019-04-16 08:09:34,"b'Indeed - ""It Could Be Beautiful"" https://t.co/5qm9FEyX9J #songwriter #rock #blues #guitarsolo #guitar #newalbum\xe2\x80\xa6 https://t.co/yS9yRgs0YK'"
2019-04-16 12:39:57,b'Intermediate #guitar players ages 10-18 need to contact @WestMusic in #cedarrapids to sign up for Monster Guitar Te\xe2\x80\xa6 https://t.co/CA23zXbWgJ'
2019-04-16 10:39:00,b'Intervals - Touch &amp; Go Playthrough Part 1 \nOne of my favorite tracks from @intervals ! \n#intervals\xe2\x80\xa6 https://t.co/kzbnHWXFzw'
2019-04-16 10:40:11,b'Intervals - Touch &amp; Go Playthrough Part 2\n@intervals #intervalsband #prsguitars #prs #guitar #guitarist\xe2\x80\xa6 https://t.co/w5tioknnWx'
2019-04-16 16:00:01,b'Interview: The remarkable Martin Barre (@TullGuitarist) speaks of seeking growth in life and skills prior to shows\xe2\x80\xa6 https://t.co/lOEUnHklI3'
2019-04-15 23:02:54,"b'Introducing two of our awesome, hard-working student Library Assistants... Bobby and Alejandro!\n\n#library #guitar\xe2\x80\xa6 https://t.co/FNA6JlwOTc'"
2019-04-16 16:18:17,b'Ion know what to name this but whatever it is send it to#juicewrld \xf0\x9f\x98\xad\xf0\x9f\x94\xa5 @JuiceWorlddd @millz999 #producer #wshh\xe2\x80\xa6 https://t.co/ywTCnNyl87'
2019-04-15 22:13:31,b'It\xe2\x80\x99s alive! The slide rig/fly rig is now fully operational and ready to rock!\n.\n.\n.\n.\n.\n#guitar #guitars #guitarist\xe2\x80\xa6 https://t.co/R4FaNOfEck'
2019-04-16 13:03:48,b'It\xe2\x80\x99s Tuesday morning - wake up!\n\xf0\x9f\x8e\xb6\xf0\x9f\xa4\x98\xf0\x9f\x8f\xbb\n#guitar #RockAndRoll #toolateforlove #musicspeaks \n https://t.co/D7x54121yM'
2019-04-16 02:22:54,b'Its sad to see this happen but I hope the acoustics are still the same in this building! #newmusic #music #newalbum\xe2\x80\xa6 https://t.co/3Zm8s1L1JV'
2019-04-16 10:41:00,"b'J. S. #Bach: ""Sleepers Awake"" Chorale Prelude BWV 645 Arranged by Per-Olov #Kindgren https://t.co/FWmBVbbbJl #guitar #viol\xc3\xa3o'"
2019-04-16 01:37:43,"b'Jam like there\xe2\x80\x99s no tomorrow, cuz there might not be one #jammin #saxophone #guitar #rocknroll #tour\xe2\x80\xa6 https://t.co/f8eY1P3RuU'"
2019-04-15 22:03:01,b'Jamming with my boy @richybincorporated just a lil bit. #musician #southflorida #randbsoul #guitar https://t.co/pRQAwy1jJl'
2019-04-16 01:16:26,b'Jason is Back. Friday 4-6PM!\n#livemusic #guitar #localbeer #supportlocal #drinklocal #drinkfresh #freshbeer\xe2\x80\xa6 https://t.co/VLUOyMJXTk'
2019-04-16 15:50:06,b'jmothegreat 2 lit! @AndreDreHarris on drums #production #guitar #guitarists #live #greatness #follow #legends https://t.co/I7KxnTsFoS'
2019-04-16 12:30:09,b'John 5 - Tip of the Day - Behind the Nut Love #guitar https://t.co/IsCkTiqGhP'
2019-04-16 01:15:16,b'John Mayer jams with Eric Clapton in Japan #music #guitar https://t.co/nG2uJK34Zz'
2019-04-16 12:47:01,b'Johnny Winter\n\nPls check my #youtube channel - link in bio!\n\nThank you for following @onlybluesig\n\n#blues\xe2\x80\xa6 https://t.co/g1PivigMBH'
2019-04-16 13:28:03,"b'Join 12 people right now at ""How Do You Apply Guitar Licks You\'ve Learned? [Lessons]"" #cheers #music #entertainment\xe2\x80\xa6 https://t.co/NcuIcjIlEU'"
2019-04-15 23:18:33,"b'Join 4 people right now at ""Listen: This Is How Famous Guitar Pedals Compare to Their Cheap Behringer Copies | Arti\xe2\x80\xa6 https://t.co/xGz9R7fuRm'"
2019-04-16 18:02:13,b'Join the Jazz Super Bloom\xc2\xa0\xf0\x9f\x8e\xb8 - Guitar guru Kurt Rosenwinkel crafts new takes on jazz standards.\xe2\x80\xa6 https://t.co/sGCoclEzKb'
2019-04-15 22:55:51,b'Join us Thursday April 18th from 7-10pm #guitar #music via https://t.co/fCiBJ5wBe2 https://t.co/I1QX0sIhIb'
2019-04-16 11:56:46,"b'Josh Smith talks about Blues, especially on its ""change""\n\n#joshsmith\n#guitar\n#blues\n https://t.co/Lm2DyzRmOU'"
2019-04-16 14:42:50,b'Just Arrived! Nik Huber Krautster Onyx Black! #itsahighendguitarthing #guitarsofinstagram #worldguitars #guitar\xe2\x80\xa6 https://t.co/gaaguoCZfd'
2019-04-16 14:42:52,b'Just Arrived! Nik Huber Orca59 Faded Sunburst with Brazilian Fretboard! #itsahighendguitarthing #guitarsofinstagram\xe2\x80\xa6 https://t.co/wZklN4Q32B'
2019-04-16 12:48:28,b'Just in. Stunning PRS Paul\xe2\x80\x99s Guitar. Coming up in the June auction. #guitarauctions #paulreedsmith #prs\xe2\x80\xa6 https://t.co/BFK2cpB1ty'
2019-04-16 16:56:14,b'Just Pinned to The GN Repair Bench: Meet the Gibson Glimmer Twins! #fun #classic #lespauls #photooftheday #rock\xe2\x80\xa6 https://t.co/jNt0j5iiid'
2019-04-16 01:51:04,b'Just sayin.. #blues #badinfluenceband #bandsintown #epiphone #epiphonecasino #quilterlabs #ghsstrings #stageclix\xe2\x80\xa6 https://t.co/F7wDMdTjG9'
2019-04-15 23:37:39,b'Justin??\n\n #guitarist #black #soul #rap #rapper #hiphop #music #goodvibes #culture #feel #america #path #freedom\xe2\x80\xa6 https://t.co/SOmgE1Sv9B'
2019-04-16 00:00:15,"b'Kevin Suhr, the engineer behind the Suhr Reactive Load I.R., in his natural habitat. \n\xe2\x80\xa2\n\xe2\x80\xa2\n\xe2\x80\xa2\n#shotonfilm\xe2\x80\xa6 https://t.co/5KmJdr9C2N'"
2019-04-16 14:45:24,"b'Last night\xe2\x80\x99s Open mic at The Angel and Crown, Richmond (iPhone recording) myself covering Brett Young \xe2\x80\x98Ticket to LA\xe2\x80\xa6 https://t.co/OUgsp3OS8r'"
2019-04-16 14:44:27,"b'Last night\xe2\x80\x99s Open mic at The Angel and Crown, Richmond (iPhone recording) myself covering Brett Young \xe2\x80\x98Ticket to LA\xe2\x80\xa6 https://t.co/UFodUuc3Ar'"
2019-04-16 05:02:26,b'Late Night Guitar Noodles \xf0\x9f\x8e\xb8\xf0\x9f\x91\xbd\xf0\x9f\x8e\xb8\xf0\x9f\x96\x96 #guitar #music https://t.co/mPCoOmvO8F'
2019-04-16 16:39:21,"b'Latest #guitar #build #project almost done #fender #esquire #burst @ East Norwich, New York https://t.co/NXow4xMiQq'"
2019-04-16 17:59:00,b'Laying down a few of the final touches for our upcoming EP scheduled for release later this year.  Stay tuned!\xe2\x80\xa6 https://t.co/mjiMpAzzTi'
2019-04-16 06:40:33,b'Lead guitarist Rich strikes a chord and the whole place starts rockin ! #rockguitarist  #rock #classicrock\xe2\x80\xa6 https://t.co/Yvy32fEXnJ'
2019-04-16 06:52:56,b'Lee Jones - guitar\nMike Green - double bass\nWednesday 24th April 6.30pm start!\nDarwin\xe2\x80\x99s Kitchen Shrewsbury!\nLive Ja\xe2\x80\xa6 https://t.co/7Rdt1ySUsP'
2019-04-16 16:30:00,b'Let Go of What You Know https://t.co/PlfGRrWOZd #guitar #guitarist #guitarlessons #guitarplayer #guitarstuff #guitarsolo #guitarblog'
2019-04-16 15:50:14,"b'Lick? Song? Special Effect?\n\nTony Robbins?\n\n@YourGuitarSage tells how ""Walking On Fire"" can make you a better\xe2\x80\xa6 https://t.co/8uMRYzoQ5f'"
2019-04-16 15:52:18,b'Lindo endorsed artist @jodiemellorr with another great cover \xf0\x9f\x98\x83https://t.co/S20p1mHZ6l featuring the Lindo Bamboo Ec\xe2\x80\xa6 https://t.co/tDcjXJV4Q4'
2019-04-16 11:36:29,b'LISTEN now to the new FIRST EP! \xf0\x9f\x8e\xb6\xf0\x9f\x8e\xb6\xf0\x9f\x8e\xb6\n.\n.\n.\n.\n.\n#novembersky #music #firstep #song #songwriting #acoustic #live\xe2\x80\xa6 https://t.co/6YKoEPDRo0'
2019-04-15 23:02:06,b'Listen to Chromatic Invertebrates by Rath Campbell #np on #SoundCloud\nhttps://t.co/6mCGxOHS2y\n#experimental\xe2\x80\xa6 https://t.co/CYMovf93sq'
2019-04-16 15:47:50,b'Little jams with the Antikythera + Trigonaut. \n.\n.\n.\n.\n.\n#pedals #guitarpedals #stompbox #geartalk\xe2\x80\xa6 https://t.co/s01TBIibta'
2019-04-16 16:20:13,b'Live - Pillar of Davidson - Guitar Cover https://t.co/Kmh3iaQBxS via @YouTube #EdKowalczyk #Nineties #ClassicRock\xe2\x80\xa6 https://t.co/HBE5QXeXZb'
2019-04-16 08:07:38,"b'Live Music and Late night dinner,,,every MONDAY 8pm-Midnight at Bourbon Street Grill SCHENECTADY, NY #livemusic\xe2\x80\xa6 https://t.co/18oWDyVUDk'"
2019-04-16 16:12:19,b'Live Review of the Charvel Pro-Mod DK Satchel Signature Guitar! \nAmp: Boss Katana Air. \nGuitar Specs: \nAlder Body.\xe2\x80\xa6 https://t.co/VTU4UfNYHS'
2019-04-16 16:55:12,"b'Live Show Reviews, upcoming albums and many more details in latest issue of \nhttps://t.co/HbSeeQXAi3\n#music #jazz\xe2\x80\xa6 https://t.co/jQyRdHEi1p'"
2019-04-16 03:53:46,b'Lmao is that Gucci Mane? \xf0\x9f\xa7\x90\xf0\x9f\xa4\xa3\n.\n.\n.\n#guitar #ibanez #audiotechnica #protools #acoustic #musicmemes #piano #beats\xe2\x80\xa6 https://t.co/QLOmQpDfCs'
2019-04-16 13:35:19,"b'Looking for Sad, Guitar based trap beats? Check out my newest track I uploaded to @BeatStars \xe2\x80\x9cMelancholy\xe2\x80\x9d Download\xe2\x80\xa6 https://t.co/UqqWNIkzFZ'"
2019-04-16 02:13:19,"b'Mac DeMarco - Brooklyn, NY - August 4th, 2012.\n-\n-\n#MacDeMarco #NewYork #Guitar https://t.co/5aZls0YQGc'"
2019-04-15 22:05:00,b'Marked safe from adulthood. \n\n#singing #music #singer #musician #voice #guitar #songwriter #live #musically\xe2\x80\xa6 https://t.co/3KOqx4qBHN'
2019-04-16 15:39:58,"b'Martin Garrix - Mistaken (Guitar Cover) #\xd0\xb3\xd0\xb8\xd1\x82\xd0\xb0\xd1\x80\xd0\xb0, #guitar,#\xd1\x82\xd0\xb0\xd0\xb1\xd1\x83\xd0\xbb\xd0\xb0\xd1\x82\xd1\x83\xd1\x80\xd0\xb0,#tab#cover@guitarpro6 https://t.co/xxtbVhXMcq'"
2019-04-16 14:26:00,b'Maybe this one will be a guitarist? #truspazzmac #guitar #yogabbagabba @yogabbagabba @djlancerockog @ Jefferson Par\xe2\x80\xa6 https://t.co/5AljTzjO8O'
2019-04-16 12:14:18,b'Me &amp; My\xf0\x9f\x8e\xb8\n.\n.\n#artist #singer #singersongwriter #ranjhamera #newlook #style #stylebloggers #instamusic #youtuber\xe2\x80\xa6 https://t.co/u1pXQkSjCH'
2019-04-16 06:53:58,b'Me and my Cathy \xf0\x9f\x98\x8d\n.\n.\n.\n#gay #instagay #gayuk #singing #coldplay #guitar https://t.co/tTDQavLmEa'
2019-04-16 08:43:17,b'Meet Silver Back !!!!\n#sax #saxophone #guitar #electricguitar #livemusic #light #dancemusic #dance #electronicmusic\xe2\x80\xa6 https://t.co/p4K4qcKaF0'
2019-04-16 14:20:00,b'Melodic Soloing in 10 Days https://t.co/jOPacJnfYW #guitar #guitarist #guitarlessons #guitarplayer #guitarstuff\xe2\x80\xa6 https://t.co/BHRMWJ6C3D'
2019-04-16 10:16:49,b'Melvin Bishop.\n\xe2\x80\xa2\n\xe2\x80\xa2\n\xe2\x80\xa2\n\xf0\x9f\x8e\xb8 #yoaqui_juego #melody #shredding #toptags #play #gibson #fender #playmusic #instrument\xe2\x80\xa6 https://t.co/Q2NwVsOBSd'
2019-04-16 08:30:45,b'michaelschenkerrocks at the Whiskey in LA. @samsungtweets #phonephotography #msg #ufo #metal #whiskeyagogo\xe2\x80\xa6 https://t.co/osObmGa7CH'
2019-04-16 08:23:28,b'michaelschenkerrocks at the Whiskey in LA. @samsungtweets #phonephotography #msg #ufo #metal #whiskeyagogo\xe2\x80\xa6 https://t.co/sXg2E9edAk'
2019-04-16 05:33:23,"b'Missing NAMM weather, but not $9 Rum &amp; Coke\xe2\x80\x99s...\n\nHere\xe2\x80\x99s some rando energy drink fueled tapping from the TTM booth\xe2\x80\xa6 https://t.co/ksWV8dwmO6'"
2019-04-16 03:25:09,b'Monday Loopholes NYC Guitar Music #Guitar #Music #NYC #GuitarTeacher https://t.co/UOwZfkxYZX'
2019-04-16 15:28:30,b'Monday night &amp; tuned in\n.\n.\n.\n#belfast #northernireland #snapseed #music #guitar #culture #art #musicjunkie\xe2\x80\xa6 https://t.co/t5mipwppYd'
2019-04-16 15:15:05,"b'More ""motivation"" \xf0\x9f\x91\x89#bsmotivation\n.\n.\n.\n.\n.\n.\n.\n#guitar #guitars #guitarsolo #rockmusic #GuitarsDaily #guitarspotter\xe2\x80\xa6 https://t.co/fbP9u13Zn8'"
2019-04-16 15:16:36,"b'More ""motivation"" \xf0\x9f\x91\x89#bsmotivation\n.\n.\n.\n.\n.\n.\n.\n#guitar #guitars #guitarsolo #rockmusic #GuitarsDaily #guitarspotter\xe2\x80\xa6 https://t.co/jwKZBjvVdO'"
2019-04-16 15:15:49,"b'More ""motivation"" \xf0\x9f\x91\x89#bsmotivation\n.\n.\n.\n.\n.\n.\n.\n#guitar #guitars #guitarsolo #rockmusic #GuitarsDaily #guitarspotter\xe2\x80\xa6 https://t.co/wxytA4l4t1'"
2019-04-16 02:00:03,b'Music is such an amazing thing! \xf0\x9f\x8e\xb6\xf0\x9f\x8e\xb6 Comment below what your current favorite song is! \xf0\x9f\x8e\xb5\xf0\x9f\x8e\xb5\xf0\x9f\x94\x85#mondayquotes \n\xf0\x9f\x94\xa5\n\xf0\x9f\x94\xa5\nIf you a\xe2\x80\xa6 https://t.co/qop5SxPRT5'
2019-04-16 11:41:16,b'Music reviews...good? or bad...\n.\n.\n.\n#ChristopherCarrion #guitarist #canadianmetal #metal #metalhead #musician\xe2\x80\xa6 https://t.co/SUfP7B6nJU'
2019-04-16 13:21:30,b'Musicians typically have great coordination. Want to develop yours?\nLearn an instrument today. Check out\xe2\x80\xa6 https://t.co/EDUjwQ7Ypr'
2019-04-16 15:59:09,b'My #debut #musical #album / #CD is already available on #spotify !\n\xf0\x9f\x92\xbf\xf0\x9f\x8e\xb6\xf0\x9f\x92\xab\xf0\x9f\x8e\xa4\xf0\x9f\x92\xa1\xf0\x9f\x8e\x99\xe2\x9d\xa4\nhttps://t.co/ZIS3RvEiJC\n#RAFOLINO #Music\xe2\x80\xa6 https://t.co/kZwRUXQooq'
2019-04-16 12:02:26,b'my gretsch... #ikozosseghungary #ikozosseg #mik #guitar #gretsch #music #musician https://t.co/qwrvDR9AUk'
2019-04-16 04:14:41,b'My hand is the extension of the thinking process - the creative process.\n@AkshatDramaGrp\n\n#musican #film\xe2\x80\xa6 https://t.co/PPoK99U0G4'
2019-04-15 22:39:53,b'My husband is a #gearhead so we go to @MuseumMaknMusic often! One of my sons plays #guitar now and the other #drums\xe2\x80\xa6 https://t.co/cbyjbPLei1'
2019-04-16 15:06:37,b'My latest painting of @JimiHendrix Acrylic on Canvas #artist #painting #artistsoninstagram #artistsontwitter #music\xe2\x80\xa6 https://t.co/0cufCRyL30'
2019-04-16 17:11:39,b'My live rig \xf0\x9f\x92\x9c #guitarrig #guitar #music #guitarist #rock #musician #guitarplayer #guitarporn #guitarra #fender\xe2\x80\xa6 https://t.co/tZHXnQmGxe'
2019-04-16 08:10:58,"b'My wet dry wet silent setup ready for rehersals #guitar #guitartone #queen #brianmay #guitareffects @ Stockholm, Sw\xe2\x80\xa6 https://t.co/npU5n4UIzh'"
2019-04-16 12:00:31,b'Mystery Solved! #nasablackhole #missingguitarpicks #guitar #guitarpick #mysterysolved https://t.co/LqDq1GHXF3'
2019-04-16 17:30:01,b'Natural &amp; music - Music Garden- Art Tees etc. on sale!! https://t.co/HVgq37sQQc https://t.co/ipVaFISFPq #tshirts #music #guitar #natural'
2019-04-16 03:18:45,b'Negative Gravity opening for @EnuffZnuff at The Token Lounge 4/12/19\n\nCredit: Find Your Angle Photography\xe2\x80\xa6 https://t.co/WERVjBU305'
2019-04-16 17:14:35,b'NEIL TAYLOR MUSIC ROCKS! \xf0\x9f\x8e\xb6\n@neiltaylor1 #guitar #guitarist #singer #songwriter #musician\nhttps://t.co/dghY4AuS6g https://t.co/p7NY44LssL'
2019-04-16 17:42:49,b'Neo Classical metal punk rock shred https://t.co/hwN0sqJTJD #NowPlaying #guitar #blues #jazz'
2019-04-16 11:36:53,b'Never till the same ground relentlessly...instead seek out new pastures to mine...\n.\n.\n.\n#ChristopherCarrion\xe2\x80\xa6 https://t.co/YDXT6RWTPp'
2019-04-16 03:19:37,b'Never\nProduced by Lxve Me\n\n#lookingforbeats #beats #sendmebeats #lookingforbeats #music #MusicProducer #Guitar #lit\xe2\x80\xa6 https://t.co/MOUZqm63uD'
2019-04-16 12:01:15,b'New #Fender Alternate Reality Series Sixty-Six https://t.co/nXOQZtoxXT #Guitar #AlternateReality #SixtySix https://t.co/euKExrZN8L'
2019-04-16 13:44:35,b'New #guitar arrived today\xf0\x9f\x8e\xb8 Thanks to @gear4music - this gem is a real bargain. Fret ends need filing but overall I\xe2\x80\xa6 https://t.co/0rQeyv7vT8'
2019-04-16 16:02:44,b'New #guitar tuning - #DGCG#AD https://t.co/CRPRWdSlJY #gtdb'
2019-04-16 10:53:30,b'New Cover! \xf0\x9f\x92\x9a\xf0\x9f\x8e\xb6\xf0\x9f\x8c\x8e\n\xe2\x80\x9cComethru\xe2\x80\x9d - Jeremy Zucker \xf0\x9f\x98\x8d\xf0\x9f\xa4\x99\nand 2 new VLogs! \xf0\x9f\x87\xbb\xf0\x9f\x87\xb3\xf0\x9f\x8c\xb8\nYT Link In Bio \xf0\x9f\xa6\x8b\xf0\x9f\xa6\x81\xf0\x9f\x90\xb0\n\n#jeremyzucker #comethru #pop\xe2\x80\xa6 https://t.co/iy59O0lHMC'
2019-04-16 17:40:17,"b'New episode today ft. @JadenCarlson! She played alongside @michaelfranti and Blues Traveler at Red Rocks at age 11,\xe2\x80\xa6 https://t.co/0A6xxjTOs5'"
2019-04-16 12:08:45,b'NEW GIVEAWAY!\n\n#Enter to #Win a Hand Made Zager Easy Play Custom Guitar!\n\nhttps://t.co/NKYYAFheTQ   #RT #ReTweet\xe2\x80\xa6 https://t.co/6IO1Sh9yGk'
2019-04-16 12:00:51,b'NEW GIVEAWAY!\n\n#Enter to #Win a Hand Made Zager Easy Play Custom Guitar!\n\nhttps://t.co/NKYYAFheTQ \xe2\x80\xa6 \xe2\x80\xa6 \xe2\x80\xa6 #RT\xe2\x80\xa6 https://t.co/g9a12NFYZe'
2019-04-16 14:26:47,b'New lilnasx Type beat \xf0\x9f\x94\x8aWin\xf0\x9f\x94\x8a #808 #studio #producer #artist #beats #guitar #drums #hiphop #gunna #youngthug #trap\xe2\x80\xa6 https://t.co/jOiFMlO8FT'
2019-04-16 15:12:57,b'New Model! Marchione 59 Burst GS. 24 3/4\xe2\x80\x9d Scale. https://t.co/QP69Sb06nN #sublime #handmade #texas #luthier #guitar\xe2\x80\xa6 https://t.co/PaGIZrSwN9'
2019-04-16 04:27:39,b'New music Soon! #Sundayz All Offense S/O The Team Yaa\n\xe2\x80\xa2\n\xe2\x80\xa2\n\xe2\x80\xa2\n\xe2\x80\xa2\n\xe2\x80\xa2\n\xe2\x80\xa2\n\xe2\x80\xa2\n\xe2\x80\xa2\n\xe2\x80\xa2\n\xe2\x80\xa2\n\xe2\x80\xa2\n\n#Studio #hiphop #rap #stu #Nw\xe2\x80\xa6 https://t.co/HnKOpOd34l'
2019-04-15 23:26:44,b'New Nixons single \xe2\x80\x9cCrutch\xe2\x80\x9d available everywhere 4/19/19 #rockband #rock #music #rockmusic #thenixons #band\xe2\x80\xa6 https://t.co/USIbRVV3oP'
2019-04-16 15:33:52,b'New post #(Ludovico Einaudi - Una Mattina Midi Download) has been published on Gearfact - https://t.co/L3RLWAoDUF\xe2\x80\xa6 https://t.co/70fOoIWBXm'
2019-04-16 17:38:44,b'New post #A Star Is Born - Black Eyes Midi Download has been published through - https://t.co/ggGclJDX3B\n\n#midi\xe2\x80\xa6 https://t.co/4cwpfhXw9u'
2019-04-16 17:57:26,b'New post #A Star Is Born - Shallow Midi Download has been published through - https://t.co/XEkYy11jPm\n\n#midi\xe2\x80\xa6 https://t.co/he6zRx8BB4'
2019-04-16 16:49:51,b'New post #As I Lay Dying - Redefined Drum Track Download mp3 has been published through - https://t.co/iGiqF2Adnn\xe2\x80\xa6 https://t.co/VOWtX5TFaD'
2019-04-16 17:19:29,b'New post #As I Lay Dying - Redefined Midi Download has been published through - https://t.co/4xfY22nImG\n\n#midi\xe2\x80\xa6 https://t.co/PqKmhQj263'
2019-04-16 17:02:47,b'New post #Billie Eilish - Lovely Midi Download has been published through - https://t.co/9trBIyLLRy\n\n#midi\xe2\x80\xa6 https://t.co/mxiE7YJL23'
2019-04-16 15:50:31,b'New post #Ludovico Einaudi - Una Mattina Midi Download has been published through - https://t.co/L3RLWAoDUF\n\n#midi\xe2\x80\xa6 https://t.co/s1Neoka7rH'
2019-04-16 16:08:56,b'New post #Mokadelic - Tragic Vodka Midi Download has been published through - https://t.co/qLLO31EuB6\n\n#midi\xe2\x80\xa6 https://t.co/8IRTMy5GN1'
2019-04-16 02:26:14,b'NEW SONG IS FIRE https://t.co/QNy5EGij1C #lilpeep #emo #emorap #cloudrap #soundcloud #promo #newmusic #rap\xe2\x80\xa6 https://t.co/Ly19FHLj6M'
2019-04-16 00:57:04,b'New to the guitar? Learn how to properly tune your guitar with our complete beginners guide.\xe2\x80\xa6 https://t.co/b42Hm8mH4Z'
2019-04-15 23:28:02,b'New to the guitar? Learn how to properly tune your guitar with our complete beginners guide.\xe2\x80\xa6 https://t.co/sl49dyajxE'
2019-04-16 15:17:30,"b'NEW VIDEO: This has to be one of the most majestic pieces played on the guitar - J.S. Bach\xe2\x80\x99s Prelude in E Major, BW\xe2\x80\xa6 https://t.co/LwBSVHEewp'"
2019-04-16 18:03:40,b'New YouTube video! \nGuitar Lessons : The Chromatic scale (the Easy Way!) https://t.co/ytNPNGJy9Q via @YouTube .\xe2\x80\xa6 https://t.co/U07sgKRwi3'
2019-04-16 15:00:01,b'No Theory Guitar Soloing https://t.co/9sWyuuN6fE #guitar #guitarist #guitarlessons #guitarplayer #guitarstuff\xe2\x80\xa6 https://t.co/SOQusmgwwO'
2019-04-16 04:56:05,b'Not sure about this take. Do you think it\xe2\x80\x99s a keeper? Improvised solos over open kinda drum stuff is a challenge fo\xe2\x80\xa6 https://t.co/ZII2shpgIB'
2019-04-16 10:58:12,b'Nothing Beats Cranking It In a Soundproof Live Room :D #Strat #Guitar #Pedalboard #Pedals #Microphone #4x12cab\xe2\x80\xa6 https://t.co/fFEeEHPVjY'
2019-04-16 03:09:39,b'Now WE WANT TO FOLLOW YOUR MUSIC! SHARE TO @Post_FaderRadio\n\n#musician #music #singer #artist #guitar #songwriter\xe2\x80\xa6 https://t.co/FH5f33uyxz'
2019-04-16 17:42:21,"b'Now you can get the tab for ""My Little Breakdown"". Link in bio #guitar #music #sheetmusic #guitartabs #countrymusic\xe2\x80\xa6 https://t.co/jUhSzwyz7n'"
2019-04-16 15:47:34,"b'Ok, it\xe2\x80\x99s Tele-Tuesday. Here\xe2\x80\x99s mine, show us yours! #telecaster #fendertelecaster #fendertelecastercustom #tele\xe2\x80\xa6 https://t.co/ABw8kNQsj0'"
2019-04-16 05:30:38,"b'Old riff new clean tone, thoughts? #guitar #axlguitars #bedroomguitarist #music #musician #fullsongsoon #cleantone\xe2\x80\xa6 https://t.co/DGRc60fVv7'"
2019-04-16 02:40:12,b'Old school riffs meet instrumental #guitar. Satriani/Metallica/Iron Maiden \nhttps://t.co/EhAVAvK7zC\n#FREE #Mp3'
2019-04-16 01:09:11,b'ON YOUR KNEES for THE GREAT KAT! \nPhoto taken 4/14/19 at BAND SCENES from DAY 4 of NEW #MOZART MUSIC VIDEO SHOOT! P\xe2\x80\xa6 https://t.co/2pArBmFxfK'
2019-04-16 01:14:52,b'ON YOUR KNEES for THE GREAT KAT!\nPhoto taken 4/14/19 at BAND SCENES from DAY 4 of NEW #MOZART MUSIC VIDEO SHOOT! Pe\xe2\x80\xa6 https://t.co/7k4hQ3ggg3'
2019-04-16 08:21:50,b'One of these lil boxes has just recently been described as the world\xe2\x80\x99s most powerful effects pedal \xf0\x9f\x92\xaa\xf0\x9f\x8f\xbc\xe2\x9c\xa8 Cast your vo\xe2\x80\xa6 https://t.co/IGnLRIzaUg'
2019-04-16 07:16:13,b'or check out &gt; https://t.co/ScqPFYP5yK || #guitar #riffs 1950/60s F Hole\xc2\xa0 Acoustic Guitar https://t.co/mSIubWdOvL'
2019-04-16 08:06:27,b'or check out &gt; https://t.co/ScqPFYP5yK || #guitar #riffs Acoustic Guitar (metal strings) with soft case https://t.co/fKKLpiLEcg'
2019-04-16 08:06:28,b'or check out &gt; https://t.co/ScqPFYP5yK || #guitar #riffs acoustic guitar https://t.co/9LH8xGngUy'
2019-04-16 07:16:14,b'or check out &gt; https://t.co/ScqPFYP5yK || #guitar #riffs Berkley Junior Acoustic Guitar and case along with two beg\xe2\x80\xa6 https://t.co/3NPgelqiY8'
2019-04-16 07:16:18,b'or check out &gt; https://t.co/ScqPFYP5yK || #guitar #riffs Brunswick semi-electric/acoustic 6 string guitar in excell\xe2\x80\xa6 https://t.co/oXFrxjEMsb'
2019-04-16 07:16:16,b'or check out &gt; https://t.co/ScqPFYP5yK || #guitar #riffs Epiphone AJ Acoustic Guitar and gig bag needs strings https://t.co/iYSWsbCbu0'
2019-04-16 07:16:15,b'or check out &gt; https://t.co/ScqPFYP5yK || #guitar #riffs Fender Squier 093-0300-021 Steel String Acoustic Guitar Ri\xe2\x80\xa6 https://t.co/aG92h8J9f7'
2019-04-16 07:16:20,b'or check out &gt; https://t.co/ScqPFYP5yK || #guitar #riffs Fender Squier Acoustic Guitar https://t.co/cjC8PHPXsB'
2019-04-16 07:16:12,b'or check out &gt; https://t.co/ScqPFYP5yK || #guitar #riffs Harmony USA acoustic guitar H6690 1974 https://t.co/bS5Qt1LwVt'
2019-04-16 07:16:19,b'or check out &gt; https://t.co/ScqPFYP5yK || #guitar #riffs HONDO Model H124B 6 String Right Handed Black Acoustic Gui\xe2\x80\xa6 https://t.co/ZX53IbUJ99'
2019-04-16 08:06:26,b'or check out &gt; https://t.co/ScqPFYP5yK || #guitar #riffs Meastro by Gibson mini guitar  https://t.co/xdLzsQLcdE'
2019-04-16 07:16:18,b'or check out &gt; https://t.co/ScqPFYP5yK || #guitar #riffs Tanglewood TW15 NS All Solid Guitar https://t.co/6Zfb2JJ4Ps'
2019-04-16 07:16:17,b'or check out &gt; https://t.co/ScqPFYP5yK || #guitar #riffs UNBRANDED Full Size 6 String Acoustic Guitar Single Cutawa\xe2\x80\xa6 https://t.co/DcYTBBW98Z'
2019-04-16 07:16:13,b'or check out &gt; https://t.co/ScqPFYP5yK || #guitar #riffs Walden Madera CG4041 CERT Dreadnought Acoustic Guitar https://t.co/cfOjWr0MZF'
2019-04-16 07:16:15,b'or check out &gt; https://t.co/ScqPFYP5yK || #guitar #riffs Washburn green acoustic guitar D-11 TBL https://t.co/VHTOu5whDH'
2019-04-16 07:16:19,b'or check out &gt; https://t.co/ScqPFYP5yK || #guitar #riffs Washburn Rover Acoustic Guitar - Travel Guitar.\xc2\xa0 https://t.co/wicfS5qLU8'
2019-04-16 07:16:16,"b'or check out &gt; https://t.co/ScqPFYP5yK || #guitar #riffs Yamaha FG700MS acoustic guitar. looks good, sounds great,\xe2\x80\xa6 https://t.co/RNeR27RFKQ'"
2019-04-16 15:07:18,b'Order your very own #LimitedEdition #Neumankazi #guitar today! \n\nhttps://t.co/l8ePg7Af7B https://t.co/x8uwClHMX4'
2019-04-16 04:25:13,b'Order yours today (in a cool @AngelusDirect #dye finish)!  #guitar \n\nhttps://t.co/WpMIUt5x2Z https://t.co/zmYqiSyIul'
2019-04-16 11:58:45,b'Our \xe2\x80\x98Hey hey my my\xe2\x80\x99 print has found a lovely little home in ol\xe2\x80\x99 Amsterdam \xe2\x9d\xa4\xef\xb8\x8f\n.\n.\n.\n#heyheymymy #neilyoung #guitar\xe2\x80\xa6 https://t.co/RtDEgWJoh8'
2019-04-16 09:22:33,"b'Our 50% OFF CLEARANCE SALE ENDS 30 APRIL 2019 \xe2\x80\xbc\xef\xb8\x8f\xe2\x80\xbc\xef\xb8\x8f\nBe sure to get your hands on our left over stock \xf0\x9f\x8e\xb8 \n\nHurry, whil\xe2\x80\xa6 https://t.co/lHOePLqLPg'"
2019-04-16 16:31:01,b'Our guitarist ash famously said \xe2\x80\x9cat a huge hippie festival\xe2\x80\x9d \xf0\x9f\x98\x82 \n\n#artistic #guitar #punk #song #musician #recording\xe2\x80\xa6 https://t.co/UmkLRLZCkR'
2019-04-16 03:56:39,b'Our program from the first-ever Now Musique Concert Series in Boston. \n\nThank you @AaronLC for asking me to be the\xe2\x80\xa6 https://t.co/i5SIsrc1TD'
2019-04-16 08:31:02,b'Pat Metheny \xe2\x80\x93 Watercolors\nhttps://t.co/J5Iz9XKrhw\n#jazz #jazzmusic #guitar #guitarjazz #PatMetheny #ECM https://t.co/ukY8pJMHEQ'
2019-04-16 11:14:02,b'Peoples thoughts on the higher gain zendrive? I personally like it with the gain lowered an used as more of a clean\xe2\x80\xa6 https://t.co/Fj0W6d69i7'
2019-04-16 16:00:50,b'Please check out our friends @theguitarcrate  for special curated boxes of #guitar #bass #gear https://t.co/MY6UUnIK3N'
2019-04-16 06:27:40,b'Please join us in wishing our lead singer Rob  a Happy Birthday \xe2\x9c\x8c\xf0\x9f\x8f\xbd\xf0\x9f\x8e\x82 \xf0\x9f\x8d\xba\n#vocals #guitar #band #colintheband #leeds\xe2\x80\xa6 https://t.co/7mHJjD3b1J'
2019-04-16 08:59:34,b'Posted withrepost \xe2\x80\xa2 musiciansshowcase This is Awesome \xf0\x9f\x98\x82\n\xf0\x9f\x92\xab DM Us to Purchase a Guaranteed Feature!\n.\nVideo By:\xe2\x80\xa6 https://t.co/6Lp5SJDdlb'
2019-04-15 22:48:00,b'Practicing the guitar with my incredible guitar coach Aldo \xf0\x9f\x8e\xb8\xf0\x9f\x8e\xb8\xf0\x9f\x8e\xb8 #guitar #guitarist #guitarlessons #music #musician\xe2\x80\xa6 https://t.co/Xo0e6stSut'
2019-04-16 01:55:59,b'Pretty strange name for a guitar line... Fender Launches New Alternate Reality Series Sixty-Six Electric Guitar\xe2\x80\xa6 https://t.co/MVcvfc86gt'
2019-04-16 11:25:56,b'Problem solving by approaching the conundrum obliquely...\n.\n.\n.\n#ChristopherCarrion #guitarist #canadianmetal\xe2\x80\xa6 https://t.co/21nXlljzdr'
2019-04-16 05:09:49,"b'Production still of singer / guitarist #NickJTownsend from the ""Loyal Coward"" music video by British band @WEAK13 s\xe2\x80\xa6 https://t.co/t7lqGBX2KO'"
2019-04-16 08:39:51,"b'Proud daddy.... Daniels first guitar, big 6 today!!!! #birthday #firstguitar #guitar https://t.co/EkqnHgZhZ2'"
2019-04-16 15:25:26,b'Rafa Raposo shows us the best guitars for country music. What our YouTube Channel Video\nhttps://t.co/TtlcOr3gJS\xe2\x80\xa6 https://t.co/PVqfjAunSS'
2019-04-16 15:27:58,b'Rammstein shares riffs from their upcoming new album!\n\n#musicnews #frecuenciarocknews #riffs #rammstein #music\xe2\x80\xa6 https://t.co/WB64VLaeIs'
2019-04-16 03:06:42,"b'Read Gossipela review of my debut EP, A New City EP: https://t.co/VjThvn05jF #indie #indierock #indiemusic\xe2\x80\xa6 https://t.co/zuxNmWcbIR'"
2019-04-16 01:25:31,b'Reader Guitar of the Month: Not a Ric  https://t.co/dYknuYoFDq #Guitar #Music'
2019-04-16 14:56:29,b'Ready to rock some fun shows this summer! \xe2\x9a\xa1\xef\xb8\x8fGET ELECTRIFIED!\xe2\x9a\xa1\xef\xb8\x8f\n\n.\n.\n.\n.\n#tfe #thefallenelectric #guitar #bass\xe2\x80\xa6 https://t.co/0yUVS5EN19'
2019-04-16 01:05:19,b'Reflections \nhttps://t.co/oUf5mXUnHY \n#folk #guitar #singer #songwriter #original #music #vocal #lyrics #FrankCanna'
2019-04-16 15:17:33,b'Remember where you come from \xf0\x9f\x98\x8c\xf0\x9f\x92\x9f\n#asburypark #music #neptune #theneptunes #timemarcheson #rock #poppunk #newjersey\xe2\x80\xa6 https://t.co/JP63tLopTt'
2019-04-16 09:17:02,b'Reverend 2017 Reeves Gabrels Dirtbike in Metallic Violet - Pre-Owned. \xf0\x9f\xa6\x87\n\nAvailable at Sound Affects -\xe2\x80\xa6 https://t.co/s2DmWOjpy7'
2019-04-16 02:13:34,b'Rhythm section drip \xf0\x9f\x92\xa7#Starboy #guitar #bass #drums #shakycam\n.\n.\n.\n#PebbletoPearl #guitarist #bassist #drummer\xe2\x80\xa6 https://t.co/gYlPiFoHB2'
2019-04-16 14:44:59,"b'Rock chick keyring, guitar keyring\nhttps://t.co/1nXinLbHvh\n#rockchick #guitar #kidskeyring #onlinecraft #epiconetsy https://t.co/LYm6FNq0yZ'"
2019-04-16 15:58:54,"b'Rock me Lock you(music video) by,hidenori https://t.co/mJQTph8ReS #guitar #\xe3\x82\xae\xe3\x82\xbf\xe3\x83\xbc #MusicVideo #PV'"
2019-04-16 00:31:46,b'Rockin with this guitar for 8 years!\nJackson SL-1\nhttps://t.co/qmPWK2FZAI\n#jacksonguitars #guitar #electricguitar\xe2\x80\xa6 https://t.co/rUY2pDltpL'
2019-04-16 10:58:48,b'Routing out the Body Cavities in My PRS Semi-Hollow Body #Guitar https://t.co/rk0aGUm9RC #guitarrepair'
2019-04-16 11:07:50,"b""Some slow underground heist funk music I've nearly finished \xf0\x9f\x8e\xb8\xf0\x9f\x8e\xba\n/\n/\n#funk #funky #hiphop #underground #heist #groove\xe2\x80\xa6 https://t.co/xKSE86Xa6F"""
2019-04-16 14:01:12,"b""Spent hours making this but I love my guitar shelf. My youngest won't let me make another just yet because she does\xe2\x80\xa6 https://t.co/hg2cVBpU8i"""
2019-04-16 11:22:01,"b""Springsteen fan? Learn how to play the live acoustic version of his classic 'Born To Run' track via this easy to fo\xe2\x80\xa6 https://t.co/MAH2XBmNlG"""
2019-04-16 00:30:21,"b""Stoner insight into Kiss. \nThe song Beth wouldn't be as depressing if Beth had children to keep her comfy, warm and\xe2\x80\xa6 https://t.co/PX1kBzDXIX"""
2019-04-16 05:21:59,"b""Stuck in a doctor's waiting room and they're testing the alarms in the building, but they're playing a Diana Krall\xe2\x80\xa6 https://t.co/QYC4csKz15"""
2019-04-16 16:09:06,"b""Telling Darragh(6) how it's not appropriate for some 'Claire' who I've never met to come and stop over and sleep in\xe2\x80\xa6 https://t.co/qEjlxWP0E9"""
2019-04-16 09:49:51,"b""The only pic of the #slimegreen #strat I built a couple years back don't know where the rest went \xf0\x9f\xa4\x94 beside my first\xe2\x80\xa6 https://t.co/JCW6z72ALQ"""
2019-04-16 15:15:22,"b""The shadows of Told's Club\n#guitar #robertrodrigo #ibanezguitars #musicphotos #guitarlife https://t.co/4tJwZtD7sx"""
2019-04-16 02:42:28,"b""This thing is frickin' cool! Check out Xvive Audio U2 Digital Wireless Guitar System (BLK) Original Box - 100' Rang\xe2\x80\xa6 https://t.co/Bu8Bin8p4I"""
2019-04-16 07:35:29,"b""Time to get super charged! @djdougal @electricfoxmusic I'm looking forward to getting my mix with @cottsdj out with\xe2\x80\xa6 https://t.co/ORbNdMmAff"""
2019-04-16 07:34:49,"b""Time to get super charged! @djdougal electricfoxmusic I'm looking forward to getting my mix with cottsdj out with s\xe2\x80\xa6 https://t.co/krg8t5cmx0"""
2019-04-16 17:48:40,"b""Trying out my new gear, including a loop pedal! Let's fail together LUL \nhttps://t.co/kz1rzEv9zr\n#live #twitch #acoustic #guitar #loop"""
2019-04-16 04:06:50,"b""Vid part 2! Jamming on the ending idea. Raw and a lil messy but it's coming together\xf0\x9f\x98\x8e\n#music #beats #vibes #feels\xe2\x80\xa6 https://t.co/KtisHK6zzt"""
2019-04-15 23:56:37,"b""Waiting to find one in Vintage sunburst then pulling trig on one of these @epiphone Casino's they're great.\n.\n.\n.\n.\xe2\x80\xa6 https://t.co/jQGjpRHTqb"""
2019-04-16 06:02:01,"b""Watch  @JayNeubauer's broadcast: Late Night Guitar Noodles \xf0\x9f\x8e\xb8\xf0\x9f\x91\xbd\xf0\x9f\x8e\xb8\xf0\x9f\x96\x96 #guitar #music https://t.co/hNp9N3ai3T"""
2019-04-16 12:00:01,"b""Watch @JayNeubauer's broadcast: Late Night Guitar Noodles \xf0\x9f\x8e\xb8\xf0\x9f\x91\xbd\xf0\x9f\x8e\xb8\xf0\x9f\x96\x96 #guitar #music https://t.co/IyBIKaUpMu"""
2019-04-16 04:11:42,"b""Watch @JoshuaMaxey's broadcast: Monday Loopholes NYC Guitar Music #Guitar #Music #NYC #GuitarTeacher https://t.co/4v90LWySLI"""
2019-04-16 03:33:20,"b""Watch @JoshuaMaxey's broadcast: Monday Loopholes NYC Guitar Music #Guitar #Music #NYC #GuitarTeacher https://t.co/lAJddGkjL5"""
2019-04-16 04:03:21,"b""Watch @JoshuaMaxey's broadcast: Monday Loopholes NYC Guitar Music #Guitar #Music #NYC #GuitarTeacher https://t.co/WJRRa26imI"""
2019-04-16 04:28:04,"b""Watch what happened at 0:10 in @jslatis's broadcast: #guitar a little https://t.co/xTSOued9Vz"""
2019-04-16 06:06:24,"b""Watch what happened at 1:03:35 in @JayNeubauer's broadcast: Late Night Guitar Noodles \xf0\x9f\x8e\xb8\xf0\x9f\x91\xbd\xf0\x9f\x8e\xb8\xf0\x9f\x96\x96 #guitar #music https://t.co/EAwy5GNCy1"""
2019-04-16 05:14:30,"b""Watch what happened at 11:50 in @JayNeubauer's broadcast: Late Night Guitar Noodles \xf0\x9f\x8e\xb8\xf0\x9f\x91\xbd\xf0\x9f\x8e\xb8\xf0\x9f\x96\x96 #guitar #music https://t.co/4ZMU4wtl6K"""
2019-04-16 13:26:47,"b""Watch what happened at 34:12 in @JayNeubauer's broadcast: Late Night Guitar Noodles \xf0\x9f\x8e\xb8\xf0\x9f\x91\xbd\xf0\x9f\x8e\xb8\xf0\x9f\x96\x96 #guitar #music https://t.co/4wouRoFahk"""
2019-04-16 13:34:43,"b""Watch what happened at 42:04 in @JayNeubauer's broadcast: Late Night Guitar Noodles \xf0\x9f\x8e\xb8\xf0\x9f\x91\xbd\xf0\x9f\x8e\xb8\xf0\x9f\x96\x96 #guitar #music https://t.co/hlkm4VKv3m"""
2019-04-16 12:42:45,"b""We'll be reborn when the bearer comes to term #sheffield #band #livemusic #sheffieldissuper #intothered #bonfire\xe2\x80\xa6 https://t.co/B0QnwBqJlv"""
2019-04-16 12:23:15,"b""We've released the new item on ETSY.\nhttps://t.co/0mNMDiBSy1\n#daikingcorporation #guitar #guitarpick\xe2\x80\xa6 https://t.co/M1wbsk0unv"""
2019-04-16 12:33:23,"b""What a shot from ty_raynerphoto !!\n\nCan't accuse me of holding back at the grand final this week \xf0\x9f\xa4\xa3\xe2\x80\xa6 https://t.co/tclUtn6vNQ"""
2019-04-16 16:07:36,"b""What's your favorite #Kapsule feature? #gruvartist @rubenwan shares his first impressions on our new #guitar bag th\xe2\x80\xa6 https://t.co/7G3YjRE7UB"""
2019-04-15 23:00:59,"b""Wouldn't you want to learn from a school who teach 40,000 a month?\n\nOur partner Furtados Music provides us with the\xe2\x80\xa6 https://t.co/zSExVatvLw"""
2019-04-16 17:07:01,"b""Yep, I'm dumb enough to release 2 single this month: roots rocker Frog Alley out today; next week hero bio and anti\xe2\x80\xa6 https://t.co/qHkuOdaDWa"""
2019-04-16 17:02:23,"b""You know what's fun? Singing backup with Tyler! Here he is #drumming and #singing at ZenDen this past weekend! Apri\xe2\x80\xa6 https://t.co/8p8iVdQxiz"""