643,http,841
3764,guitar,661
4085,music,394
1051,piano,355
3007,the,257
2199,gt,229
2673,play,220
4556,today,199
2554,new,198
40,RT,180
4636,violin,153
562,go,146
1874,check,141
2970,swapnishj,139
1291,song,131
1964,day,130
4360,see,130
1688,amp,121
986,one,110
2416,love,108
2575,nowplay,105
1597,you,103
785,lesson,101
1571,win,94
2193,great,93
1548,watch,90
1424,thi,89
2305,jazz,89
298,classic,88
3633,enter,87
1522,video,85
3736,get,85
2354,know,83
3227,We,81
2519,morn,80
1937,cover,79
4551,time,78
956,night,77
3063,tune,77
2395,live,75
1917,come,74
3271,amaz,73
3793,heaven,72
328,concert,71
1601,youtub,70
803,littl,69
2675,playinglesshurt,69
180,beat,67
209,blue,66
3346,beauti,66
3948,learn,66
3287,april,65
354,creativ,63
1081,post,63
768,last,62
85,album,61
999,orchestra,61
3776,happi,61
2105,first,60
3681,fender,60
795,like,59
1019,part,57
1632,My,57
3765,guitarist,56
4386,show,56
942,never,55
1588,year,55
2188,got,55
4666,week,55
544,gear,54
1143,record,54
1498,unplugg,54
1545,want,54
35,Of,53
1599,your,52
1132,readi,51
1436,throne,51
1506,us,50
1626,It,50
3749,good,50
3979,look,50
1039,perform,48
1086,practic,48
1425,thing,48
2435,make,48
2773,robboranx,48
3377,black,48
738,kawaipiano,47
1285,solo,47
1625,In,47
2121,follow,47
1560,what,46
597,happen,45
1579,work,45
3325,back,45
1153,releas,44
1347,string,44
3722,game,44
4303,right,44
3333,bass,43
4313,rock,43
4408,slash,43
1815,broadcast,42
3972,listen,42
417,download,40
1647,To,40
2674,player,40
4027,martalmcompos,40
1262,singl,39
4294,review,39
2240,here,38
2369,latest,38
3005,thank,38
3187,Do,38
3240,acoust,38
4000,made,38
4563,tonight,38
2538,musician,37
3649,ever,37
4652,wait,37
90,alo,36
696,jayneubau,36
2097,final,36
3991,luiz,36
4148,open,36
4538,think,36
641,how,35
982,old,35
1160,repost,35
1382,take,34
1931,cool,34
2208,ha,34
3859,instrument,34
200,best,33
531,from,33
935,need,33
1214,scale,33
2604,our,33
2743,rehears,33
4053,midi,33
4369,session,33
4583,tri,33
3,An,32
583,gui,32
3037,tomorrow,32
3199,Is,32
3294,arriv,32
4626,vibe,32
1050,pianist,31
1537,voic,31
2318,join,31
3040,top,31
3193,Go,31
3961,life,31
4574,track,31
526,free,30
642,ht,30
1139,reason,30
1460,tophat,30
2036,enjoy,30
2381,lespaul,30
3526,custom,30
4041,medley,30
4482,student,30
30,Me,29
665,improvis,29
1260,sing,29
1743,band,29
2299,jam,29
2848,share,29
203,bit,28
224,break,28
443,electr,28
1134,realli,28
1217,school,28
1713,art,28
1884,chord,28
2142,friend,28
3939,late,28
4568,tour,28
4638,violinist,28
838,mani,27
913,mu,27
1331,star,27
1363,super,27
1462,touch,27
3270,alway,27
3792,hear,27
465,even,26
798,link,26
1489,two,26
2463,may,26
3141,wonder,26
3148,world,26
3152,would,26
3716,fun,26
4675,white,26
109,and,25
141,artist,25
317,com,25
385,debut,25
576,green,25
2907,start,25
3163,yesterday,25
89,all,24
216,book,24
445,eleonorbindman,24
468,everyon,24
773,lead,24
804,liv,24
1035,peopl,24
1301,sound,24
2128,found,24
2511,moment,24
2975,symphoni,24
3137,with,24
3602,drum,24
3685,fiddl,24
3713,freemus,24
4448,spotifi,24
4676,wi,24
121,announc,23
248,call,23
510,fineartbyannett,23
987,onlin,23
1053,pic,23
1406,th,23
1480,tuesday,23
1552,weekend,23
1609,As,23
1624,IS,23
1838,camera,23
1904,co,23
2101,finish,23
2123,for,23
2256,htt,23
2542,na,23
2558,newmus,23
2665,piec,23
2742,red,23
2926,stori,23
3650,everi,23
3768,guy,23
4220,power,23
891,monday,22
1252,shop,22
2213,hand,22
3737,gig,22
3910,key,22
4370,set,22
324,compos,21
1085,pr,21
1183,room,21
2073,fact,21
2713,put,21
2746,relax,21
3363,better,21
3802,hi,21
4543,three,21
123,anoth,20
730,just,20
1360,sunday,20
2422,lxve,20
2562,next,20
2825,se,20
2960,sunset,20
3144,word,20
3221,Th,20
471,excit,19
558,give,19
853,meet,19
1261,singer,19
1550,way,19
1692,angel,19
2086,featur,19
2202,guit,19
2311,joe,19
2545,name,19
2811,say,19
3324,bach,19
3821,hope,19
4344,saturday,19
4357,season,19
4624,version,19
4673,when,19
46,TO,18
326,composit,18
494,feel,18
553,gibson,18
581,gu,18
722,joshuamaxey,18
900,motiv,18
968,now,18
1116,question,18
1376,system,18
1397,telecast,18
1774,big,18
1840,can,18
2255,hous,18
2412,looph,18
2433,majo,18
2461,matter,18
2765,riff,18
2915,still,18
2951,summer,18
3058,truefir,18
3098,vintag,18
3285,appropri,18
3318,awesom,18
3412,bsmotivat,18
3628,end,18
4110,newbi,18
4196,pia,18
4210,pleas,18
4264,raeher,18
4323,rosebartu,18
4505,tab,18
4685,wish,18
75,afternoon,17
181,beatl,17
549,georg,17
1206,san,17
1932,corea,17
2079,fan,17
2099,find,17
2225,have,17
2404,london,17
2484,metal,17
2502,miss,17
2525,much,17
2603,ou,17
3292,around,17
3596,dream,17
3885,john,17
3902,kat,17
4483,studio,17
569,gr,16
655,idea,16
693,jamai,16
1089,present,16
1188,rubaalhammouri,16
2110,fli,16
2708,project,16
2888,someth,16
3073,type,16
3184,Ca,16
3226,Vu,16
3490,collect,16
3788,hayoonginisplay,16
3795,help,16
3801,hey,16
3872,item,16
4043,memori,16
4312,road,16
4603,upcom,16
4660,wear,16
5,Ba,15
218,born,15
529,friday,15
533,funk,15
614,heart,15
1048,pi,15
1142,recit,15
1286,some,15
1408,that,15
1442,ticket,15
1613,Ch,15
1621,Hi,15
1637,On,15
2083,favorit,15
2344,kawai,15
2518,more,15
2676,playlist,15
2792,sad,15
3011,theme,15
3189,EP,15
3231,abbey,15
3264,alm,15
3503,concerto,15
3546,death,15
3593,down,15
3787,hayoongini,15
4382,short,15
4383,shot,15
4542,thought,15
83,al,14
115,ang,14
189,behind,14
220,bow,14
244,ca,14
451,en,14
806,local,14
843,martin,14
871,mic,14
896,mor,14
922,musicmonday,14
1001,origin,14
1097,pro,14
1198,sale,14
1345,street,14
1967,deep,14
2229,head,14
2376,legend,14
2383,li,14
2414,lost,14
2570,note,14
2893,soon,14
2990,taylor,14
3087,use,14
3216,So,14
3309,auschwitzmuseum,14
3646,etud,14
3959,lick,14
4048,met,14
4359,section,14
4453,stay,14
4518,teacher,14
4656,wan,14
22,Li,13
67,adnansamil,13
455,engin,13
948,nexjuic,13
1049,pian,13
1119,quot,13
1179,romant,13
1248,shidahikaru,13
1318,spot,13
1594,yo,13
1610,BE,13
1612,CD,13
1634,No,13
1754,bbcnow,13
1830,busi,13
1897,class,13
1913,coll,13
2045,episod,13
2055,everybodi,13
2063,experi,13
2107,fix,13
2127,forward,13
2231,heard,13
2273,incred,13
2282,intermedi,13
2332,jviolinman,13
2417,lover,13
2580,nysostr,13
2583,off,13
2694,prepar,13
2709,properli,13
2737,recent,13
2881,smith,13
2953,sun,13
3043,tra,13
3079,una,13
3092,vernsand,13
3136,wine,13
3183,Be,13
3632,enough,13
3772,hack,13
3826,hour,13
4289,reson,13
4481,stuck,13
4669,went,13
41,Ro,12
245,cage,12
276,chann,12
278,charg,12
391,demo,12
633,holdsworth,12
699,jazzm,12
769,latepost,12
779,left,12
829,macki,12
906,mozart,12
949,ngd,12
957,nik,12
976,nyso,12
1055,pictur,12
1067,playthrough,12
1103,program,12
1157,renat,12
1159,repa,12
1165,return,12
1171,rig,12
1196,saffyr,12
1223,sea,12
1313,spector,12
1482,tun,12
1562,whiskey,12
1629,LA,12
1732,avenu,12
1800,boy,12
1877,chicagoguitar,12
1945,creator,12
1993,djdougal,12
2049,europ,12
2171,giveaway,12
2186,gorgeou,12
2257,huber,12
2319,jokeoftheday,12
2324,josephttavano,12
2380,lespau,12
2390,list,12
2399,lo,12
2568,noodl,12
2590,oldfashion,12
2705,produc,12
2772,ro,12
2803,sarhhorn,12
2865,sin,12
2871,sit,12
2899,speedster,12
2949,suhr,12
2964,surrealist,12
2992,tbt,12
2999,teletuesday,12
3028,thump,12
3077,ukulel,12
3126,wet,12
3174,zappa,12
3413,bst,12
3457,chicago,12
3528,cutaway,12
3605,dy,12
3614,einaudi,12
3756,grand,12
3906,keepingitsimpl,12
3925,knee,12
3941,latin,12
3944,lay,12
3989,ludovico,12
4033,mattina,12
4151,orchestr,12
4238,progress,12
4277,redefin,12
4288,replac,12
4381,shoot,12
4424,solv,12
4688,wo,12
264,case,11
277,channel,11
347,could,11
384,dear,11
546,geez,11
598,hard,11
775,learnseo,11
787,let,11
895,month,11
1117,quick,11
1241,shallow,11
1352,studi,11
1565,wholesalehandbag,11
1707,are,11
1730,avail,11
1827,buildwebtraff,11
1953,dad,11
2118,fo,11
2162,ghost,11
2241,hertscymg,11
2616,paint,11
2788,rush,11
2841,seri,11
2963,sure,11
3031,tip,11
3064,tuner,11
3167,york,11
3372,bio,11
3521,cross,11
3987,luck,11
4097,mythuna,11
4150,orch,11
4194,photo,11
4204,pink,11
4434,soundtrack,11
4476,stringsmagazin,11
4509,tak,11
4513,talk,11
4584,trio,11
4605,upload,11
4632,view,11
4663,wed,11
19,If,10
33,ON,10
76,age,10
131,approach,10
187,begin,10
314,coleman,10
499,festiv,10
573,gran,10
577,greenpeac,10
629,hiphop,10
818,ltcartoon,10
836,man,10
932,ne,10
951,nice,10
997,orca,10
1300,soul,10
1576,wit,10
1636,Oh,10
1750,base,10
1818,brown,10
1869,chang,10
1880,children,10
1958,date,10
2145,full,10
2576,np,10
2579,nyc,10
2599,ornett,10
2662,pick,10
2857,shred,10
2900,spring,10
2976,ta,10
3025,thrill,10
3035,told,10
3147,workshop,10
3156,yamaha,10
3242,ad,10
3316,away,10
3331,barbi,10
3855,inspir,10
3870,it,10
3983,lot,10
4030,master,10
4207,pla,10
4244,proud,10
4287,repair,10
4361,seer,10
4375,she,10
44,St,9
270,celebr,9
275,challeng,9
370,danc,9
400,differ,9
425,dru,9
635,honor,9
859,memor,9
878,mind,9
966,notic,9
1029,peac,9
1208,sanremoanchenoi,9
1340,stop,9
1400,tell,9
1488,twitch,9
1519,vi,9
1535,visit,9
1538,vol,9
1681,almost,9
1699,anyon,9
1791,bloom,9
1825,bucket,9
1919,compani,9
2084,favourit,9
2182,gon,9
2406,long,9
2427,mad,9
2760,rhythm,9
2800,santo,9
2889,son,9
2898,special,9
2971,sweet,9
3029,thursday,9
3128,whe,9
3130,while,9
3280,antiqu,9
3369,billi,9
3381,blu,9
3407,bring,9
3495,comp,9
3505,congratul,9
3519,creat,9
3590,done,9
3660,eye,9
3675,feat,9
3997,lxvemebeat,9
4042,melodi,9
4127,novabox,9
4177,paul,9
4263,radio,9
4433,soundc,9
4440,spent,9
4486,stun,9
4631,vid,9
4653,waiti,9
18,IT,8
55,ac,8
63,adam,8
139,articl,8
152,audit,8
243,but,8
410,doctor,8
440,effect,8
446,elisiashopp,8
506,film,8
601,harp,8
758,koch,8
811,loop,8
816,lov,8
820,luizsantosmus,8
832,main,8
885,mix,8
890,modern,8
916,musica,8
965,not,8
1037,perfect,8
1114,quartet,8
1161,request,8
1326,sta,8
1468,trap,8
1479,tue,8
1485,turn,8
1564,who,8
1695,ano,8
1746,bar,8
1842,candid,8
1857,center,8
1984,die,8
2010,drummer,8
2017,earli,8
2340,karenstahlro,8
2385,lil,8
2443,manni,8
2512,mon,8
2732,real,8
2756,restor,8
2777,roll,8
2780,rose,8
2794,said,8
2854,sho,8
2874,skill,8
2878,slow,8
2962,support,8
2996,tee,8
3038,tone,8
3138,withrepost,8
3205,Mu,8
3217,Su,8
3251,ago,8
3355,bench,8
3394,br,8
3432,captur,8
3534,dal,8
3581,discuss,8
3612,edit,8
3707,folk,8
3734,german,8
3828,huge,8
3836,icsom,8
3843,import,8
3875,jame,8
4070,mood,8
4104,ncogb,8
4167,page,8
4171,paper,8
4202,pike,8
4227,prelud,8
4269,rap,8
4299,rich,8
4318,roland,8
4345,save,8
4373,shadow,8
4472,stream,8
4474,strike,8
4511,talent,8
4550,till,8
4579,travel,8
4609,usual,8
4625,via,8
4680,wind,8
11,De,7
43,Sh,7
111,andr,7
143,ash,7
177,be,7
213,bob,7
287,chick,7
290,choral,7
340,coordin,7
349,cours,7
373,dark,7
376,david,7
463,especi,7
485,famous,7
541,gain,7
564,goi,7
566,goo,7
571,grace,7
582,gucci,7
585,guita,7
588,gypsi,7
621,hello,7
640,household,7
662,im,7
670,includ,7
692,jackson,7
723,journey,7
740,keep,7
777,leav,7
799,lionelrichi,7
840,mark,7
850,mclaughlin,7
903,move,7
947,nex,7
959,nobl,7
969,nowwatch,7
1042,peterson,7
1080,posit,7
1120,ra,7
1156,remind,7
1209,sat,7
1272,slide,7
1315,spend,7
1337,stephendevassi,7
1349,strum,7
1490,typic,7
1556,well,7
1561,whi,7
1591,yep,7
1614,DO,7
1631,Ma,7
1651,US,7
1654,Wo,7
1662,act,7
1757,bee,7
1965,de,7
1999,doubl,7
2026,eilish,7
2054,eventsclass,7
2120,fol,7
2166,gift,7
2218,hardwork,7
2260,husband,7
2285,introduc,7
2337,kansenclub,7
2343,katyperri,7
2363,ladiesandgentlemen,7
2396,livemus,7
2410,lookingforbea,7
2420,lukebryanonlin,7
2434,major,7
2440,mane,7
2508,mojammonday,7
2513,money,7
2609,ove,7
2621,pant,7
2625,passion,7
2661,pianotutori,7
2729,rare,7
2730,raw,7
2733,realiti,7
2736,receiv,7
2751,rememb,7
2842,setup,7
2849,shaun,7
2946,suck,7
2974,symphon,7
2989,tavano,7
3041,town,7
3127,whatev,7
3143,wood,7
3153,write,7
3154,wrote,7
3171,yout,7
3196,He,7
3203,Mi,7
3228,Wh,7
3230,Yo,7
3263,aliv,7
3266,alreadi,7
3272,amazon,7
3284,approp,7
3293,arpeggio,7
3421,burst,7
3422,bush,7
3433,card,7
3472,church,7
3488,cobbecollect,7
3499,compo,7
3561,deserv,7
3571,did,7
3600,drip,7
3627,empireofghost,7
3659,extrem,7
3686,fiddleh,7
3695,fire,7
3748,gone,7
3763,guess,7
3784,hausercello,7
3806,higher,7
3817,home,7
3878,jarrett,7
3911,keyboard,7
3976,lock,7
3982,lorrainemusica,7
4087,musicia,7
4105,near,7
4195,photographi,7
4209,platform,7
4279,reev,7
4346,sax,7
4364,sen,7
4393,silent,7
4466,strang,7
4519,tear,7
4541,thom,7
4598,underground,7
4665,wednesday,7
4698,wrong,7
4709,youngmusicprog,7
0,AD,6
2,AS,6
15,GS,6
16,Ha,6
20,JD,6
29,MY,6
42,Ru,6
50,WI,6
70,adulthood,6
71,advanc,6
73,af,6
77,aggress,6
88,alic,6
113,andredreharri,6
117,angelusdirect,6
129,appar,6
132,ar,6
133,arab,6
136,ari,6
140,artisangtrshow,6
150,atthecapitol,6
164,backup,6
165,bad,6
185,beethoven,6
186,befo,6
188,beginn,6
210,bluebird,6
217,bore,6
235,brooklyn,6
236,bt,6
237,bucketheadland,6
241,bumpboxx,6
242,burn,6
260,carlybethmus,6
267,caught,6
279,charm,6
280,charvel,6
292,chromat,6
293,cj,6
295,clapton,6
301,clearanc,6
304,clip,6
320,commercial,6
327,compound,6
329,conchitawurst,6
364,cuttimg,6
366,daddi,6
371,daniel,6
374,darragh,6
382,dealer,6
383,dealofth,6
395,devic,6
416,dove,6
419,draw,6
421,dri,6
428,du,6
430,dues,6
431,dumb,6
435,easi,6
441,egg,6
454,endors,6
459,entertainmen,6
475,expla,6
476,explor,6
479,extens,6
482,fade,6
486,fantano,6
490,faux,6
498,fen,6
512,fingerboar,6
514,firebird,6
516,florida,6
537,fuzz,6
538,gabrel,6
555,gilmour,6
565,goldenageguitar,6
567,gossipela,6
572,graham,6
574,graviti,6
579,gretsch,6
586,guitarhero,6
587,guitarlegend,6
599,hardwar,6
604,hashtag,6
615,heat,6
617,heikematthiesen,6
618,heist,6
645,humid,6
652,ianbostridg,6
654,ibeliev,6
672,indielabel,6
673,individualz,6
676,inlay,6
684,interview,6
685,invers,6
686,invertebr,6
687,iridesc,6
700,jazzmast,6
704,jem,6
709,jfrock,6
711,jimihendrix,6
729,junkyard,6
751,kiss,6
762,krautster,6
789,levysmus,6
793,lieb,6
797,line,6
812,loophol,6
815,loud,6
825,luv,6
855,mela,6
867,metheni,6
870,mi,6
883,mistaken,6
889,model,6
915,museu,6
933,nec,6
934,nectarloung,6
953,nick,6
954,nicknam,6
958,nixon,6
960,noho,6
967,notr,6
972,numenrecord,6
973,nut,6
979,offici,6
981,okay,6
984,oliv,6
994,optician,6
1027,pattern,6
1030,ped,6
1057,pinkfloyd,6
1069,plu,6
1073,poli,6
1079,portrait,6
1101,professor,6
1107,prsguitar,6
1123,ragnarok,6
1128,raposo,6
1138,reaquaint,6
1141,reborn,6
1151,reinier,6
1155,remark,6
1163,resourc,6
1175,robbi,6
1176,robbin,6
1177,robertr,6
1191,rum,6
1194,sadhana,6
1195,safe,6
1224,seafoam,6
1230,semi,6
1246,shave,6
1258,similar,6
1268,sky,6
1271,slack,6
1281,sof,6
1290,somewher,6
1302,soundart,6
1303,soundboard,6
1306,soundproof,6
1339,stone,6
1343,stratocast,6
1351,stud,6
1356,suc,6
1365,suppli,6
1369,surreydmm,6
1371,swar,6
1379,tagliar,6
1394,technic,6
1403,ter,6
1415,theguitarcr,6
1423,they,6
1427,thinlin,6
1455,tommyemmanuel,6
1464,townsend,6
1470,tre,6
1505,upstream,6
1513,variat,6
1517,vertic,6
1523,vienna,6
1542,wake,6
1546,warm,6
1555,welcom,6
1587,xvive,6
1620,HH,6
1622,Ho,6
1639,RM,6
1648,Tr,6
1653,WE,6
1660,absolut,6
1669,aesthet,6
1672,aimeemann,6
1674,alb,6
1679,alkem,6
1697,anthoni,6
1698,antikythera,6
1702,appl,6
1720,asid,6
1721,assi,6
1727,august,6
1734,awak,6
1740,badinfluenceband,6
1748,barr,6
1755,beatbox,6
1766,berkle,6
1767,berkshir,6
1775,bigband,6
1776,biggest,6
1779,bird,6
1781,bitch,6
1783,blac,6
1795,bodi,6
1801,boysandgi,6
1826,build,6
1835,cafedelog,6
1850,cat,6
1851,cathedr,6
1870,chapter,6
1915,combo,6
1933,corey,6
1971,demarco,6
1975,descript,6
1982,dgcg,6
1983,dick,6
1994,dmsmusicschool,6
2000,downlo,6
2003,dragon,6
2006,drippin,6
2020,easter,6
2032,ellum,6
2039,enuffznuff,6
2043,epic,6
2070,fabul,6
2117,flyer,6
2130,fr,6
2138,fretboard,6
2141,frickin,6
2143,fro,6
2150,gameofthorn,6
2154,garrix,6
2158,geo,6
2165,gibsonguit,6
2178,goe,6
2195,greatkatviolin,6
2204,guitarrig,6
2207,gym,6
2215,handmad,6
2217,har,6
2219,harmoni,6
2230,headstockwar,6
2248,hogan,6
2249,hold,6
2266,igmus,6
2268,ikozosseg,6
2272,increas,6
2297,izumi,6
2300,jamiegraceh,6
2303,japan,6
2326,jslati,6
2331,jun,6
2335,kaebuguitar,6
2338,kapsetakitwin,6
2339,kapsul,6
2350,kid,6
2353,kinda,6
2359,kravitz,6
2367,lan,6
2377,lenhi,6
2378,lenni,6
2382,levi,6
2394,littttttt,6
2421,luna,6
2445,mapl,6
2448,markknopfl,6
2450,marley,6
2457,mate,6
2464,mayo,6
2475,melli,6
2476,mellow,6
2481,mentalhealthmonda,6
2493,mikenahanjnyc,6
2500,miracl,6
2503,missingguita,6
2509,mojamonday,6
2510,mokadel,6
2516,moon,6
2524,mrroger,6
2529,munich,6
2551,neumank,6
2563,ngr,6
2571,notebook,6
2574,nowlisten,6
2577,nsyorchestra,6
2581,oak,6
2582,obailyviolin,6
2584,offens,6
2592,olymp,6
2593,onprogress,6
2594,onyx,6
2600,ota,6
2607,outerspac,6
2623,parlor,6
2633,pentaton,6
2642,persever,6
2648,phenac,6
2668,pillar,6
2669,pin,6
2671,pizzarelli,6
2679,plectr,6
2688,postmalon,6
2710,ptrprg,6
2719,rack,6
2731,rea,6
2744,reher,6
2748,relentlessli,6
2757,revcav,6
2759,revgarydavi,6
2762,ric,6
2763,richybincorpor,6
2783,round,6
2791,sabbath,6
2805,satch,6
2807,savem,6
2816,schwimmer,6
2829,seattl,6
2844,sexi,6
2877,sleeper,6
2879,smal,6
2884,snakeskin,6
2891,songcov,6
2897,sparkli,6
2902,springsteen,6
2904,st,6
2930,strat,6
2948,sugar,6
2954,sunbur,6
2957,sundayz,6
2972,swing,6
2978,taco,6
2979,taken,6
2985,tarrega,6
2991,taylorguitar,6
2997,tele,6
2998,teleca,6
3008,thebest,6
3012,themmmm,6
3023,though,6
3045,traci,6
3047,tragic,6
3053,trigonaut,6
3056,tristapena,6
3059,truspaz,6
3062,tum,6
3065,tutori,6
3067,tuturialmayb,6
3071,tyl,6
3097,vin,6
3105,visitin,6
3117,wallpap,6
3132,whistl,6
3178,zendriv,6
3185,DK,6
3186,Di,6
3192,GN,6
3207,NY,6
3209,OF,6
3219,TY,6
3233,about,6
3241,acryl,6
3244,addit,6
3256,aldo,6
3268,altern,6
3311,autemtoday,6
3313,avi,6
3339,bday,6
3342,bearer,6
3347,becom,6
3353,belfa,6
3361,beth,6
3393,box,6
3395,branch,6
3416,buckethead,6
3418,bui,6
3428,calvo,6
3442,cathi,6
3444,caviti,6
3450,ch,6
3454,chat,6
3471,chucki,6
3473,cinco,6
3480,classicalguitarist,6
3484,clean,6
3485,cleveorchestra,6
3500,con,6
3501,conc,6
3504,congilio,6
3509,contact,6
3512,conundrum,6
3517,crank,6
3523,cuban,6
3529,cuz,6
3535,danger,6
3543,davidson,6
3548,debat,6
3556,defleppard,6
3572,difficulti,6
3577,dinner,6
3578,dirtbik,6
3618,electri,6
3620,electro,6
3638,eric,6
3667,fantasti,6
3683,fever,6
3697,firstguitar,6
3700,fleetwood,6
3714,freestyl,6
3729,gearhead,6
3735,germanium,6
3740,gla,6
3760,ground,6
3762,gruv,6
3766,guitarmast,6
3771,gypsyk,6
3779,harmonica,6
3796,hercul,6
3804,hidenori,6
3807,hindenb,6
3834,hysteria,6
3840,ikozosseghungari,6
3844,impr,6
3854,insight,6
3860,intellig,6
3865,iron,6
3874,jadencarlson,6
3884,jodiemellorr,6
3888,joke,6
3889,jone,6
3909,kenni,6
3912,keyr,6
3916,kill,6
3936,lamarm,6
3952,leve,6
3966,lilnasx,6
3967,limitededit,6
3973,lit,6
3986,lronhubbard,6
4004,magni,6
4006,mai,6
4014,marchion,6
4036,mayer,6
4037,mbekcrw,6
4044,memphi,6
4051,mickeymous,6
4052,mid,6
4065,mojamisyojam,6
4077,mouth,6
4088,musiciansshow,6
4089,musiciansshowcas,6
4094,musiqu,6
4098,namm,6
4099,nasablackhol,6
4111,newguitar,6
4118,nightshoot,6
4120,nikisaga,6
4131,obsess,6
4140,oldmansmon,6
4143,on,6
4145,onli,6
4157,outfit,6
4159,outro,6
4161,overdr,6
4178,paulgilbert,6
4180,paultaylorpiano,6
4201,pickup,6
4217,poodl,6
4224,practicemakesprogress,6
4236,prod,6
4247,punk,6
4251,puresalemguitar,6
4268,randyhutch,6
4271,rath,6
4274,reach,6
4278,reed,6
4280,regret,6
4283,relat,6
4302,riffk,6
4314,rockstar,6
4347,saxophon,6
4365,senadagad,6
4376,sheetmus,6
4389,shure,6
4391,sigil,6
4395,silver,6
4397,simo,6
4400,singerso,6
4406,skit,6
4410,slimegreen,6
4411,sm,6
4412,snap,6
4418,sohichiroh,6
4420,solder,6
4436,space,6
4449,squierguitar,6
4450,standard,6
4451,starboy,6
4457,steve,6
4463,stoner,6
4467,strap,6
4468,strasbourg,6
4484,studiocraft,6
4485,studioimpress,6
4489,sunburst,6
4500,swept,6
4501,swit,6
4525,teresaru,6
4526,term,6
4534,theori,6
4585,trishclow,6
4590,trust,6
4593,tul,6
4610,util,6
4611,vai,6
4616,vau,6
4629,vickisd,6
4646,vodka,6
4647,voet,6
4649,vs,6
4659,washburn,6
4661,weather,6
4674,where,6
4682,winnipeg,6
4694,worl,6
4707,ynw,6
4710,youself,6
4715,zombi,6
4716,zonal,6
145,ask,5
193,bell,5
249,came,5
283,checkout,5
375,daughter,5
386,decid,5
387,dedic,5
456,english,5
631,hit,5
764,la,5
945,news,5
970,nsyo,5
993,opportun,5
1005,overturesldn,5
1040,person,5
1061,pl,5
1106,provid,5
1131,read,5
1158,rendez,5
1180,ronajawetz,5
1211,satur,5
1227,second,5
1328,stage,5
1378,tag,5
1384,takeov,5
1392,teach,5
1439,thu,5
1497,unit,5
1529,violi,5
1532,violinrichmond,5
1539,vou,5
1600,youtheso,5
1717,asher,5
1772,bgsucma,5
1788,blog,5
1866,chambermusicoc,5
1883,chopin,5
2030,electrowowblog,5
2151,gameofthron,5
2283,intern,5
2370,laub,5
2402,logicprox,5
2470,medit,5
2479,mendelssohn,5
2498,minor,5
2543,nac,5
2610,over,5
2645,petercavalloux,5
2702,privat,5
2725,ralphgarrettjr,5
2880,small,5
2958,sunflow,5
3145,workbench,5
3197,II,5
3257,alert,5
3267,also,5
3286,apr,5
3338,bayareastr,5
3352,beijin,5
3487,club,5
3516,counti,5
3626,emot,5
3666,fantast,5
3934,ladyunyko,5
4084,musi,5
4218,pop,5
4250,pupil,5
4316,rogalistblog,5
4331,rule,5
4352,scott,5
4353,scottishfield,5
4388,shsbaroqueen,5
4428,sonata,5
4512,talentunlimit,5
4535,there,5
4549,tiger,5
4572,tprlive,5
4573,tr,5
4578,transform,5
4604,updat,5
4630,victorgashnikov,5
6,By,4
17,IN,4
49,VS,4
96,amadeu,4
99,ambient,4
100,ambisub,4
114,andrewtmackay,4
120,anniversari,4
157,australia,4
178,beach,4
223,braziliz,4
294,cla,4
299,classicalmus,4
344,cornet,4
392,denisr,4
408,do,4
470,exactli,4
575,greatkatguitar,4
607,hate,4
611,hawksleyworkman,4
627,highlight,4
651,iamphelba,4
660,ihoughton,4
675,inishieenishi,4
680,instagram,4
726,juic,4
728,jung,4
739,kaze,4
748,kick,4
755,kkmusic,4
823,lunchtim,4
845,massag,4
852,medl,4
884,miwa,4
887,mo,4
888,mode,4
911,mrwhiskersmedia,4
1022,passag,4
1033,penn,4
1062,place,4
1064,plan,4
1065,playli,4
1096,princip,4
1098,product,4
1113,push,4
1126,rang,4
1205,samsamhay,4
1225,seasid,4
1282,solidar,4
1288,someon,4
1322,squar,4
1367,surpris,4
1385,taliartwork,4
1429,thomasfrey,4
1452,toda,4
1471,treat,4
1478,tsumug,4
1486,tvctwitch,4
1528,viol,4
1554,weekli,4
1573,winter,4
1706,arcopia,4
1711,arrang,4
1728,aurora,4
1729,ava,4
1741,ball,4
1742,ballad,4
1765,benwraggviolin,4
1811,brighton,4
1921,compass,4
1946,cri,4
2002,doyouvintag,4
2022,ebay,4
2037,ensembl,4
2038,entri,4
2042,epi,4
2065,express,4
2094,fil,4
2126,forget,4
2135,freeassang,4
2159,ger,4
2192,gray,4
2200,guest,4
2211,half,4
2212,hall,4
2270,illustr,4
2317,johnson,4
2430,magic,4
2447,marcusgaroutt,4
2485,meteortutor,4
2490,might,4
2504,mjbstring,4
2533,museum,4
2555,newest,4
2597,orc,4
2618,palm,4
2630,pe,4
2635,per,4
2651,phoebecoco,4
2681,poland,4
2771,rncmvoic,4
2819,score,4
2909,station,4
2938,stu,4
2940,stuff,4
2965,susmanmus,4
3006,thay,4
3010,theclaytonjohn,4
3032,tmobmus,4
3033,tmr,4
3069,twitter,4
3113,walker,4
3166,yoko,4
3326,backgroundmus,4
3344,beatstar,4
3368,bill,4
3373,birmcon,4
3374,birthday,4
3378,blackpin,4
3404,bride,4
3447,cello,4
3565,det,4
3582,disney,4
3601,drop,4
3619,electricvlnshop,4
3623,elli,4
3698,fit,4
3717,funfactfriday,4
3719,futur,4
3743,gmlaserra,4
3791,heal,4
3810,hisaishi,4
3845,impro,4
3856,inst,4
3892,joy,4
3964,light,4
3988,lucki,4
3994,lullabi,4
4010,manthom,4
4011,manthomphenac,4
4046,mess,4
4062,minut,4
4096,myst,4
4101,nation,4
4117,nigh,4
4137,ok,4
4154,oscar,4
4156,out,4
4175,past,4
4183,pen,4
4197,pianodanmus,4
4214,pogadi,4
4232,prevoyancemus,4
4293,revel,4
4324,rosinahepburn,4
4432,souffl,4
4566,total,4
4581,treasur,4
4607,urcreativechord,4
4635,viola,4
4654,walk,4
1,AM,3
4,At,3
9,Co,3
24,Lu,3
27,MD,3
60,acou,3
94,altceva,3
103,american,3
116,angelaruedig,3
142,artwork,3
172,basic,3
262,carnegi,3
311,coffeehous,3
330,conductor,3
335,contemporari,3
339,contrari,3
360,current,3
394,detail,3
396,di,3
423,dro,3
466,everlast,3
472,exercis,3
488,faringdonpiano,3
500,few,3
502,fifth,3
505,filip,3
508,filmmak,3
509,fine,3
515,flagtwist,3
568,gotten,3
570,grab,3
590,haileyburyuk,3
594,hancock,3
602,harpist,3
605,hastingsphil,3
624,henrymancini,3
648,hurt,3
705,jerom,3
733,kadeshaviolin,3
770,laugh,3
776,learntoplaypiano,3
778,lee,3
791,librari,3
902,mountain,3
910,mrgibbenglish,3
914,muse,3
936,needl,3
1009,packer,3
1020,parti,3
1021,pass,3
1032,peek,3
1044,philharmon,3
1066,playretrorocket,3
1070,po,3
1092,previou,3
1186,roy,3
1200,salsa,3
1218,schoolmckitrick,3
1245,sharonebil,3
1249,shigemat,3
1257,sign,3
1275,smithcenterlv,3
1278,snippet,3
1283,solidarit,3
1287,somebodi,3
1296,sophiepolsimon,3
1297,sorri,3
1311,speak,3
1330,stand,3
1346,stride,3
1353,su,3
1362,supe,3
1368,surrend,3
1386,tamitrailscap,3
1388,tara,3
1396,tediou,3
1447,tini,3
1449,tire,3
1456,tompkin,3
1458,took,3
1491,tyronewilkinsjr,3
1500,up,3
1508,utrgvpatron,3
1527,vio,3
1531,violincas,3
1557,west,3
1566,wick,3
1611,Br,3
1616,Dj,3
1645,Sy,3
1650,UP,3
1659,abou,3
1661,abund,3
1712,arrowtothejess,3
1731,avamus,3
1738,ba,3
1771,beyondstat,3
1780,birth,3
1784,blackpink,3
1786,blast,3
1790,blood,3
1805,brand,3
1833,bzurmus,3
1845,carbon,3
1853,cbsession,3
1864,chamber,3
1871,charl,3
1882,choos,3
1891,cinemat,3
1902,close,3
1905,coach,3
1916,combsmatt,3
1950,cultur,3
1961,davi,3
1962,dawn,3
1970,delight,3
2009,dropp,3
2019,east,3
2025,editor,3
2053,event,3
2059,excerpt,3
2061,exclusiv,3
2078,famili,3
2102,fio,3
2104,fir,3
2113,floor,3
2125,forev,3
2136,freirephoto,3
2157,genrebendin,3
2160,germani,3
2180,goldensaltduo,3
2216,hang,3
2251,homeschool,3
2253,horsesho,3
2254,hosanna,3
2258,hudchoralyouth,3
2310,job,3
2375,leg,3
2398,lkhere,3
2418,ltwproject,3
2438,manag,3
2442,maniac,3
2472,megaviolin,3
2483,mestrovicmatej,3
2521,motion,3
2535,musicc,3
2537,musicfestab,3
2617,palac,3
2627,patrick,3
2634,pentatonemus,3
2640,performan,3
2693,premier,3
2695,prese,3
2697,price,3
2715,qualiti,3
2722,rain,3
2769,river,3
2821,scottbrosd,3
2853,shige,3
2866,sinc,3
2920,stmaryskemptown,3
2924,stor,3
2934,stringnotebook,3
2941,style,3
2945,such,3
2977,tablajedi,3
3009,thecjmea,3
3017,these,3
3054,trip,3
3089,ver,3
3111,wa,3
3119,warsaw,3
3129,whenhub,3
3131,whirlwind,3
3164,yoga,3
3214,Sc,3
3246,ador,3
3260,alexste,3
3269,alum,3
3276,angela,3
3278,ann,3
3306,attempt,3
3317,awe,3
3328,baldwin,3
3340,bea,3
3354,believ,3
3379,blackviolin,3
3389,bondquartet,3
3401,breen,3
3425,calgaryphil,3
3451,challen,3
3455,chestli,3
3469,chri,3
3486,click,3
3518,crdlannearraigh,3
3520,creation,3
3557,delay,3
3569,deviantart,3
3576,dine,3
3580,discovertartini,3
3603,duet,3
3621,electron,3
3630,enj,3
3634,enthu,3
3645,etsi,3
3665,fanfar,3
3678,feelypiano,3
3712,freeindcblog,3
3744,gmorch,3
3778,happygolfwidow,3
3783,hatchla,3
3805,high,3
3879,javilobemus,3
3894,judithsoprano,3
3920,king,3
3933,ladi,3
3938,landscap,3
3975,livestream,3
3977,loganevanthoma,3
3985,lpfilmmus,3
4022,marinadelrey,3
4047,messag,3
4055,midnight,3
4072,moscow,3
4074,mother,3
4095,mwhitesid,3
4103,nco,3
4192,petworthfest,3
4193,pfilmorchestra,3
4205,pinki,3
4219,portion,3
4221,pra,3
4230,pretti,3
4235,process,3
4240,prokofiev,3
4256,queen,3
4265,rainbow,3
4267,ram,3
4282,rel,3
4300,richard,3
4325,ross,3
4332,run,3
4378,shirt,3
4415,sobe,3
4425,som,3
4426,sometim,3
4462,stock,3
4464,store,3
4465,straight,3
4493,superman,3
4528,theashtonjonesproject,3
4530,thecorsicanbro,3
4536,thesunsetk,3
4547,ti,3
4553,tipsypianobar,3
4594,tunedinldn,3
4617,vega,3
4640,virginia,3
4648,vote,3
4664,weddingday,3
4679,will,3
4692,wool,3
4705,yet,3
4711,youth,3
12,Fl,2
21,JS,2
25,Lx,2
31,NO,2
36,Or,2
57,achiev,2
58,achievementhgt,2
59,achvoic,2
68,adriancoxmus,2
69,adult,2
74,africanaeuph,2
79,air,2
84,alan,2
86,alexand,2
102,ameri,2
122,annual,2
138,artcebu,2
148,atmospher,2
202,birt,2
205,blag,2
208,blow,2
232,british,2
239,buddi,2
252,candi,2
310,codabow,2
313,coldpla,2
316,colour,2
319,comfort,2
331,confess,2
336,contest,2
341,copelandmus,2
351,cov,2
352,coversbybrooksi,2
359,cumbriapiano,2
361,currentmood,2
372,danielcolalillo,2
381,deal,2
399,diff,2
401,difficult,2
407,dlive,2
415,dougla,2
420,drdre,2
432,duo,2
433,dyer,2
457,ensemblemirag,2
464,essayplaylist,2
467,evernden,2
484,fall,2
492,fclmalondon,2
495,feinviolin,2
496,felt,2
497,femal,2
513,finneyvapa,2
517,floridito,2
523,founder,2
532,front,2
536,futuretech,2
539,gabrielsloy,2
557,girl,2
589,had,2
612,haydn,2
616,hector,2
630,hire,2
637,horn,2
650,iamjzap,2
674,inform,2
681,int,2
697,jaz,2
698,jazzcaribben,2
708,jfordbark,2
716,joan,2
718,joey,2
731,jzapal,2
741,kembl,2
752,kit,2
759,kokorokomus,2
763,kun,2
780,legendari,2
794,lifelessonsforu,2
796,likeabletoo,2
800,liquid,2
802,litt,2
808,logo,2
817,lso,2
828,mackavenuemus,2
830,mackula,2
831,magnific,2
851,mcrae,2
864,meren,2
865,merynda,2
866,messiah,2
868,mfolletstream,2
893,monster,2
898,most,2
905,moza,2
927,mybeaud,2
929,namah,2
931,navneethsundar,2
937,negin,2
939,neil,2
962,normanbradio,2
975,nyoscotland,2
990,op,2
992,operaworc,2
996,opu,2
1004,overton,2
1006,overwhelm,2
1011,pagani,2
1013,pamela,2
1014,pan,2
1017,park,2
1018,parmarecord,2
1026,patient,2
1036,percussionist,2
1041,peter,2
1045,phoenixsymphoni,2
1052,pianomus,2
1056,pinafor,2
1082,poster,2
1087,practisingpiano,2
1102,profit,2
1105,proven,2
1111,publishquest,2
1118,quit,2
1124,rallyp,2
1140,reb,2
1144,redempt,2
1147,refin,2
1149,rehearsa,2
1178,rockband,2
1185,rowdysoul,2
1192,ruslanpianonew,2
1197,safin,2
1199,salk,2
1204,sampl,2
1210,sati,2
1229,seen,2
1231,sent,2
1233,sergei,2
1234,serra,2
1238,shade,2
1255,si,2
1259,simpli,2
1266,sketchybongo,2
1274,smile,2
1276,smooth,2
1289,somethin,2
1293,sooo,2
1299,souff,2
1305,soundcloud,2
1307,soundscap,2
1312,speaker,2
1317,spoon,2
1319,spotlight,2
1325,sshspeakeasi,2
1327,staff,2
1341,storm,2
1342,stpancra,2
1357,succ,2
1372,sxsw,2
1389,tate,2
1401,temasmith,2
1405,test,2
1409,theater,2
1418,theloni,2
1428,tho,2
1434,thrash,2
1438,throwbackthursday,2
1444,tigerwood,2
1446,tile,2
1450,titan,2
1457,toni,2
1461,tot,2
1463,touchdown,2
1476,true,2
1492,ukuel,2
1494,underway,2
1504,upstair,2
1520,vianu,2
1530,violinadventur,2
1536,vivaldi,2
1540,vulpesxlagopu,2
1544,waltz,2
1547,warmth,2
1549,water,2
1559,wh,2
1569,willhaviland,2
1570,william,2
1575,wisdom,2
1577,wkmt,2
1580,worldtalentmag,2
1582,wow,2
1585,written,2
1593,yesternight,2
1595,yogipandatweet,2
1598,young,2
1608,Am,2
1615,Da,2
1630,MU,2
1642,SO,2
1658,abo,2
1664,add,2
1682,alon,2
1714,arti,2
1723,astarisborn,2
1724,atl,2
1725,atlanta,2
1726,audienc,2
1736,ays,2
1745,banjo,2
1758,beer,2
1759,belcantostr,2
1763,ben,2
1785,blame,2
1787,bless,2
1806,bratislav,2
1807,brazilian,2
1822,brucehornsbi,2
1841,cancel,2
1843,capper,2
1856,cellist,2
1859,cerridwensheart,2
1865,chambermus,2
1867,champion,2
1881,chillout,2
1887,christian,2
1894,cl,2
1898,claudi,2
1899,clayderman,2
1901,clinteastwoodla,2
1906,coachella,2
1908,coat,2
1912,col,2
1918,comment,2
1920,comparison,2
1922,compil,2
1926,conduct,2
1939,cr,2
1940,craft,2
1944,crea,2
1951,cutabitch,2
1952,cyclop,2
1954,danni,2
1973,deo,2
1985,digijazz,2
1997,don,2
2007,drmattwlawson,2
2012,dutchgrand,2
2013,dvd,2
2021,eastoflin,2
2023,edelweiss,2
2056,evryth,2
2080,fanci,2
2085,fclyoglendora,2
2088,februari,2
2089,fed,2
2096,fina,2
2100,finger,2
2132,frankmccomb,2
2133,frasersfunhous,2
2139,freund,2
2146,fulli,2
2155,gate,2
2163,ghostsson,2
2167,giggin,2
2173,gle,2
2174,gloria,2
2176,goddess,2
2194,greatest,2
2203,guitarcov,2
2226,hayn,2
2233,heav,2
2235,heavi,2
2238,herb,2
2242,hertssch,2
2252,honestli,2
2269,ilcmusicdegre,2
2274,independ,2
2280,instrum,2
2294,itali,2
2307,jeremiahfrait,2
2321,jordan,2
2341,karl,2
2345,kazysd,2
2347,kennywern,2
2351,kido,2
2379,lent,2
2387,limit,2
2391,listennow,2
2400,lofi,2
2403,lond,2
2407,loo,2
2409,lookingforb,2
2419,lui,2
2432,maidstonewind,2
2436,maker,2
2469,mede,2
2478,member,2
2507,modupeauthor,2
2515,monument,2
2530,murata,2
2540,mysor,2
2548,neilelliottd,2
2559,newsong,2
2566,nikolausmella,2
2572,noth,2
2585,offic,2
2606,outdoor,2
2620,panel,2
2629,pbsharkey,2
2637,perf,2
2639,perfo,2
2649,phi,2
2664,pie,2
2667,pietro,2
2691,pray,2
2692,prayer,2
2707,projazznet,2
2726,ramp,2
2738,recita,2
2753,remix,2
2768,rita,2
2770,rncm,2
2774,robson,2
2782,rosin,2
2795,saint,2
2806,saturdaynight,2
2815,schimmelpiano,2
2820,scotnewmu,2
2826,seah,2
2830,sebar,2
2832,sectio,2
2835,selfi,2
2836,sell,2
2839,septemb,2
2846,shadowsinthelight,2
2850,sheet,2
2855,shoul,2
2859,sick,2
2861,sierrahul,2
2862,sight,2
2872,sjsulibrari,2
2873,ski,2
2908,stat,2
2910,step,2
2927,str,2
2929,stradiva,2
2931,stri,2
2937,stringswp,2
2942,sub,2
2943,subscrib,2
2947,sue,2
2955,sundayafternoon,2
2959,sunraesunit,2
2987,tast,2
2995,teddi,2
3004,tgif,2
3026,thron,2
3030,tim,2
3044,trac,2
3046,traction,2
3055,tripalitbeat,2
3066,tutti,2
3068,twice,2
3076,ugniusu,2
3083,unknown,2
3091,veri,2
3096,victorian,2
3099,violan,2
3109,voce,2
3110,von,2
3114,walkerdoug,2
3122,wayn,2
3125,westro,2
3134,whole,2
3140,woman,2
3161,yedidimchoir,2
3162,yeo,2
3175,zazenkai,2
3176,zazenkaimus,2
3180,Ai,2
3194,Gr,2
3198,Im,2
3202,La,2
3210,Op,2
3211,Pi,2
3222,UR,2
3229,XO,2
3248,afghanistan,2
3249,after,2
3250,again,2
3253,airplan,2
3258,alexandra,2
3262,aliceho,2
3273,amo,2
3281,antonieta,2
3300,asic,2
3303,atharaud,2
3308,audio,2
3310,austria,2
3323,babi,2
3332,barton,2
3335,bassist,2
3341,bear,2
3343,beatmak,2
3349,beg,2
3371,billysaffyr,2
3380,blind,2
3396,brass,2
3408,bro,2
3420,burkeandbagley,2
3426,calm,2
3434,carv,2
3436,casino,2
3438,cassiejfox,2
3456,chi,2
3458,chicagopo,2
3460,chil,2
3462,chinrest,2
3466,choir,2
3478,clarinet,2
3510,contain,2
3514,corner,2
3524,cue,2
3530,cwyouthorch,2
3531,da,2
3538,dar,2
3539,dariescu,2
3552,declar,2
3555,definit,2
3558,delica,2
3568,develop,2
3573,dig,2
3575,dimens,2
3589,dog,2
3592,dont,2
3597,dreamer,2
3608,easili,2
3615,el,2
3616,elbphilharmoni,2
3631,enjo,2
3644,est,2
3648,eve,2
3664,famou,2
3677,feedback,2
3689,fight,2
3692,fin,2
3703,flow,2
3711,freedom,2
3715,fuck,2
3733,geoffrey,2
3741,glasser,2
3742,glendora,2
3754,gott,2
3755,grade,2
3761,group,2
3782,hat,2
3789,hea,2
3790,headhunt,2
3797,heritag,2
3813,holiday,2
3816,holyweek,2
3825,host,2
3850,incept,2
3852,infest,2
3863,ioannispan,2
3864,ire,2
3876,jamesehn,2
3895,julia,2
3903,katelyn,2
3907,keith,2
3908,kemitesound,2
3913,khpalwak,2
3917,killiansangel,2
3928,kri,2
3935,lake,2
3940,later,2
3943,lawrenc,2
3949,learnin,2
3953,level,2
3957,librarock,2
3958,lichfield,2
3960,lie,2
3993,luketruanmus,2
3996,luthier,2
4007,mail,2
4015,marco,2
4019,mariabeatoviolinist,2
4021,mariaeug,2
4023,mario,2
4024,marlowrosado,2
4032,matthew,2
4034,maxbruch,2
4061,minuet,2
4064,mistak,2
4066,mom,2
4069,monk,2
4073,moth,2
4078,movemari,2
4086,musicbreakerz,2
4100,nathan,2
4102,nc,2
4114,nicholasburr,2
4128,novelloorch,2
4146,onmyway,2
4147,opal,2
4152,orchkingston,2
4160,outsid,2
4163,overtur,2
4173,pari,2
4174,partner,2
4187,perkin,2
4191,pettythoughtsni,2
4203,pine,2
4213,pm,2
4223,practi,2
4233,print,2
4234,prize,2
4242,promot,2
4243,prop,2
4245,proust,2
4248,punni,2
4249,pupi,2
4259,quickli,2
4284,releaseday,2
4285,render,2
4291,rest,2
4295,rh,2
4296,rhapsodi,2
4297,rho,2
4298,ricanjen,2
4317,rohfaust,2
4320,roleplaysoci,2
4326,rout,2
4334,russ,2
4336,ryanmcnevin,2
4337,sa,2
4350,schawnthebard,2
4354,screen,2
4371,seven,2
4372,sfvmasterchor,2
4374,shadowsinth,2
4384,should,2
4399,singa,2
4403,site,2
4404,size,2
4414,snow,2
4417,socialnetworksg,2
4419,sold,2
4421,soldier,2
4430,sooth,2
4443,spillmagazin,2
4444,spina,2
4456,steinwayandson,2
4458,steven,2
4471,stre,2
4473,stress,2
4498,sweat,2
4499,sweden,2
4502,switch,2
4504,synth,2
4510,tale,2
4514,tamaspalfalvi,2
4520,teen,2
4523,tent,2
4539,third,2
4540,thisrhythm,2
4545,throwback,2
4548,tic,2
4555,tmrw,2
4558,tokamak,2
4561,tonal,2
4562,tonig,2
4575,tracysilverman,2
4577,train,2
4589,truli,2
4591,tuftsmus,2
4592,tuition,2
4606,upright,2
4613,valzer,2
4618,venu,2
4620,vernal,2
4623,versesrecord,2
4633,vigilett,2
4650,vsomusician,2
4657,warnerclassicu,2
4667,weight,2
4678,wil,2
4684,wise,2
4686,without,2
4704,yang,2
4706,yiruma,2
4713,zermatt,2
7,Ci,1
8,Cl,1
10,DS,1
13,Fo,1
14,Fr,1
23,Lo,1
26,MA,1
28,MS,1
32,Na,1
34,Oc,1
37,Ox,1
38,PA,1
39,Ph,1
45,Sw,1
47,Ta,1
48,UK,1
51,Wa,1
52,Ye,1
53,aaron,1
54,abruzzo,1
56,accompani,1
61,across,1
62,actra,1
64,adamrwestmus,1
65,address,1
66,administr,1
72,aevea,1
78,ahead,1
80,aisaijiri,1
81,ajjohnso,1
82,aka,1
87,alfr,1
91,along,1
92,alpin,1
93,alri,1
95,alwayslea,1
97,amatiauct,1
98,ambi,1
101,ame,1
104,amorim,1
105,amorimviolin,1
106,amritkhanjira,1
107,anal,1
108,anali,1
110,andi,1
112,andrebisson,1
118,angri,1
119,anniversar,1
124,anth,1
125,antonio,1
126,anybodi,1
127,anyssapiano,1
128,anzacday,1
130,appear,1
134,arabi,1
135,area,1
137,arsymphoni,1
144,asherl,1
146,assist,1
147,atienza,1
149,attemp,1
151,audioheal,1
153,auditiond,1
154,auditori,1
155,augustin,1
156,austin,1
158,authorjschaff,1
159,averag,1
160,avraham,1
161,aysedeniz,1
162,babe,1
163,background,1
166,balanc,1
167,baldwinpianoforsal,1
168,balla,1
169,bandsaw,1
170,bandwagon,1
171,bashkirov,1
173,bassoon,1
174,batch,1
175,battl,1
176,bbc,1
179,bearlioz,1
182,beatsforsal,1
183,becaus,1
184,beebufoustel,1
190,behindthescen,1
191,bel,1
192,belat,1
194,bellaelectricstr,1
195,belli,1
196,benefit,1
197,benign,1
198,berlinerphilharmon,1
199,bespokerosin,1
201,billboard,1
204,blackbird,1
206,bliss,1
207,bloss,1
211,blueish,1
212,bmop,1
214,bonu,1
215,bonvoy,1
219,bostonsymphoni,1
221,bradf,1
222,bradley,1
225,brenna,1
226,brexit,1
227,brians,1
228,bridg,1
229,bridgestr,1
230,bridgeviolin,1
231,britain,1
233,broadstair,1
234,broadwaylo,1
238,buckley,1
240,budg,1
246,cakewalk,1
247,cal,1
250,camiilanglemey,1
251,canada,1
253,cappuccino,1
254,captu,1
255,car,1
256,cardiffviolin,1
257,cardonaldpri,1
258,carlo,1
259,carlyandrussduo,1
261,carnat,1
263,carri,1
265,cast,1
266,cataclysmickoi,1
268,cdbabi,1
269,ceardlann,1
271,celebrat,1
272,celinex,1
273,centerforpopmusicph,1
274,ceremonia,1
281,chechi,1
282,checkli,1
284,chef,1
285,chereexo,1
286,chicagosymphon,1
288,chinr,1
289,chomski,1
291,christma,1
296,clarklmsmus,1
297,classi,1
300,classicfm,1
302,clementi,1
303,client,1
305,cljmusic,1
306,closer,1
307,cmea,1
308,coast,1
309,coastcafeworth,1
312,coldanband,1
315,colleg,1
318,comfo,1
321,compar,1
322,compet,1
323,complet,1
325,composin,1
332,congrat,1
333,conn,1
334,contempl,1
337,conti,1
338,continu,1
342,copi,1
343,copic,1
345,corp,1
346,costello,1
348,count,1
350,courtesi,1
353,craftsman,1
355,crew,1
356,critis,1
357,crusaderbeach,1
358,cubanamyo,1
362,curricu,1
363,cute,1
365,daarysya,1
367,dale,1
368,dallassymphoni,1
369,danah,1
377,davidbazo,1
378,davidguetta,1
379,daytim,1
380,dea,1
388,deedg,1
389,delgad,1
390,deltarun,1
393,desirkob,1
397,diamond,1
398,diego,1
402,digit,1
403,dirtycoast,1
404,discov,1
405,distort,1
406,divin,1
409,doc,1
411,doctorpiano,1
412,dond,1
413,dou,1
414,douc,1
418,dr,1
422,drive,1
424,dropship,1
426,drumkit,1
427,drwasson,1
429,dude,1
434,earra,1
436,echo,1
437,eclect,1
438,eddi,1
439,edm,1
442,elec,1
444,element,1
447,elliewilsonuk,1
448,elsieshnied,1
449,eltonoffici,1
450,elysiumiii,1
452,encor,1
453,encuentra,1
458,entertain,1
460,epicmus,1
461,ericaspiano,1
462,erik,1
469,evolv,1
473,exhibit,1
474,exit,1
477,expressoshow,1
478,extend,1
480,fabianalmazantrio,1
481,fabrizi,1
483,fairi,1
487,far,1
489,faur,1
491,fayepatton,1
493,fee,1
501,fiber,1
503,figu,1
504,figur,1
507,filmi,1
511,finess,1
518,flute,1
519,focus,1
520,fog,1
521,fold,1
522,former,1
524,frame,1
525,francin,1
527,french,1
528,fret,1
530,fridaynight,1
534,funki,1
535,fusion,1
540,gaga,1
542,gainesvil,1
543,garag,1
545,geeanem,1
547,geig,1
548,gent,1
550,georgegershwin,1
551,germanson,1
552,gewandhausl,1
554,gilmorefestiv,1
556,giovanni,1
559,glass,1
560,glazial,1
561,glori,1
563,godchang,1
578,gretava,1
580,grind,1
584,guildhal,1
591,halliday,1
592,hambur,1
593,hanapiranha,1
595,hann,1
596,hanukkah,1
600,harmoniem,1
603,harvestregionalf,1
606,hatchlandsnt,1
608,haunt,1
609,hav,1
610,havi,1
613,hazel,1
619,helenlcoleman,1
620,hell,1
622,helmarbro,1
623,hengistburyband,1
625,her,1
626,hertsschoolssymphonyorc,1
628,hilari,1
632,hob,1
634,hole,1
636,hoorn,1
638,hot,1
639,hourofpow,1
644,humblingofagood,1
646,hungara,1
647,hungarian,1
649,iamfilippo,1
653,ianpeterb,1
656,ideal,1
657,ideasrex,1
658,ident,1
659,identifi,1
661,ilovechisd,1
663,improm,1
664,improv,1
666,imusicacad,1
667,imust,1
668,inaugur,1
669,incident,1
671,incub,1
677,inn,1
678,insid,1
679,insidermag,1
682,intens,1
683,internati,1
688,iryna,1
689,isabella,1
690,islamabad,1
691,itiswel,1
694,jarrod,1
695,jaymemanto,1
701,jcolewrld,1
702,jefferystrak,1
703,jellypa,1
706,jerryhul,1
707,jessaliversidg,1
710,jill,1
712,jingfusionviola,1
713,jive,1
714,jlloyd,1
715,jmgerraughti,1
717,joetk,1
719,jona,1
720,jose,1
721,josef,1
724,jsmsmusic,1
725,juan,1
727,juli,1
732,kabalevski,1
734,kaguya,1
735,kansa,1
736,karen,1
737,katjasavia,1
742,kensymo,1
743,kersonleong,1
744,kesh,1
745,keyboardist,1
746,keyn,1
747,kfit,1
749,kiddo,1
750,kin,1
753,kitri,1
754,kittaylordreamz,1
756,klfestiv,1
757,kno,1
760,kouroshdini,1
761,kramer,1
765,lai,1
766,languag,1
767,larri,1
771,lauvsong,1
772,ld,1
774,leader,1
781,leisur,1
782,length,1
783,leon,1
784,less,1
786,lestwef,1
788,levelup,1
790,liang,1
792,lidl,1
801,lisshin,1
805,lizzo,1
807,lofipiano,1
809,lookingfor,1
810,loom,1
813,lord,1
814,lorrain,1
819,luca,1
821,lula,1
822,lunch,1
824,lune,1
826,lxv,1
827,machon,1
833,mak,1
834,malon,1
835,mama,1
837,manc,1
839,marianna,1
841,marku,1
842,martand,1
844,maskedrid,1
846,mat,1
847,materi,1
848,mccann,1
849,mckitrick,1
854,megalovani,1
856,melanch,1
857,melancholi,1
858,melbourn,1
860,memoris,1
861,menennithya,1
862,menorah,1
863,mercado,1
869,mgmtheatr,1
872,michaeljbawtre,1
873,microphon,1
874,middleeasternmu,1
875,midw,1
876,mikalynfan,1
877,milan,1
879,mingu,1
880,minneapoli,1
881,minnet,1
882,mist,1
886,mmmclass,1
892,mondaymorn,1
894,montecatini,1
897,morleo,1
899,mothersl,1
901,mou,1
904,moviecla,1
907,mozartplay,1
908,mpburmeist,1
909,mr,1
912,msideelemsccsd,1
917,musicalorbit,1
918,musicaltheatr,1
919,musicfestiv,1
920,musicgeekch,1
921,musicli,1
923,musiflo,1
924,musk,1
925,must,1
926,muthiah,1
928,mydeadfriendz,1
930,nathali,1
938,neighbor,1
940,ner,1
941,networktheband,1
943,newagemus,1
944,newlyw,1
946,newshour,1
950,niasound,1
952,nichola,1
955,nicola,1
961,nordkeyboard,1
963,nort,1
964,nostalgia,1
971,nudg,1
974,nvd,1
977,octob,1
978,odyssey,1
980,officialcpmpph,1
983,oldest,1
985,oman,1
988,onthisday,1
989,onto,1
991,openyourhymn,1
995,optmiz,1
998,orchest,1
1000,orchk,1
1002,originalsampl,1
1003,overbook,1
1007,own,1
1008,pack,1
1010,padday,1
1012,palestin,1
1015,panditja,1
1016,pano,1
1023,passamezzo,1
1024,passi,1
1025,patadamsbook,1
1028,pattri,1
1031,pedagog,1
1034,peop,1
1038,perfor,1
1043,philadelphia,1
1046,phone,1
1047,photoshoot,1
1054,picci,1
1058,pinkvi,1
1059,pirat,1
1060,pix,1
1063,plain,1
1068,pleyel,1
1071,poegirl,1
1072,pogonowskipiano,1
1074,polysypd,1
1075,pond,1
1076,ponder,1
1077,portfolio,1
1078,porticoard,1
1083,potsdam,1
1084,pour,1
1088,prescott,1
1090,presto,1
1091,prett,1
1093,previous,1
1094,pri,1
1095,priest,1
1099,productionmus,1
1100,profcompos,1
1104,propos,1
1108,pruden,1
1109,psalm,1
1110,ptjasrajfan,1
1112,purpos,1
1115,que,1
1121,radiocoolio,1
1122,radnich,1
1125,ramajay,1
1127,rapbeat,1
1129,rchtwecar,1
1130,rcm,1
1133,readvert,1
1135,realstravinski,1
1136,realtormom,1
1137,realwilljanssen,1
1145,redtruckb,1
1146,refer,1
1148,regist,1
1150,rehearsalweekend,1
1152,rekeshc,1
1154,relightorch,1
1162,resid,1
1164,restora,1
1166,retweet,1
1167,reveal,1
1168,reverbn,1
1169,rhumba,1
1170,rhythmandb,1
1172,riv,1
1173,rizzi,1
1174,rnb,1
1181,rondeau,1
1182,ronhi,1
1184,rosi,1
1187,royrob,1
1189,rubin,1
1190,rudolfhaken,1
1193,ryan,1
1201,salut,1
1202,samm,1
1203,sammyyoungjnr,1
1207,sangeethothsav,1
1212,saw,1
1213,sbasess,1
1215,scare,1
1216,scene,1
1219,schubert,1
1220,scientist,1
1221,scottbrosduo,1
1222,scrapi,1
1226,sebastian,1
1228,secondmov,1
1232,septa,1
1235,serv,1
1236,settl,1
1237,sha,1
1239,shadowmountainchurch,1
1240,shaiwo,1
1242,shanghai,1
1243,shannonclam,1
1244,shape,1
1247,shawnsmit,1
1250,shine,1
1251,shogun,1
1253,shoulder,1
1254,shredviolin,1
1256,sidewalk,1
1263,siriusxm,1
1264,sister,1
1265,sketch,1
1267,skircoatgdirect,1
1269,skyl,1
1270,skype,1
1273,slowli,1
1277,sneakpeek,1
1279,snorlaxconcerto,1
1280,sodburymusicsoc,1
1284,solito,1
1292,songmakerprod,1
1294,sophi,1
1295,sophiegsing,1
1298,sou,1
1304,soundclo,1
1308,sourc,1
1309,southso,1
1310,spe,1
1314,speedytuto,1
1316,spohr,1
1320,spread,1
1321,springtim,1
1323,sramain,1
1324,srinualm,1
1329,stalbansstr,1
1332,static,1
1333,steckel,1
1334,steinway,1
1335,steinwayand,1
1336,stellar,1
1338,stloui,1
1344,stravinski,1
1348,strongest,1
1350,strumbow,1
1354,submit,1
1355,subscript,1
1358,suf,1
1359,suheal,1
1361,sunrisesrliv,1
1364,superb,1
1366,sur,1
1370,svenlaux,1
1373,sygnet,1
1374,symp,1
1375,syn,1
1377,tacet,1
1380,taiwan,1
1381,takada,1
1383,takeo,1
1387,tap,1
1390,taught,1
1391,te,1
1393,tearjerk,1
1395,techniqu,1
1398,telf,1
1399,telford,1
1402,temper,1
1404,terri,1
1407,thanet,1
1410,theatric,1
1411,theduso,1
1412,thegracienot,1
1413,thegreatest,1
1414,thegrindneverstop,1
1416,theia,1
1417,thejoy,1
1419,thenvgow,1
1420,theonyxx,1
1421,thewoundedxn,1
1422,thewychelm,1
1426,thingivers,1
1430,thorsebi,1
1431,those,1
1432,thousand,1
1433,thr,1
1435,thro,1
1437,throu,1
1440,thur,1
1441,tick,1
1443,tidomus,1
1445,tight,1
1448,tinydeskcon,1
1451,titl,1
1453,todayi,1
1454,toma,1
1459,toot,1
1465,trad,1
1466,trafficinmyhead,1
1467,trailer,1
1469,trck,1
1472,trevor,1
1473,trini,1
1474,tripho,1
1475,troub,1
1477,trusti,1
1481,tulsa,1
1483,tuni,1
1484,turkishmarch,1
1487,twi,1
1493,underfoot,1
1495,unexpect,1
1496,unimap,1
1499,unqiu,1
1501,upcomi,1
1502,upcycl,1
1503,upper,1
1507,usmansak,1
1509,vacanc,1
1510,vacatio,1
1511,valentino,1
1512,vanic,1
1514,varni,1
1515,vcr,1
1516,verilymag,1
1518,vgmacademi,1
1521,vibra,1
1524,vijay,1
1525,viktor,1
1526,vilo,1
1533,viool,1
1534,virtuos,1
1541,wagner,1
1543,walsal,1
1551,weareindiejazz,1
1553,weekendshow,1
1558,westlif,1
1563,whiter,1
1567,wildm,1
1568,wildman,1
1572,winner,1
1574,wire,1
1578,wmbgsymphoni,1
1581,worldwid,1
1583,wpomus,1
1584,writi,1
1586,wunderkind,1
1589,yelawolf,1
1590,yellow,1
1592,yester,1
1596,yoshikitti,1
1602,yr,1
1603,zachwirchak,1
1604,zeta,1
1605,zgfoffici,1
1606,zitu,1
1607,AI,1
1617,ET,1
1618,Fe,1
1619,GO,1
1623,IG,1
1627,Iz,1
1628,Ki,1
1633,Ni,1
1635,Nu,1
1638,Qu,1
1640,Re,1
1641,SL,1
1643,Sa,1
1644,Sp,1
1646,Ti,1
1649,Tu,1
1652,VC,1
1655,Ya,1
1656,aakash,1
1657,abandon,1
1663,action,1
1665,addi,1
1666,aden,1
1667,adju,1
1668,advic,1
1670,afford,1
1671,aga,1
1673,aladdin,1
1675,alberthallmcr,1
1676,albu,1
1677,alex,1
1678,alexisbist,1
1680,allow,1
1683,alread,1
1684,altsq,1
1685,alwaysremem,1
1686,ama,1
1687,amber,1
1689,analysi,1
1690,ancient,1
1691,andrew,1
1693,ani,1
1694,animalprinc,1
1696,answer,1
1700,anzac,1
1701,app,1
1703,aquat,1
1704,aquir,1
1705,arabia,1
1708,arienettewolf,1
1709,arikerch,1
1710,arizona,1
1715,artsrentremont,1
1716,asa,1
1718,asherlaub,1
1719,ashwhippet,1
1722,assoc,1
1733,avertt,1
1735,aweso,1
1737,aysedeni,1
1739,bac,1
1744,bandlab,1
1747,barcarol,1
1749,barri,1
1751,basebal,1
1752,basement,1
1753,baublesnbooti,1
1756,beautifulbzarr,1
1760,belettelepink,1
1761,bellastringsu,1
1762,bellepianist,1
1764,benafa,1
1768,berlioz,1
1769,berto,1
1770,besid,1
1773,bibloclub,1
1777,billieh,1
1778,bimhui,1
1782,bla,1
1789,bloke,1
1792,blown,1
1793,blunt,1
1794,bm,1
1796,boogi,1
1797,borlandceilidh,1
1798,bottl,1
1799,boura,1
1802,boysandgirl,1
1803,bradmehldau,1
1804,brahm,1
1808,brewer,1
1809,brig,1
1810,brighter,1
1812,brillianc,1
1813,britneyspear,1
1814,brittani,1
1816,broke,1
1817,bronz,1
1819,brownsbluewa,1
1820,brownsvil,1
1821,brso,1
1823,brucehornsbymus,1
1824,btw,1
1828,bulgaria,1
1829,bunch,1
1831,butt,1
1832,bwildlv,1
1834,cafe,1
1836,cain,1
1837,californ,1
1839,camp,1
1844,carbo,1
1846,care,1
1847,carlybethmu,1
1848,carolyneng,1
1849,casal,1
1852,catsofinst,1
1854,cdt,1
1855,ceciliamusicratchay,1
1858,cereal,1
1860,cftv,1
1861,chai,1
1862,chair,1
1863,chamb,1
1868,chand,1
1872,charlottenc,1
1873,charmoseley,1
1875,chen,1
1876,chica,1
1878,chicagopood,1
1879,chicken,1
1885,christ,1
1886,christi,1
1888,christianp,1
1889,christoph,1
1890,ci,1
1892,cio,1
1893,cityofsotonorch,1
1895,clarament,1
1896,clareherriot,1
1900,clear,1
1903,cluster,1
1907,coastcafewor,1
1909,cockroach,1
1910,code,1
1911,coefic,1
1914,colou,1
1923,complimentari,1
1924,concertmast,1
1925,cond,1
1927,congratulat,1
1928,connect,1
1929,contac,1
1930,contempora,1
1934,corporat,1
1935,cough,1
1936,cove,1
1938,cpmpsumm,1
1941,craftsmanship,1
1942,cranleighart,1
1943,crazi,1
1947,crooksz,1
1948,crossbod,1
1949,cuba,1
1955,dara,1
1956,darathefiddl,1
1957,daskalshloim,1
1959,dav,1
1960,daveshof,1
1963,dawnrun,1
1966,decor,1
1968,del,1
1969,delicaci,1
1972,denisrobinson,1
1974,departur,1
1976,designbyhuman,1
1977,desk,1
1978,destin,1
1979,determin,1
1980,devast,1
1981,deve,1
1986,dirt,1
1987,dirti,1
1988,discoverhx,1
1989,display,1
1990,disrespect,1
1991,diverm,1
1992,divis,1
1995,dolbi,1
1996,dominum,1
1998,donnington,1
2001,downtempo,1
2004,draugrbanduk,1
2005,dre,1
2008,dromedarmedia,1
2011,duolig,1
2014,dykin,1
2015,dynamit,1
2016,eal,1
2018,earphon,1
2024,edgaba,1
2027,elbow,1
2028,eldest,1
2029,elect,1
2031,elektr,1
2033,els,1
2034,em,1
2035,emilyhsoprano,1
2040,environm,1
2041,ep,1
2044,epiphanydc,1
2046,espec,1
2047,essenti,1
2048,euphor,1
2050,european,1
2051,ev,1
2052,evan,1
2057,excelci,1
2058,excerp,1
2060,excitemen,1
2062,excus,1
2064,experiment,1
2066,expresso,1
2067,extract,1
2068,fab,1
2069,fabu,1
2071,face,1
2072,facebook,1
2074,fae,1
2075,fairypar,1
2076,fairytail,1
2077,fallen,1
2081,fantasi,1
2082,farbmusik,1
2087,februa,1
2090,feminin,1
2091,festiva,1
2092,fi,1
2093,fiction,1
2095,fill,1
2098,finalis,1
2103,fionacarvellart,1
2106,five,1
2108,fl,1
2109,flagsh,1
2111,fling,1
2112,float,1
2114,flor,1
2115,florenc,1
2116,flugelhorn,1
2119,focu,1
2122,fool,1
2124,forest,1
2129,four,1
2131,franc,1
2134,fred,1
2137,fremont,1
2140,fri,1
2144,fuc,1
2147,furr,1
2148,furri,1
2149,gameofth,1
2152,garet,1
2153,gareth,1
2156,gautiercapucon,1
2161,gho,1
2164,giant,1
2168,giltburg,1
2169,gingerdoguk,1
2170,giovan,1
2172,glad,1
2175,glow,1
2177,godfath,1
2179,gokcin,1
2181,goldmark,1
2183,goodby,1
2184,goodeven,1
2185,gooood,1
2187,gorzowska,1
2189,gothic,1
2190,goz,1
2191,grad,1
2196,greennot,1
2197,gregorypatrick,1
2198,grimeviolinist,1
2201,guineapig,1
2205,gun,1
2206,gunsnros,1
2209,hairday,1
2210,hal,1
2214,handl,1
2220,harr,1
2221,harri,1
2222,harrycliffjr,1
2223,hartman,1
2224,hast,1
2227,hayter,1
2228,hdszamp,1
2232,heartbreak,1
2234,heavenli,1
2236,heidimodra,1
2237,helionprest,1
2239,herbi,1
2243,hidayatrizvi,1
2244,hidden,1
2245,hig,1
2246,hip,1
2247,histor,1
2250,homecom,1
2259,hunchback,1
2261,hymn,1
2262,iamninanyembw,1
2263,ianbrownpiano,1
2264,iceland,1
2265,ide,1
2267,iii,1
2271,ilnytska,1
2275,influen,1
2276,inmo,1
2277,instaphex,1
2278,instru,1
2279,instructor,1
2281,interest,1
2284,interpretat,1
2286,inv,1
2287,inviti,1
2288,iosoctweet,1
2289,ireland,1
2290,irish,1
2291,isaac,1
2292,isalonioffici,1
2293,island,1
2295,italian,1
2296,ivansiladji,1
2298,jakefromstatefarm,1
2301,jane,1
2302,janko,1
2304,jasminecrowepop,1
2306,jenniferpikevln,1
2308,jewelbuginbiz,1
2309,jirihorakpiano,1
2312,joel,1
2313,johann,1
2314,johannevikmus,1
2315,johncolianni,1
2316,johnpackerltd,1
2320,joolsholland,1
2322,jordanvioli,1
2323,jordyn,1
2325,joshua,1
2327,judg,1
2328,judsonhurd,1
2329,julianassang,1
2330,jump,1
2333,jwpepper,1
2334,ka,1
2336,kamlesm,1
2342,kateremington,1
2346,kcstring,1
2348,kenslowmatthew,1
2349,keyboa,1
2352,kidsachiev,1
2355,koelnerphi,1
2356,kolplay,1
2357,kontakt,1
2358,korgkrom,1
2360,krutz,1
2361,kswver,1
2362,lab,1
2364,ladyhgiggl,1
2365,lamar,1
2366,lamp,1
2368,lat,1
2371,laughter,1
2372,launch,1
2373,lazi,1
2374,learnpiano,1
2384,lifetim,1
2386,lili,1
2388,lindseystirl,1
2389,lipman,1
2392,listentoladi,1
2393,littlepianist,1
2397,lizzobe,1
2401,lofihiph,1
2405,londonderri,1
2408,lookingf,1
2411,loomischaff,1
2413,lose,1
2415,loui,1
2423,mabel,1
2424,macau,1
2425,machinedriv,1
2426,macmillancanc,1
2428,maestro,1
2429,magi,1
2431,magnif,1
2437,malderin,1
2439,mandoisland,1
2441,mangomusiclabel,1
2444,manuelmarino,1
2446,marcelzidani,1
2449,markoconnorband,1
2451,maskuniitti,1
2452,masterc,1
2453,mastercl,1
2454,masterclass,1
2455,masteri,1
2456,masterpiec,1
2458,mategazza,1
2459,matiesstud,1
2460,matine,1
2462,maverick,1
2465,mazurka,1
2466,mcki,1
2467,mcrformov,1
2468,mean,1
2471,medusaforev,1
2473,mel,1
2474,melissebrunet,1
2477,melodens,1
2480,mental,1
2482,merri,1
2486,method,1
2487,mexi,1
2488,mezzomusicacad,1
2489,mich,1
2491,mihst,1
2492,mikalynmus,1
2494,mikurajima,1
2495,milk,1
2496,milton,1
2497,min,1
2499,minu,1
2501,miroslav,1
2505,mnozil,1
2506,mobil,1
2514,monticello,1
2517,moonlightsonata,1
2520,morningedi,1
2522,motiva,1
2523,mozartgypsi,1
2526,mulberri,1
2527,multi,1
2528,mumbai,1
2531,muscat,1
2532,musett,1
2534,musicallyyour,1
2536,musicdahlia,1
2539,musicianship,1
2541,mysteri,1
2544,nainikakashyap,1
2546,nashvil,1
2547,ndr,1
2549,neon,1
2550,netx,1
2552,neverton,1
2553,nevisensembl,1
2556,newl,1
2557,newli,1
2560,newspap,1
2561,newtrack,1
2564,nig,1
2565,nightmar,1
2567,nomi,1
2569,northern,1
2573,novan,1
2578,ntonsymphorch,1
2586,often,1
2587,oil,1
2588,oilstick,1
2589,ol,1
2591,oliviaawbrey,1
2595,openm,1
2596,oper,1
2598,order,1
2601,other,1
2602,otra,1
2605,ousixg,1
2608,outpour,1
2611,overdub,1
2612,owen,1
2613,paddock,1
2614,padro,1
2615,paganini,1
2619,pancra,1
2622,parademagazin,1
2624,particip,1
2626,patien,1
2628,paulskerrittband,1
2631,peak,1
2632,peep,1
2636,percent,1
2638,perfectli,1
2641,peri,1
2643,personali,1
2644,perthpp,1
2646,petermrobinson,1
2647,ph,1
2650,philadelphiaorchestra,1
2652,pianista,1
2653,pianistasmexicano,1
2654,pianoaround,1
2655,pianobook,1
2656,pianocov,1
2657,pianoforsalect,1
2658,pianoman,1
2659,pianomario,1
2660,pianosolo,1
2663,pictu,1
2666,pierc,1
2670,pit,1
2672,plann,1
2677,playtoom,1
2678,playwitheco,1
2680,poetri,1
2682,popart,1
2683,popular,1
2684,porcupinetreeoffici,1
2685,portabl,1
2686,portlandpiano,1
2687,positiveen,1
2689,practici,1
2690,prais,1
2696,presid,1
2698,priceless,1
2699,primarili,1
2700,princess,1
2701,priorsle,1
2703,probabl,1
2704,proce,1
2706,producti,1
2711,puffinroom,1
2712,purposefulact,1
2714,qualit,1
2716,quiet,1
2717,quint,1
2718,rachelcello,1
2720,radiat,1
2721,radiox,1
2723,raini,1
2724,rainworthington,1
2727,ran,1
2728,rappino,1
2734,realrossholm,1
2735,realtamiaworld,1
2739,recogn,1
2740,recordstoreday,1
2741,recoveri,1
2745,rela,1
2747,releasin,1
2749,relredraid,1
2750,rem,1
2752,remembranc,1
2754,report,1
2755,resonanceorch,1
2758,revelri,1
2761,ri,1
2764,rider,1
2766,riponcathedr,1
2767,rise,1
2775,rochett,1
2776,rodsteig,1
2778,roller,1
2779,roof,1
2781,rosiedeeboss,1
2784,rspca,1
2785,rubenstein,1
2786,rufino,1
2787,rumbl,1
2789,rushmerestandrew,1
2790,russloss,1
2793,sadhguru,1
2796,sakura,1
2797,samplesreview,1
2798,sangeet,1
2799,sansan,1
2801,sara,1
2802,sarahpap,1
2804,sasha,1
2808,savileclub,1
2809,sawdust,1
2810,saxopho,1
2812,scalaradio,1
2813,scanyourchil,1
2814,scarboromus,1
2817,scienc,1
2818,scoileoinboy,1
2822,scottish,1
2823,scrape,1
2824,scsyo,1
2827,sean,1
2828,seat,1
2831,sec,1
2833,seem,1
2834,seinfeldmus,1
2837,send,1
2838,sept,1
2840,ser,1
2843,sex,1
2845,sh,1
2847,shameless,1
2851,sherimil,1
2852,shi,1
2856,showtim,1
2858,sibeliu,1
2860,sidran,1
2863,silenc,1
2864,simondcallaghan,1
2867,sincer,1
2868,sinfoniatoronto,1
2869,singalong,1
2870,sirismedvig,1
2875,skull,1
2876,sleep,1
2882,smj,1
2883,smoke,1
2885,sno,1
2886,social,1
2887,solut,1
2890,sonatina,1
2892,soni,1
2894,sorabj,1
2895,southwest,1
2896,spanish,1
2901,springconcert,1
2903,squ,1
2905,starbeattal,1
2906,starsoftomorrowtuesday,1
2911,stfx,1
2912,stickfigurereco,1
2913,sticki,1
2914,stickler,1
2916,stirchleyschool,1
2917,stirl,1
2918,stjepanhaus,1
2919,stlawrenceu,1
2921,sto,1
2922,stockmus,1
2923,stool,1
2925,storag,1
2928,stradi,1
2932,strict,1
2933,stringband,1
2935,stringquar,1
2936,stringsbyn,1
2939,stude,1
2944,success,1
2950,suit,1
2952,summertim,1
2956,sundaymotiv,1
2961,sunshin,1
2966,suziemacmus,1
2967,suzuki,1
2968,suzukimethod,1
2969,swan,1
2973,symph,1
2980,tal,1
2981,tang,1
2982,tango,1
2983,taniavinokur,1
2984,taper,1
2986,tartini,1
2988,tattenha,1
2993,team,1
2994,teatro,1
3000,temeculastr,1
3001,templ,1
3002,ten,1
3003,terrbearlim,1
3013,themusesza,1
3014,thepianoguy,1
3015,therealaomega,1
3016,theresa,1
3018,theviolasurvey,1
3019,thick,1
3020,thin,1
3021,thomasbramel,1
3022,thoroughli,1
3024,thougt,1
3027,throw,1
3034,tod,1
3036,tomhiel,1
3039,tonigh,1
3042,toy,1
3048,trail,1
3049,trainer,1
3050,transcend,1
3051,transien,1
3052,tree,1
3057,troyesivan,1
3060,truth,1
3061,tsukicaf,1
3070,tydollasign,1
3072,tylerisd,1
3074,uday,1
3075,ugadi,1
3078,ultim,1
3080,unacorda,1
3081,und,1
3082,univ,1
3084,unlock,1
3085,unplug,1
3086,upon,1
3088,uspsaruiz,1
3090,verbenera,1
3093,versatil,1
3094,vest,1
3095,vibrato,1
3100,violinchannel,1
3101,violinograph,1
3102,violinrich,1
3103,violinst,1
3104,vision,1
3106,vitou,1
3107,vivald,1
3108,vivopor,1
3112,wail,1
3115,wall,1
3116,wallac,1
3118,war,1
3120,washingto,1
3121,wave,1
3123,weddingp,1
3124,weddings,1
3133,whoisdsharp,1
3135,windsor,1
3139,woke,1
3142,wonderwoman,1
3146,workout,1
3149,worldpremier,1
3150,worship,1
3151,worth,1
3155,xxl,1
3157,yard,1
3158,yasmineazaiez,1
3159,ye,1
3160,yeah,1
3165,yogipa,1
3168,youngsinfonia,1
3169,youngtxartist,1
3170,yourself,1
3172,yyyasuo,1
3173,zaf,1
3177,zemartyp,1
3179,zoom,1
3181,Al,1
3182,Ar,1
3188,Dr,1
3190,En,1
3191,Fa,1
3195,Gu,1
3200,Jo,1
3201,Ju,1
3204,Mr,1
3206,NP,1
3208,Ne,1
3212,Po,1
3213,Pr,1
3215,Si,1
3218,TV,1
3220,Te,1
3223,Ug,1
3224,Vi,1
3225,Vo,1
3232,abit,1
3234,abrsm,1
3235,accademici,1
3236,accesso,1
3237,accompli,1
3238,accordion,1
3239,account,1
3243,addin,1
3245,adgusi,1
3247,adrienn,1
3252,aiharacomp,1
3254,alanwalk,1
3255,albert,1
3259,alexfrenchmak,1
3261,algorithm,1
3265,alohakarina,1
3274,among,1
3275,andreasmakusev,1
3277,angelin,1
3279,anthem,1
3282,anyth,1
3283,apart,1
3288,archiv,1
3289,ardeton,1
3290,arkansa,1
3291,arnold,1
3295,artshow,1
3296,artw,1
3297,artworl,1
3298,arusbridg,1
3299,asahi,1
3301,asicsamerica,1
3302,assembl,1
3304,atmosphear,1
3305,att,1
3307,aud,1
3312,availa,1
3314,awaken,1
3315,awas,1
3319,aworldinlondon,1
3320,awretchedkitten,1
3321,ayasa,1
3322,azathoth,1
3327,bae,1
3329,ballet,1
3330,barber,1
3334,bassi,1
3336,bat,1
3337,bathtun,1
3345,beau,1
3348,bed,1
3350,begi,1
3351,behin,1
3356,benedetti,1
3357,benignetti,1
3358,benshapiro,1
3359,bentriggmus,1
3360,bernhard,1
3362,betsey,1
3364,betti,1
3365,betw,1
3366,bey,1
3367,bflat,1
3370,billybatesbeat,1
3375,bizet,1
3376,bl,1
3382,blumenth,1
3383,bmw,1
3384,bo,1
3385,bohemian,1
3386,bohemianrhapsodi,1
3387,boll,1
3388,bondi,1
3390,bor,1
3391,bosendorf,1
3392,boston,1
3397,bratislava,1
3398,brazi,1
3399,breathingdreamslikeair,1
3400,breathtak,1
3402,breez,1
3403,brent,1
3405,bright,1
3406,brighten,1
3409,broadc,1
3410,broadway,1
3411,broadwood,1
3414,bu,1
3415,buchananbilli,1
3417,buffi,1
3419,bulli,1
3423,cafecodamadison,1
3424,cake,1
3427,calum,1
3429,cant,1
3430,cantini,1
3431,canva,1
3435,cascad,1
3437,casiomusicgear,1
3439,castamer,1
3440,catania,1
3441,catch,1
3443,caus,1
3445,ceey,1
3446,cel,1
3448,celtic,1
3449,centerfor,1
3452,chanc,1
3453,chano,1
3459,chihiro,1
3461,china,1
3463,chiru,1
3464,cho,1
3465,choi,1
3467,choo,1
3468,choru,1
3470,christianmattick,1
3474,citi,1
3475,ciut,1
3476,claim,1
3477,claraschumann,1
3479,classica,1
3481,classicalnew,1
3482,claud,1
3483,clavier,1
3489,coffe,1
3491,collid,1
3492,colneblu,1
3493,columbuscouncil,1
3494,comedi,1
3496,compel,1
3497,competitio,1
3498,complement,1
3502,concer,1
3506,congratula,1
3507,connor,1
3508,consum,1
3511,contemporarymus,1
3513,cook,1
3515,corpor,1
3522,crow,1
3525,cumart,1
3527,cut,1
3532,daftscholar,1
3533,daili,1
3536,daniela,1
3537,danieldviolin,1
3540,data,1
3541,datmusicdwayn,1
3542,dau,1
3544,dazgoz,1
3545,deadlin,1
3547,deathbyhibachi,1
3549,debu,1
3550,decad,1
3551,deck,1
3553,deer,1
3554,deerpark,1
3559,demonstr,1
3560,deni,1
3562,desifolk,1
3563,design,1
3564,destk,1
3566,detr,1
3567,detroit,1
3570,dgcmusi,1
3574,digi,1
3579,disc,1
3583,distrack,1
3584,distract,1
3585,diy,1
3586,djmarianabo,1
3587,djvianuxx,1
3588,dmitri,1
3591,dongwoon,1
3594,downl,1
3595,doy,1
3598,dress,1
3599,drink,1
3604,dunit,1
3606,dyingfoil,1
3607,earthpianomus,1
3609,eddybeneteau,1
3610,edelweisspiano,1
3611,edesh,1
3613,edvnt,1
3617,eleanorrigbi,1
3622,eliastavr,1
3624,emersonstringquartet,1
3625,emilyjwmus,1
3629,energi,1
3635,eopman,1
3636,equal,1
3637,equinox,1
3639,erikago,1
3640,errington,1
3641,escap,1
3642,eseefre,1
3643,espresso,1
3647,eupho,1
3651,except,1
3652,exciti,1
3653,excl,1
3654,exist,1
3655,expect,1
3656,experien,1
3657,expert,1
3658,extraordinari,1
3661,fabrikpo,1
3662,faith,1
3663,fam,1
3668,fasci,1
3669,fascin,1
3670,fashion,1
3671,fastest,1
3672,father,1
3673,fb,1
3674,fe,1
3676,feed,1
3679,fel,1
3680,fellow,1
3682,ferri,1
3684,fibr,1
3687,fiddlershop,1
3688,fiel,1
3690,filh,1
3691,filmmus,1
3693,fini,1
3694,fionajoymus,1
3696,firework,1
3699,flander,1
3701,flin,1
3702,floss,1
3704,flower,1
3705,flstudio,1
3706,foam,1
3708,fort,1
3709,fortnit,1
3710,freebeat,1
3718,funnest,1
3720,gabriel,1
3721,gadda,1
3723,gamersgoldfinch,1
3724,gandhi,1
3725,garden,1
3726,gardenia,1
3727,garrido,1
3728,gave,1
3730,geniu,1
3731,genrebendingmus,1
3732,genuin,1
3738,ginnyveemus,1
3739,giv,1
3745,goaheadmerch,1
3746,god,1
3747,gold,1
3750,goodafternoon,1
3751,goodfriday,1
3752,goodmorn,1
3753,gorg,1
3757,grandpiano,1
3758,gratitud,1
3759,greas,1
3767,gupta,1
3769,guzman,1
3770,gvf,1
3773,hagen,1
3774,handcraft,1
3775,hannah,1
3777,happin,1
3780,harrod,1
3781,harrypotterinconcert,1
3785,havent,1
3786,hayd,1
3794,hediondez,1
3798,hertscount,1
3799,hertssc,1
3800,hewitt,1
3803,hide,1
3808,hipho,1
3809,hiroko,1
3811,hisonlyhopetess,1
3812,ho,1
3814,hollyja,1
3815,hollywoodjoliet,1
3818,homemad,1
3819,homestudio,1
3820,honour,1
3822,hor,1
3823,horatio,1
3824,horseshoecasi,1
3827,hrcwooldridg,1
3829,hullphilo,1
3830,hundr,1
3831,hungaroton,1
3832,husker,1
3833,hustlarapbey,1
3835,icon,1
3837,icymi,1
3838,ideabuzzz,1
3839,idiom,1
3841,ilario,1
3842,immens,1
3846,impromptu,1
3847,in,1
3848,inact,1
3849,inart,1
3851,ineedabr,1
3853,ingleshayday,1
3857,instr,1
3858,instrumen,1
3861,intrigu,1
3862,invit,1
3866,isabellarfowl,1
3867,israel,1
3868,issu,1
3869,istanbul,1
3871,italosuav,1
3873,itzhakperlman,1
3877,japansaucenet,1
3880,jazzpiano,1
3881,jazzpianoconcep,1
3882,jellyrol,1
3883,jim,1
3886,johnlegend,1
3887,johnwil,1
3890,jonmosesfanclub,1
3891,joseph,1
3893,jskinheadyork,1
3896,julian,1
3897,juliechristi,1
3898,justreleas,1
3899,jvanmael,1
3900,jvhsorchestra,1
3901,jvl,1
3904,kaverud,1
3905,kaw,1
3914,ki,1
3915,kian,1
3918,kimstringsmus,1
3919,kind,1
3921,kingdom,1
3922,kingslynn,1
3923,kirchner,1
3924,kithandkid,1
3926,korean,1
3927,kota,1
3929,krieger,1
3930,kye,1
3931,kyoto,1
3932,label,1
3937,landmarkonmain,1
3942,lauramasottovio,1
3945,ldnont,1
3946,le,1
3947,lean,1
3950,leed,1
3951,leighmusicangel,1
3954,levinson,1
3955,liam,1
3956,librarianlest,1
3962,lifeisadicegam,1
3963,lift,1
3965,lik,1
3968,lincoln,1
3969,lion,1
3970,lionel,1
3971,liquidfunk,1
3974,lithuanian,1
3978,lon,1
3980,lookin,1
3981,lookingforbeat,1
3984,low,1
3990,luhi,1
3992,luk,1
3995,luminosa,1
3998,ma,1
3999,mac,1
4001,madei,1
4002,madnessnew,1
4003,madstol,1
4005,mahal,1
4008,mallon,1
4009,manoah,1
4012,mantov,1
4013,marc,1
4016,marcosstuardito,1
4017,marcusorchestra,1
4018,mari,1
4020,mariaeleonmus,1
4025,marriott,1
4026,marshal,1
4028,martyn,1
4029,mask,1
4031,matax,1
4035,mayb,1
4038,mcarrillomus,1
4039,mcbride,1
4040,mcmi,1
4045,menschoru,1
4049,mezzrowcl,1
4050,michaeldanchi,1
4054,midland,1
4056,milano,1
4057,million,1
4058,mine,1
4059,minnesota,1
4060,mint,1
4063,misha,1
4067,mondayeven,1
4068,mondaymorni,1
4071,morego,1
4075,motherson,1
4076,mous,1
4079,movi,1
4080,mpou,1
4081,mrchriseaton,1
4082,mumba,1
4083,murphypj,1
4090,musicislif,1
4091,musicnight,1
4092,musicstandteam,1
4093,musikverein,1
4106,neilthebassist,1
4107,nerdkween,1
4108,netflix,1
4109,newag,1
4112,newvideo,1
4113,newworldsymphoni,1
4115,nichollsbrimbl,1
4116,nickyben,1
4119,nikgeerken,1
4121,ninthcirclefan,1
4122,nolan,1
4123,nomine,1
4124,nor,1
4125,normal,1
4126,nose,1
4129,nprmusic,1
4130,object,1
4132,ocean,1
4133,odd,1
4134,odetojoy,1
4135,offer,1
4136,offtothebeach,1
4138,okc,1
4139,oklahoma,1
4141,oldtim,1
4142,oliviaviolin,1
4144,onl,1
4149,operaontap,1
4153,orgish,1
4155,oscarfogelstrm,1
4158,outofthebox,1
4162,overlap,1
4164,oxford,1
4165,pa,1
4166,pac,1
4168,pai,1
4169,palasthohenem,1
4170,palli,1
4172,par,1
4176,pattrisiabolton,1
4179,paulhinesvault,1
4181,payton,1
4182,pee,1
4184,perfection,1
4185,performa,1
4186,perhap,1
4188,perlmanoffici,1
4189,pet,1
4190,petro,1
4198,pianoforal,1
4199,pianokiara,1
4200,pianonew,1
4206,pioneerpress,1
4208,platfo,1
4211,pleasur,1
4212,plug,1
4215,point,1
4216,polish,1
4222,prac,1
4225,practicespac,1
4226,prefe,1
4228,premedit,1
4229,press,1
4231,preview,1
4237,profil,1
4239,projec,1
4241,promo,1
4246,psychil,1
4252,puzz,1
4253,puzzl,1
4254,qdpurdu,1
4255,qscmusic,1
4257,qui,1
4258,quickfir,1
4260,quinncen,1
4261,quiteria,1
4262,rachman,1
4266,rainfal,1
4270,raptli,1
4272,ray,1
4273,rdesroc,1
4275,rebeccakellymus,1
4276,reci,1
4281,rehear,1
4286,rendit,1
4290,respiratori,1
4292,rethink,1
4301,rick,1
4304,riponcath,1
4305,ripper,1
4306,rippl,1
4307,riptid,1
4308,riva,1
4309,rlife,1
4310,rn,1
4311,rnsinfonia,1
4315,rodger,1
4319,role,1
4321,romanc,1
4322,ronaldsach,1
4327,row,1
4328,rowan,1
4329,roya,1
4330,royal,1
4333,ruopolo,1
4335,russel,1
4338,sacram,1
4339,sageandspi,1
4340,samajam,1
4341,sand,1
4342,sander,1
4343,sangeetha,1
4348,sblconcert,1
4349,scari,1
4351,schimmel,1
4355,scroll,1
4356,seaso,1
4358,seasonsofthewrongmind,1
4362,select,1
4363,selectmusicuk,1
4366,senor,1
4367,serenazmus,1
4368,servic,1
4377,shell,1
4379,shirtlessviolin,1
4380,shit,1
4385,shout,1
4387,shropsh,1
4390,sig,1
4392,signatur,1
4394,silv,1
4396,sim,1
4398,simonmoorephotographi,1
4401,singsthecello,1
4402,sip,1
4405,sketchadaya,1
4407,skittl,1
4409,slee,1
4413,sneak,1
4416,socalphilorch,1
4422,solist,1
4423,soloist,1
4427,somu,1
4429,sonris,1
4431,sophist,1
4435,soysprocket,1
4437,spain,1
4438,specialco,1
4439,speedi,1
4441,speshulystbeat,1
4442,spici,1
4445,spirit,1
4446,spiritu,1
4447,spokan,1
4452,state,1
4454,ste,1
4455,stefi,1
4459,stick,1
4460,stickin,1
4461,stlouisstr,1
4469,strategi,1
4470,strathmor,1
4475,strin,1
4477,strobe,1
4478,stroke,1
4479,stron,1
4480,strut,1
4487,sublim,1
4488,sudanarch,1
4490,sunni,1
4491,sunsmilemot,1
4492,sup,1
4494,surp,1
4495,svencino,1
4496,swap,1
4497,sway,1
4503,switzerland,1
4506,tabl,1
4507,tabletopgam,1
4508,tackl,1
4515,tanjor,1
4516,tchaikovski,1
4517,tea,1
4521,tennesse,1
4522,tension,1
4524,teramo,1
4527,tha,1
4529,theatr,1
4531,theemmetray,1
4532,theft,1
4533,theheart,1
4537,theyoungergirl,1
4544,thriv,1
4546,thruspectrum,1
4552,timfain,1
4554,tlc,1
4557,togeth,1
4559,tokyo,1
4560,tomorr,1
4564,toronto,1
4565,torteli,1
4567,tough,1
4569,tox,1
4570,toypiano,1
4571,tpb,1
4576,trailbla,1
4580,trazo,1
4582,trester,1
4586,triumph,1
4587,triviapow,1
4588,troyasbelik,1
4595,twotonesviolin,1
4596,tyga,1
4597,typeb,1
4599,uni,1
4600,univers,1
4601,unseason,1
4602,untouch,1
4608,urz,1
4612,valu,1
4614,vanessa,1
4615,vape,1
4619,verano,1
4621,vernsan,1
4622,veronica,1
4627,vibrant,1
4628,vibratin,1
4634,villag,1
4637,violinbiscuit,1
4639,violon,1
4641,virtuo,1
4642,visitcalderdal,1
4643,visual,1
4644,vocal,1
4645,vocalist,1
4651,vuillaum,1
4655,walterwandeelwart,1
4658,warnerhotel,1
4662,websit,1
4668,wenlockarm,1
4670,westroadch,1
4671,wgevan,1
4672,wheel,1
4677,wieniawski,1
4681,wing,1
4683,wintergarten,1
4687,wnyc,1
4689,wolverhampton,1
4690,wond,1
4691,woo,1
4693,wor,1
4695,worri,1
4696,wou,1
4697,writer,1
4699,wshu,1
4700,wyndreama,1
4701,xtrasrir,1
4702,yacelli,1
4703,yamahauk,1
4708,yorkshir,1
4712,yujawang,1
4714,zett,1
