music|product,74
music|video,66
music|project,43
music|industri,39
music|releas,27
music|manag,22
music|conceiv,21
music|data,21
music|content,21
music|diy,18
music|endeavor,18
music|tie,18
music|environ,18
music|insight,18
music|brand,16
music|perform,16
music|playlist,16
play|right,16
music|career,16
music|scene,15
music|social,14
song|layout,14
music|blog,14
music|world,14
song|act,14
song|within,13
music|make,13
music|market,13
music|time,13
song|pitch,13
music|also,13
music|analyt,12
music|busi,12
music|even,12
music|there,12
music|across,12
song|great,11
music|stream,11
music|style,11
music|we,11
music|onlin,11
music|open,11
music|track,10
play|around,10
play|song,10
music|tech,10
play|front,10
music|award,10
music|consumpt,10
music|fortun,10
music|shade,9
music|way,9
music|write,9
music|visual,9
music|deal,9
music|first,9
music|let,9
music|creator,9
music|process,9
music|idea,8
music|audienc,8
music|especi,8
music|featur,8
play|differ,8
guitar|bass,8
music|incred,8
music|academia,8
music|get,8
music|hi,8
music|much,8
music|often,8
music|pr,8
music|tri,8
play|live,8
music|group,7
music|love,7
music|qualiti,7
music|campaign,7
music|friction,7
music|and,7
music|catalogu,7
music|listen,7
music|hit,7
music|it,7
music|like,7
music|work,7
music|alway,6
music|distribut,6
music|pitch,6
song|way,6
music|great,6
music|music,6
music|sever,6
music|someth,6
music|sphere,6
song|artist,6
music|lyric,6
music|creat,6
music|develop,6
song|cover,6
song|interpret,6
music|for,6
song|could,6
song|even,6
music|come,5
music|landscap,5
play|way,5
music|ambit,5
music|creation,5
music|deliv,5
music|help,5
music|produc,5
music|quickli,5
song|perform,5
song|work,5
music|catalog,5
music|go,5
music|realli,5
song|context,5
guitar|player,5
music|be,5
song|see,5
music|ecosystem,5
music|media,5
music|network,5
music|thing,5
music|upload,5
music|collabor,4
music|constantli,4
music|esther,4
music|gateway,4
music|know,4
music|share,4
music|sort,4
music|submiss,4
music|they,4
music|while,4
music|you,4
play|support,4
song|also,4
song|definit,4
song|hype,4
song|label,4
song|one,4
music|give,4
music|hand,4
play|acoust,4
play|jump,4
song|need,4
song|play,4
song|realli,4
song|you,4
music|offer,4
music|output,4
music|via,4
music|want,4
play|develop,4
song|quit,4
music|begin,4
music|besid,4
music|download,4
music|field,4
music|live,4
music|mean,4
music|never,4
music|reach,4
music|relev,4
music|sound,4
music|spotifi,4
music|stay,4
song|actual,4
song|mayb,4
song|probabl,4
song|sometim,4
music|categori,4
music|creativ,4
music|digit,4
music|europavox,4
music|feel,4
music|showcas,4
music|within,4
play|key,4
play|togeth,4
song|week,4
music|concept,4
music|honesti,4
music|if,4
music|narr,4
music|privat,4
play|get,4
play|music,4
play|reduc,4
song|thi,4
jazz|grung,4
music|becom,4
music|by,4
music|channel,4
music|divers,4
music|find,4
play|certain,4
play|soundcloud,4
song|fli,4
song|publish,4
music|school,3
play|upload,3
song|get,3
song|music,3
music|festiv,3
music|occupi,3
music|smaller,3
play|first,3
play|follow,3
song|lyric,3
song|spotifi,3
music|follow,3
music|happi,3
music|label,3
song|like,3
song|simpl,3
song|world,3
music|believ,3
music|experi,3
music|genr,3
music|import,3
music|push,3
music|relat,3
play|success,3
play|variat,3
music|complet,3
music|instrument,3
music|overal,3
music|platform,3
play|track,3
song|might,3
music|prerequisit,3
music|song,3
music|to,3
play|show,3
play|work,3
sing|song,3
song|live,3
music|hungri,3
music|inspir,3
music|mind,3
music|musician,3
music|show,3
music|sometim,3
music|without,3
play|for,3
song|right,3
song|sound,3
jazz|fragil,2
music|automat,2
music|count,2
music|crew,2
music|differ,2
music|exchang,2
music|hot,2
music|individu,2
music|journey,2
music|land,2
music|member,2
music|might,2
music|perceiv,2
music|person,2
music|play,2
music|point,2
music|promot,2
music|so,2
music|specif,2
music|stick,2
music|still,2
music|tend,2
music|thought,2
music|uncov,2
music|vocal,2
music|wise,2
play|again,2
play|back,2
play|clarinet,2
play|extent,2
play|make,2
play|variou,2
play|want,2
play|you,2
song|blog,2
song|either,2
song|hit,2
song|leyya,2
song|listen,2
song|mix,2
song|next,2
song|old,2
song|onto,2
song|open,2
song|plan,2
song|reduc,2
song|sensibl,2
song|speech,2
song|though,2
song|whatev,2
guitar|piano,2
music|accept,2
music|achiev,2
music|alon,2
music|appeal,2
music|chill,2
music|day,2
music|dynam,2
music|entir,2
music|fli,2
music|gener,2
music|manageri,2
music|mani,2
music|motiv,2
music|mrsuicidesheep,2
music|physic,2
music|pleas,2
music|prevail,2
music|refer,2
music|seem,2
music|speak,2
music|spotifyphoto,2
music|startup,2
music|that,2
music|which,2
piano|melodi,2
play|awar,2
play|endeavor,2
play|format,2
play|moment,2
play|piano,2
play|reach,2
play|screen,2
play|ton,2
play|trick,2
play|version,2
song|busi,2
song|depend,2
song|gain,2
song|go,2
song|heavili,2
song|materi,2
song|social,2
violin|oud,2
guitar|build,2
guitar|electron,2
guitar|prefer,2
guitar|put,2
guitar|realli,2
music|ableton,2
music|ad,2
music|ambassador,2
music|autonomi,2
music|back,2
music|behind,2
music|bigger,2
music|bring,2
music|capabl,2
music|comput,2
music|consequ,2
music|defin,2
music|execut,2
music|facet,2
music|got,2
music|horizon,2
music|learn,2
music|moment,2
music|oftentim,2
music|persona,2
music|portfolio,2
music|soundcloud,2
music|topic,2
music|wind,2
play|game,2
play|guarante,2
play|increas,2
play|open,2
play|prefer,2
play|process,2
play|tool,2
play|youtub,2
song|complet,2
song|contest,2
song|creat,2
song|differ,2
song|explos,2
song|for,2
song|good,2
song|laugh,2
song|manner,2
song|onc,2
song|sheer,2
song|show,2
music|abil,2
music|act,2
music|aesthet,2
music|baggag,2
music|brainstorm,2
music|but,2
music|commerci,2
music|director,2
music|easili,2
music|element,2
music|etc,2
music|everyth,2
music|fit,2
music|guess,2
music|heritag,2
music|materi,2
music|mere,2
music|none,2
music|offici,2
music|relationship,2
music|right,2
music|say,2
music|smartphon,2
music|success,2
music|therefor,2
music|tour,2
play|equal,2
play|exhilar,2
play|manner,2
play|releas,2
play|set,2
play|thi,2
song|easier,2
song|month,2
song|possibl,2
song|product,2
song|regular,2
song|the,2
guitar|string,2
guitar|strum,2
music|agenda,2
music|art,2
music|carri,2
music|competit,2
music|conceptu,2
music|cornerston,2
music|countless,2
music|deconstruct,2
music|directli,2
music|done,2
music|facebook,2
music|futur,2
music|glad,2
music|heart,2
music|independ,2
music|key,2
music|local,2
music|lose,2
music|luckili,2
music|mood,2
music|nuanc,2
music|similar,2
music|though,2
music|tip,2
music|use,2
music|ventur,2
music|would,2
piano|exampl,2
piano|guitar,2
play|bandmat,2
play|best,2
play|card,2
play|certainli,2
play|dynam,2
play|energet,2
play|gig,2
play|hardbal,2
play|talk,2
sing|session,2
song|bpm,2
song|chuck,2
song|clear,2
song|do,2
song|heard,2
song|made,2
song|not,2
song|think,2
song|via,2
song|want,2
music|balanc,2
music|beneficiari,2
music|check,2
music|craft,2
music|depth,2
music|dig,2
music|file,2
music|found,2
music|inner,2
music|last,2
music|lex,2
music|lie,2
music|look,2
music|outcom,2
music|part,2
music|press,2
music|readi,2
music|sent,2
music|submithub,2
music|supervisor,2
music|togeth,2
music|uniqu,2
music|wan,2
music|where,2
play|at,2
play|end,2
play|festiv,2
play|good,2
play|great,2
play|like,2
play|loop,2
play|multipl,2
play|musician,2
play|phase,2
play|so,2
play|varieti,2
play|without,2
song|anoth,2
song|current,2
song|ear,2
song|essay,2
song|form,2
song|infus,2
song|necessarili,2
song|project,2
song|remix,2
song|twitch,2
song|visual,2
guitar|and,2
guitar|readi,2
music|actual,2
music|breakthrough,2
music|certain,2
music|control,2
music|cultur,2
music|demand,2
music|entourag,2
music|equal,2
music|favorit,2
music|happen,2
music|head,2
music|institut,2
music|intens,2
music|keep,2
music|leav,2
music|legitimaci,2
music|on,2
music|photographi,2
music|probabl,2
music|side,2
music|softwar,2
music|span,2
music|stat,2
music|stellar,2
music|strong,2
music|variou,2
music|wherev,2
piano|made,2
play|creat,2
play|either,2
play|fun,2
play|or,2
play|post,2
play|sometim,2
play|thing,2
song|across,2
song|aw,2
song|consequ,2
song|engag,2
song|first,2
song|help,2
song|here,2
song|mani,2
song|size,2
song|vehicl,2
song|yet,2
music|accord,1
music|condit,1
music|don,1
music|eas,1
music|lastli,1
music|machin,1
music|pay,1
music|prioriti,1
music|resid,1
music|verificationaft,1
play|bass,1
play|in,1
play|pose,1
play|store,1
play|strength,1
play|thirst,1
play|vulner,1
song|end,1
song|everywher,1
song|is,1
song|less,1
song|public,1
song|song,1
song|thank,1
song|we,1
song|written,1
music|advertis,1
music|ecospher,1
music|everyon,1
music|factor,1
music|fan,1
music|sit,1
music|specifi,1
music|text,1
play|peopl,1
play|transpir,1
song|channel,1
song|come,1
song|comfort,1
song|pick,1
song|profession,1
song|technolog,1
music|biggest,1
music|curat,1
music|effici,1
music|electron,1
music|energi,1
music|everi,1
music|exhibit,1
music|greatli,1
music|grow,1
music|partnership,1
music|posit,1
music|profession,1
music|quick,1
music|read,1
music|spirit,1
music|week,1
play|huge,1
play|number,1
play|overnight,1
play|realli,1
play|we,1
sing|habit,1
sing|one,1
song|enough,1
song|hear,1
song|so,1
song|stand,1
song|support,1
song|upcom,1
guitar|samsung,1
music|big,1
music|bum,1
music|compar,1
music|contribut,1
music|emancip,1
music|nich,1
music|peripheri,1
music|stun,1
play|roughli,1
play|that,1
song|alreadi,1
song|collect,1
song|inspir,1
song|limit,1
song|schedul,1
song|submithub,1
song|upload,1
guitar|rig,1
music|aficionado,1
music|basic,1
music|better,1
music|built,1
music|conserv,1
music|cosmo,1
music|goal,1
music|hooki,1
music|most,1
music|place,1
music|reject,1
music|spherelet,1
music|tendenc,1
play|color,1
play|flute,1
play|gener,1
song|fragment,1
song|in,1
song|singular,1
song|still,1
song|turn,1
song|write,1
jazz|fav,1
music|alreadi,1
music|appear,1
music|band,1
music|broad,1
music|chang,1
music|dock,1
music|editori,1
music|end,1
music|handl,1
music|ident,1
music|impact,1
music|includ,1
music|intric,1
music|journal,1
music|preserv,1
music|start,1
music|wrong,1
play|club,1
play|posit,1
play|practic,1
play|whole,1
song|refram,1
song|solid,1
song|titl,1
guitar|signal,1
music|artist,1
music|cameo,1
music|deep,1
music|deepen,1
music|dull,1
music|ever,1
music|input,1
music|lot,1
music|morandi,1
music|quit,1
music|state,1
music|sub,1
music|verbal,1
play|content,1
play|time,1
sing|instrument,1
song|instead,1
song|loos,1
song|process,1
song|that,1
