,0,1
0,AM,1
1,An,5
2,At,9
3,Ba,4
4,By,22
5,Ed,5
6,If,18
7,Li,13
8,Lu,2
9,MV,2
10,Me,3
11,Of,4
12,Ol,1
13,Or,2
14,PJ,2
15,SG,1
16,Xi,2
17,aaron,2
18,abduct,1
19,abet,1
20,abound,1
21,absorb,1
22,abstract,1
23,abus,1
24,academ,6
25,accept,6
26,accompani,7
27,accur,2
28,accuraci,1
29,achiev,10
30,acknowledg,2
31,acquir,2
32,across,27
33,activ,1
34,adam,48
35,adamsian,2
36,address,4
37,adept,1
38,adida,6
39,adjust,1
40,administr,9
41,adrenalin,1
42,adult,7
43,advanc,8
44,advent,2
45,advertis,2
46,advis,3
47,african,4
48,afternoon,5
49,afterward,3
50,age,17
51,aggress,2
52,agit,1
53,agre,1
54,aha,1
55,ahead,2
56,air,9
57,airi,1
58,airport,1
59,aix,3
60,akont,1
61,alan,2
62,album,69
63,albumblatt,1
64,alcorn,2
65,alessandro,1
66,alexand,2
67,alfr,2
68,ali,1
69,alic,7
70,alkemi,1
71,all,15
72,alleg,4
73,allenour,2
74,alli,2
75,allur,2
76,along,26
77,alpin,2
78,amazingli,2
79,ambassador,10
80,ambiti,2
81,ame,1
82,american,52
83,amirtha,1
84,amistad,1
85,amount,2
86,anarch,2
87,anatol,1
88,and,79
89,andant,1
90,andi,5
91,andr,1
92,andré,3
93,angl,2
94,anim,5
95,annex,1
96,annot,2
97,announc,12
98,annual,2
99,anoth,32
100,anthropologist,1
101,antiphon,1
102,anxieti,4
103,anxiou,2
104,anywher,1
105,apocalipstick,2
106,apolog,9
107,appar,9
108,appeal,10
109,appear,25
110,appleton,1
111,approach,15
112,arab,17
113,arabel,1
114,arc,2
115,archaic,1
116,architect,1
117,area,3
118,arisen,3
119,arl,3
120,armstrong,1
121,arnett,3
122,artemisia,4
123,articl,8
124,artist,39
125,ask,20
126,asset,4
127,assign,4
128,assist,3
129,associ,7
130,assum,4
131,assumpt,2
132,astound,3
133,asyla,2
134,athlet,3
135,atkin,1
136,atmospher,4
137,audaci,2
138,aung,2
139,auster,1
140,austin,1
141,averag,3
142,avignon,3
143,awar,13
144,aye,4
145,background,2
146,backup,1
147,bad,4
148,bagpip,6
149,baker,5
150,bakersfield,2
151,balanc,13
152,balvin,1
153,bamboo,2
154,banana,2
155,banga,1
156,banner,2
157,bard,9
158,barenboim,6
159,bargemus,2
160,bariton,16
161,barnatan,1
162,baroneaft,1
163,baroneyuja,1
164,bartokian,2
165,basi,1
166,basic,1
167,bassen,6
168,bassoon,2
169,bath,2
170,baton,2
171,battl,3
172,bbc,1
173,beach,13
174,beat,8
175,beatl,8
176,bebop,1
177,becaus,5
178,beethoven,19
179,befor,4
180,beforehand,2
181,begin,26
182,behind,10
183,beirut,4
184,bel,1
185,belavi,2
186,belief,1
187,bell,3
188,bellow,2
189,bend,1
190,benefit,4
191,benign,5
192,bequeath,2
193,berceus,1
194,berlin,4
195,berri,6
196,berryman,2
197,best,35
198,bestow,1
199,beyoncé,2
200,bicentenni,2
201,bigger,4
202,bigsbi,6
203,billion,2
204,birnbaum,4
205,bit,13
206,blackwil,2
207,blank,4
208,blend,5
209,bliss,1
210,blister,2
211,block,3
212,bloomberg,5
213,blow,6
214,blue,26
215,blumenkranz,4
216,blyth,1
217,bmop,1
218,board,11
219,bob,5
220,bolin,2
221,bolster,2
222,bolt,2
223,bomsori,1
224,bon,1
225,book,42
226,borda,1
227,born,19
228,botero,1
229,botstein,1
230,boulez,3
231,bounc,2
232,bout,2
233,bow,4
234,boweri,1
235,bowi,1
236,bowler,1
237,bradley,2
238,brake,2
239,brant,2
240,braxton,2
241,break,9
242,breath,6
243,bridg,1
244,brief,15
245,briefli,3
246,britain,5
247,britel,1
248,british,15
249,brittl,3
250,broad,4
251,broadli,1
252,bronx,2
253,brooklyn,12
254,broomstick,2
255,brought,18
256,bruce,15
257,bt,1
258,buckskin,1
259,budg,1
260,buffet,2
261,built,20
262,bullock,1
263,burk,4
264,burma,5
265,burmes,16
266,burn,6
267,burnish,2
268,burton,2
269,businessmen,4
270,busy,1
271,but,98
272,butterfli,4
273,bynonfictionwhen,4
274,byword,1
275,cadenza,6
276,cage,1
277,cairo,2
278,calendar,3
279,calif,2
280,call,46
281,came,53
282,cameo,2
283,camila,1
284,campaign,2
285,campfir,2
286,canada,1
287,cander,8
288,candi,2
289,canedi,5
290,cantata,1
291,capit,8
292,capuçon,2
293,car,5
294,cari,3
295,carl,1
296,carmen,1
297,carnabi,1
298,carnegi,32
299,carol,3
300,carolin,2
301,carpet,3
302,carr,1
303,carri,5
304,caruthersvil,1
305,case,14
306,cash,2
307,cassett,1
308,cast,10
309,castl,4
310,catapult,2
311,catharsi,1
312,caught,2
313,cavern,2
314,cd,4
315,celebr,13
316,centro,3
317,centuri,10
318,challeng,3
319,channel,2
320,chapel,2
321,charact,2
322,charg,15
323,charli,1
324,charm,2
325,cheat,8
326,chiccehitto,4
327,chief,4
328,chillingli,3
329,chin,1
330,choral,6
331,chorus,2
332,christin,1
333,chuck,4
334,circa,2
335,circul,1
336,circular,1
337,circumscrib,1
338,circumst,1
339,cite,5
340,citywid,1
341,civil,5
342,civilian,1
343,clair,1
344,clang,1
345,clapton,4
346,clarinetist,1
347,clariti,3
348,classic,47
349,claudia,1
350,clearey,1
351,clembutt,1
352,clementin,1
353,client,2
354,cline,2
355,clip,5
356,closer,3
357,cloth,3
358,cloud,4
359,coal,3
360,coalit,1
361,coast,5
362,cod,1
363,cognoscenti,1
364,coincid,4
365,colbert,1
366,cold,2
367,coleman,1
368,colett,1
369,colleg,48
370,collegi,3
371,combust,3
372,comfort,9
373,comic,2
374,command,7
375,committe,3
376,commod,2
377,compar,3
378,compet,3
379,competit,11
380,complain,1
381,complet,14
382,compos,121
383,composit,11
384,compris,1
385,concentr,3
386,concern,2
387,concert,71
388,conciliatori,1
389,conciso,2
390,conclud,3
391,conclus,9
392,condol,2
393,conductor,15
394,confess,3
395,confid,4
396,confirm,7
397,confisc,1
398,conform,1
399,confus,1
400,conga,2
401,conjur,5
402,connecticut,1
403,conquer,1
404,consensu,2
405,consol,4
406,constantli,1
407,constraint,1
408,contemporari,18
409,contest,13
410,continu,11
411,contrari,1
412,contrast,7
413,contribut,7
414,controversi,17
415,convent,3
416,converg,2
417,convers,8
418,convey,4
419,cooper,10
420,coopererich,1
421,coordin,1
422,copi,1
423,corpu,2
424,could,42
425,count,4
426,counterpart,1
427,countless,2
428,countrysid,2
429,coup,2
430,coupl,8
431,cours,9
432,courtesi,1
433,courthous,6
434,craftsman,2
435,crash,1
436,crave,3
437,creativ,16
438,credenti,2
439,cremp,1
440,crew,1
441,crosbi,2
442,crosscurr,2
443,crown,1
444,cryogen,1
445,crypt,4
446,crystallin,2
447,culmin,3
448,cultiv,2
449,curiou,5
450,current,11
451,curriculum,3
452,curvi,2
453,cycl,6
454,cyru,1
455,daddi,2
456,dailyadvertisementsharedivers,1
457,dale,51
458,danc,24
459,dancer,3
460,daniel,10
461,dare,3
462,dark,14
463,dart,2
464,daughter,21
465,david,26
466,daw,14
467,deal,14
468,debonair,2
469,debut,5
470,decid,16
471,decidedli,2
472,decis,16
473,dedic,10
474,deepli,3
475,defianc,1
476,deliv,6
477,dematteo,1
478,dementia,2
479,demo,1
480,dene,1
481,denial,1
482,denk,3
483,denni,1
484,depend,1
485,depict,6
486,deputi,1
487,descend,3
488,describ,18
489,deshannon,1
490,desir,1
491,despair,2
492,dessner,3
493,destruct,5
494,detail,15
495,detect,2
496,deton,1
497,detun,2
498,devic,1
499,devil,15
500,di,4
501,dialogu,2
502,diamond,1
503,dictatorship,2
504,differ,24
505,difficult,4
506,digit,7
507,digniti,1
508,diplomat,6
509,directorship,1
510,disappoint,2
511,disconcert,2
512,discontinu,2
513,discov,2
514,discret,2
515,dish,4
516,disillus,1
517,disord,2
518,disservic,1
519,distant,4
520,distantli,1
521,distort,3
522,disturb,8
523,dive,1
524,diversifi,1
525,doctor,7
526,dolli,1
527,dolphin,4
528,domin,4
529,dominik,2
530,donal,2
531,donen,1
532,door,15
533,dori,2
534,dose,1
535,dougla,3
536,dove,2
537,dovetail,1
538,download,1
539,dozen,1
540,drama,5
541,dramat,10
542,draw,16
543,drive,8
544,drove,3
545,drunken,2
546,dubiou,1
547,dudamel,5
548,dumb,1
549,dunkelman,1
550,duo,8
551,dusti,4
552,eagl,1
553,earth,2
554,eas,3
555,easi,2
556,echo,10
557,eddi,4
558,edg,3
559,eeri,1
560,effect,9
561,effulg,1
562,egg,2
563,eh,2
564,eight,3
565,eighth,2
566,ein,1
567,elderli,1
568,electr,40
569,electrod,2
570,element,5
571,elit,1
572,ellerb,1
573,ellington,4
574,eloqu,5
575,email,1
576,embarrass,1
577,ember,1
578,embrac,6
579,embroil,3
580,emerson,1
581,emigr,2
582,empathet,1
583,emphasi,3
584,enabl,2
585,encor,7
586,encount,3
587,enemi,2
588,engag,3
589,engin,18
590,english,10
591,enhanc,2
592,enriqu,1
593,entertain,2
594,entrench,1
595,entrepreneur,3
596,envelop,1
597,episcop,1
598,epitom,3
599,equat,1
600,equiti,1
601,erin,1
602,eroica,1
603,eschew,1
604,especi,15
605,esprit,2
606,etta,1
607,evalu,2
608,even,59
609,eventu,5
610,everyon,7
611,evid,2
612,evolv,4
613,evryali,2
614,exactli,6
615,exam,3
616,examin,1
617,excel,11
618,excess,2
619,excit,3
620,exclus,1
621,execut,10
622,exhibit,7
623,exhilar,1
624,expedit,1
625,expertis,3
626,explor,16
627,expos,5
628,extend,3
629,extens,3
630,extravag,4
631,exuber,4
632,exult,2
633,facil,1
634,fade,3
635,fail,4
636,fair,3
637,fall,10
638,falsetto,2
639,falsifi,3
640,fame,7
641,famous,1
642,fang,2
643,fantasia,2
644,far,24
645,fast,4
646,fatal,4
647,feb,1
648,feel,24
649,feelin,1
650,felt,18
651,femal,19
652,fern,2
653,festiv,24
654,fifth,3
655,figur,21
656,film,24
657,filmmak,1
658,financi,4
659,fine,16
660,finer,1
661,finit,1
662,firebird,7
663,firm,1
664,fischer,15
665,flamboy,6
666,flash,2
667,flee,1
668,flint,1
669,flintier,2
670,flood,1
671,floriss,4
672,flown,2
673,fluent,2
674,fluke,1
675,flurri,2
676,flute,6
677,flutist,2
678,flutteri,2
679,focus,10
680,food,3
681,ford,6
682,forefront,2
683,foreign,2
684,forg,4
685,forgotten,4
686,forlorn,1
687,form,23
688,former,6
689,forotan,2
690,forth,3
691,fortifi,2
692,founder,5
693,foursom,1
694,frame,4
695,francisco,8
696,franco,1
697,frankli,2
698,franklin,3
699,free,11
700,french,12
701,frenzi,2
702,frequent,4
703,fret,1
704,friction,2
705,friday,10
706,from,9
707,front,11
708,frontal,1
709,frontmanandré,1
710,frosti,2
711,fugu,3
712,fulfil,2
713,function,1
714,funk,3
715,funki,5
716,funni,2
717,gabriella,1
718,gaga,9
719,gain,3
720,gale,2
721,gamelan,1
722,garag,2
723,garner,2
724,gauzi,4
725,gene,2
726,gener,25
727,genial,2
728,gentl,9
729,geograph,1
730,geometr,1
731,georg,9
732,gestur,5
733,getti,1
734,gibson,19
735,ginger,2
736,giovanni,1
737,girl,12
738,give,24
739,glamor,2
740,glanc,4
741,glass,7
742,glenn,1
743,glide,1
744,glimmer,1
745,glisten,1
746,glori,1
747,glossi,2
748,go,32
749,godfrey,1
750,golden,9
751,gong,3
752,gotten,4
753,govern,12
754,grace,5
755,grain,2
756,grass,10
757,greater,5
758,greek,2
759,green,4
760,greet,3
761,greg,3
762,grill,1
763,grime,1
764,grind,2
765,groundbreak,3
766,guilti,6
767,guitarra,1
768,gulf,1
769,gull,2
770,guo,1
771,gyorgi,1
772,haa,1
773,habt,1
774,had,1
775,haggard,1
776,halen,4
777,hallthi,1
778,hallucinatori,2
779,hank,1
780,happen,16
781,hard,16
782,harder,1
783,hardwar,1
784,harlem,1
785,harmon,8
786,harp,4
787,harpist,2
788,harrison,3
789,hashtag,1
790,hatch,1
791,hate,5
792,haunt,6
793,hawaii,2
794,hawaiian,4
795,headphon,1
796,health,5
797,hearn,1
798,heart,10
799,heat,4
800,heilongjiang,1
801,heller,6
802,hendrix,11
803,her,21
804,hero,5
805,heronperform,1
806,hesit,3
807,highlight,8
808,hindenburg,2
809,hire,4
810,hiss,1
811,historian,3
812,hit,28
813,hitler,12
814,hock,2
815,hole,1
816,hollywood,5
817,holocaust,39
818,honest,1
819,honor,1
820,hook,4
821,hopelessli,2
822,horn,10
823,hornsbi,11
824,hospit,1
825,houston,4
826,how,4
827,howard,1
828,howev,2
829,hudson,6
830,humili,2
831,hunan,1
832,hungarian,8
833,hussaini,4
834,hybrid,3
835,hyman,4
836,icefield,10
837,idea,18
838,ideal,9
839,ident,5
840,identifi,2
841,ideolog,3
842,idol,1
843,ignomini,1
844,ildiko,3
845,illus,3
846,imani,1
847,immediaci,1
848,immigr,4
849,impair,1
850,imper,2
851,imperson,2
852,implant,1
853,improv,4
854,improvis,10
855,impuls,1
856,inaugur,4
857,includ,93
858,inclus,1
859,incorpor,5
860,incorrect,1
861,increasingli,8
862,india,6
863,indonesia,3
864,industri,15
865,influenc,20
866,influenti,2
867,inform,9
868,infrastructur,2
869,initi,4
870,injuri,1
871,innoc,2
872,inon,1
873,insid,12
874,insist,6
875,instagram,4
876,institut,14
877,insular,2
878,intend,6
879,intens,9
880,interact,1
881,interject,1
882,intermezzo,1
883,internet,1
884,interpret,7
885,interview,34
886,interwoven,2
887,intimaci,5
888,into,1
889,intricaci,3
890,intriguingli,2
891,intuit,2
892,invent,4
893,inventor,2
894,investig,13
895,invigor,1
896,invis,1
897,inward,2
898,ira,1
899,ironclad,1
900,irv,2
901,isol,5
902,ithaca,2
903,ivan,3
904,iveshong,3
905,ivi,9
906,izzi,1
907,jaap,5
908,jab,2
909,jack,7
910,jacki,1
911,jackiw,2
912,jackson,3
913,jacob,1
914,jada,1
915,jamerson,2
916,jarrar,4
917,jaunti,1
918,jayson,1
919,jenkin,1
920,jenni,1
921,jeremi,1
922,jessica,4
923,jesu,2
924,jett,1
925,jiangsu,1
926,jill,2
927,joan,3
928,jona,3
929,josh,5
930,journey,1
931,jovial,1
932,judith,4
933,juici,1
934,juilliard,2
935,juli,6
936,juri,14
937,juror,4
938,just,3
939,justin,1
940,juxtaposit,1
941,kahana,2
942,kahchun,1
943,kate,4
944,kathleen,1
945,katya,6
946,kay,2
947,keep,20
948,kelli,1
949,kept,14
950,kerr,1
951,kevin,1
952,keyboardist,2
953,khale,1
954,khalid,12
955,khuur,1
956,kick,2
957,kicker,2
958,kit,2
959,knack,1
960,knesset,2
961,knight,3
962,knive,1
963,konx,2
964,koon,1
965,kosciuszko,1
966,koto,1
967,krisztian,1
968,kurt,1
969,kurtag,1
970,la,2
971,labyrinthin,3
972,laci,1
973,lana,2
974,land,5
975,languag,7
976,lans,2
977,last,40
978,launder,3
979,lawyer,7
980,layer,5
981,lazar,1
982,lead,11
983,leader,5
984,leadership,2
985,leap,8
986,leas,2
987,leav,10
988,lee,3
989,left,19
990,legal,1
991,legitim,3
992,leipzig,4
993,leisur,1
994,length,3
995,lengthi,1
996,leningrad,2
997,leon,1
998,leonard,1
999,leonida,1
1000,less,7
1001,lesson,6
1002,let,15
1003,león,1
1004,liber,1
1005,liberti,2
1006,librari,5
1007,librettist,2
1008,lifestyl,3
1009,like,146
1010,linda,6
1011,line,32
1012,liner,1
1013,link,3
1014,lip,1
1015,liter,3
1016,littl,29
1017,liviu,1
1018,llewellyn,1
1019,lobbi,1
1020,local,16
1021,log,2
1022,logic,1
1023,logo,6
1024,lone,1
1025,longev,1
1026,longtim,10
1027,loom,4
1028,loos,1
1029,loud,13
1030,louder,9
1031,lower,2
1032,lp,1
1033,lucid,3
1034,luckenbach,1
1035,ludford,1
1036,lululemon,3
1037,luminari,1
1038,lute,1
1039,luther,1
1040,luxuri,3
1041,lyonsboston,3
1042,lyric,12
1043,machin,3
1044,mack,1
1045,magazin,4
1046,magnet,6
1047,magnific,1
1048,mahler,7
1049,main,11
1050,majesti,1
1051,male,4
1052,mammoth,1
1053,man,13
1054,mandarin,5
1055,manfr,2
1056,manhattan,8
1057,mani,48
1058,manic,2
1059,marbl,1
1060,march,18
1061,marilyn,2
1062,mariusz,2
1063,mark,2
1064,martin,2
1065,maría,1
1066,massachusett,1
1067,massacr,3
1068,materi,3
1069,maureen,1
1070,maven,2
1071,meanwhil,2
1072,medic,5
1073,meet,4
1074,melancholi,9
1075,melani,1
1076,meld,1
1077,melod,14
1078,memor,4
1079,merg,3
1080,merten,1
1081,messiaen,8
1082,meter,7
1083,methodist,2
1084,meticul,3
1085,microphon,4
1086,microton,2
1087,midtempo,1
1088,midway,1
1089,mighti,3
1090,mileston,1
1091,miley,1
1092,miller,10
1093,milli,2
1094,mind,9
1095,mingl,3
1096,minim,4
1097,minimalist,1
1098,miracul,3
1099,misconcept,2
1100,misidentifi,1
1101,mission,7
1102,misstat,7
1103,mister,2
1104,misti,1
1105,mix,11
1106,mixtur,3
1107,mode,7
1108,model,17
1109,modern,12
1110,monday,17
1111,monetari,1
1112,mongolia,1
1113,monitor,1
1114,month,12
1115,moran,2
1116,morph,2
1117,morri,1
1118,mose,1
1119,most,3
1120,mountain,2
1121,move,28
1122,movement,47
1123,mozart,21
1124,mugrabi,1
1125,multidimension,1
1126,muscular,4
1127,muse,7
1128,musgrav,8
1129,musicien,2
1130,must,21
1131,myredlin,1
1132,myredlinetv,1
1133,mythic,1
1134,namsai,3
1135,nank,3
1136,nate,2
1137,nationalist,3
1138,necessarili,2
1139,need,18
1140,neighbor,5
1141,neil,1
1142,nestl,1
1143,never,48
1144,newark,1
1145,news,17
1146,nice,2
1147,nichola,2
1148,nick,1
1149,nicknam,2
1150,night,20
1151,nightclub,1
1152,nighttim,1
1153,nixon,4
1154,nobl,2
1155,noce,1
1156,nonprofit,7
1157,norma,1
1158,nostalgia,1
1159,not,2
1160,notara,2
1161,notat,1
1162,notic,7
1163,notturno,1
1164,now,4
1165,nun,1
1166,obscur,2
1167,observ,3
1168,obvious,1
1169,ociantros,1
1170,octav,6
1171,octob,1
1172,oestreich,1
1173,offbeat,3
1174,offici,5
1175,olafsson,1
1176,old,13
1177,oldest,1
1178,oliv,2
1179,olympia,2
1180,omnivor,1
1181,one,149
1182,onlin,21
1183,onto,7
1184,onward,1
1185,opera,51
1186,operandi,1
1187,operastanley,1
1188,operat,1
1189,opportun,4
1190,optim,3
1191,oratorio,2
1192,orbit,1
1193,orchestra,94
1194,orchestraperform,5
1195,organ,21
1196,origin,14
1197,orlando,9
1198,osceola,1
1199,ossin,2
1200,outburst,1
1201,outlet,1
1202,overnight,1
1203,oversaw,3
1204,overst,1
1205,overthrown,1
1206,overturn,1
1207,overwhelm,1
1208,own,9
1209,oxygen,2
1210,pack,1
1211,pain,3
1212,palko,2
1213,pallid,2
1214,panic,1
1215,panther,2
1216,papa,1
1217,parad,9
1218,paradox,1
1219,parelesgari,1
1220,pareleson,2
1221,park,15
1222,parliament,1
1223,parodi,2
1224,part,50
1225,parti,2
1226,partita,1
1227,parton,1
1228,pass,6
1229,passag,21
1230,pastich,1
1231,patchi,3
1232,patient,2
1233,pattern,5
1234,payment,3
1235,peac,5
1236,pearl,1
1237,peasant,2
1238,peculiar,3
1239,pedagogi,3
1240,pedagogu,2
1241,peg,2
1242,pendulum,1
1243,peopl,59
1244,percussionist,5
1245,perfect,4
1246,perform,163
1247,person,23
1248,persona,1
1249,peruvian,1
1250,pervers,2
1251,pete,1
1252,peter,5
1253,peterson,1
1254,petit,2
1255,petrouchka,1
1256,phenomen,1
1257,philharmon,28
1258,philippin,2
1259,phillingan,2
1260,phoenix,1
1261,phone,4
1262,physiolog,1
1263,pianist,35
1264,piano,120
1265,pichayapa,3
1266,pictur,3
1267,pigeon,15
1268,pintscher,4
1269,pioneer,13
1270,pipe,1
1271,pivot,4
1272,pizzicato,3
1273,più,1
1274,place,29
1275,placid,2
1276,plaint,1
1277,plaintiv,3
1278,plan,7
1279,plea,1
1280,plu,3
1281,plung,5
1282,plush,1
1283,poach,1
1284,poem,13
1285,poignant,5
1286,polic,2
1287,poll,5
1288,pool,3
1289,poor,1
1290,portrait,8
1291,posit,9
1292,possess,4
1293,post,7
1294,posthum,2
1295,postmodern,1
1296,potent,6
1297,powder,2
1298,practic,4
1299,prankster,1
1300,preacher,1
1301,preced,6
1302,pregnant,1
1303,prerecord,2
1304,present,20
1305,preserv,3
1306,presley,8
1307,pressnew,1
1308,prestig,1
1309,pretend,5
1310,prettiest,2
1311,previn,13
1312,previou,1
1313,prime,1
1314,princip,1
1315,privileg,10
1316,product,26
1317,profession,5
1318,professor,5
1319,profit,5
1320,program,54
1321,programm,1
1322,promis,6
1323,propaganda,3
1324,prose,2
1325,protect,1
1326,prove,4
1327,provid,12
1328,provinc,8
1329,prunaru,1
1330,psycholog,2
1331,public,24
1332,pull,13
1333,pungent,1
1334,punish,1
1335,purcel,4
1336,purport,3
1337,purpos,2
1338,pursuit,2
1339,push,6
1340,pyrotechn,1
1341,qiqihar,1
1342,qualifi,1
1343,quantiz,1
1344,quartet,11
1345,quest,4
1346,question,21
1347,quietli,5
1348,quit,23
1349,quot,4
1350,rachmaninoff,3
1351,racism,1
1352,rage,2
1353,ralph,2
1354,rambuncti,1
1355,ramon,1
1356,rang,7
1357,ranger,1
1358,rangoon,2
1359,rape,5
1360,rariti,5
1361,ravel,6
1362,rca,3
1363,read,35
1364,reader,4
1365,readi,4
1366,realist,1
1367,realli,24
1368,realm,2
1369,reason,7
1370,recapitul,2
1371,recit,19
1372,recommend,2
1373,reconsid,1
1374,reconstitut,1
1375,record,96
1376,redneck,2
1377,refer,14
1378,reflect,20
1379,reggi,3
1380,regim,4
1381,regina,2
1382,regist,5
1383,regularli,1
1384,rehab,1
1385,reich,29
1386,reinhart,3
1387,releas,29
1388,religi,6
1389,remain,13
1390,remark,13
1391,remind,2
1392,remov,1
1393,renaud,2
1394,repertoir,2
1395,repertori,4
1396,repetit,3
1397,replic,1
1398,repos,1
1399,reposit,2
1400,repres,9
1401,request,5
1402,reserv,1
1403,resettl,2
1404,resid,8
1405,resourc,2
1406,restaur,3
1407,retic,2
1408,retir,2
1409,return,14
1410,reunit,1
1411,reutersberlin,3
1412,reveal,8
1413,revers,1
1414,revis,3
1415,revisit,1
1416,reviv,6
1417,revolution,1
1418,reward,2
1419,rhapsod,2
1420,ria,1
1421,rig,2
1422,righteou,1
1423,rigor,4
1424,ringlead,2
1425,rip,4
1426,ritual,3
1427,robert,18
1428,robin,2
1429,rockwel,1
1430,romanian,4
1431,romant,7
1432,room,3
1433,rosann,1
1434,rosco,2
1435,roughli,2
1436,roulett,12
1437,roy,1
1438,rubb,1
1439,rubber,1
1440,rueb,2
1441,ruefulli,2
1442,ruptur,2
1443,russia,5
1444,ryan,2
1445,räth,1
1446,sabbat,3
1447,sadder,2
1448,sae,2
1449,safe,1
1450,safeti,2
1451,sale,6
1452,salesman,2
1453,samoan,2
1454,sampl,4
1455,san,8
1456,sanskrit,3
1457,santa,3
1458,sass,1
1459,sat,6
1460,satur,2
1461,savoy,1
1462,saw,16
1463,saxophonist,3
1464,scale,17
1465,scandal,11
1466,scare,1
1467,scene,22
1468,schedul,2
1469,schiff,2
1470,schoenberg,1
1471,school,35
1472,schubert,2
1473,schumann,32
1474,sciba,1
1475,scientist,5
1476,scope,1
1477,scour,1
1478,scratch,1
1479,scratchi,2
1480,scriabin,3
1481,sear,2
1482,search,2
1483,sebastian,2
1484,sebestyen,3
1485,second,24
1486,seduct,2
1487,seek,5
1488,seen,5
1489,sensat,1
1490,sensationalist,2
1491,sensuou,2
1492,sent,4
1493,separatist,1
1494,sequenc,3
1495,seren,2
1496,sergei,1
1497,seriou,1
1498,serv,4
1499,seth,13
1500,sethi,2
1501,settl,6
1502,sextet,1
1503,sgt,1
1504,shaggi,2
1505,shallow,5
1506,shanghai,1
1507,shanir,2
1508,shape,16
1509,shelter,1
1510,ship,2
1511,shirley,2
1512,shop,4
1513,shoulder,4
1514,showman,2
1515,shown,1
1516,shrill,1
1517,shunt,1
1518,sichuan,1
1519,side,16
1520,sigh,1
1521,sign,8
1522,silenceco,3
1523,similar,12
1524,simon,6
1525,simpli,3
1526,sina,1
1527,sincera,1
1528,sing,38
1529,singer,111
1530,singerdick,1
1531,singl,26
1532,sister,4
1533,sitar,2
1534,situat,4
1535,six,9
1536,sizabl,1
1537,skeleton,2
1538,sketch,12
1539,skewer,2
1540,skip,1
1541,skullcap,1
1542,slalom,1
1543,slaughter,2
1544,sleazi,1
1545,sleek,2
1546,slide,7
1547,slight,2
1548,slipperi,2
1549,slowli,2
1550,smell,2
1551,smile,3
1552,smino,1
1553,smoki,1
1554,smooth,4
1555,snarl,1
1556,softli,4
1557,softwar,2
1558,solemn,3
1559,solidar,1
1560,solo,35
1561,somber,3
1562,some,7
1563,somebodi,1
1564,someon,12
1565,somewher,3
1566,song,88
1567,sorey,6
1568,sorrow,1
1569,sought,3
1570,soul,9
1571,sound,100
1572,soundcloud,5
1573,sourc,6
1574,soviet,1
1575,spald,1
1576,spars,1
1577,spawn,2
1578,speak,14
1579,speaker,6
1580,specialti,1
1581,spectacular,1
1582,speed,2
1583,spell,2
1584,spend,1
1585,spiral,3
1586,splash,2
1587,spontan,1
1588,sport,3
1589,spot,8
1590,spotlight,6
1591,spread,2
1592,squar,3
1593,squeez,1
1594,stadt,1
1595,staff,2
1596,stage,56
1597,stalin,1
1598,stand,5
1599,star,17
1600,stardom,5
1601,startl,4
1602,stash,4
1603,statement,10
1604,steel,17
1605,steer,4
1606,stein,5
1607,steinway,4
1608,stentorian,1
1609,stephani,1
1610,stephen,4
1611,stepwis,2
1612,stern,3
1613,stint,1
1614,stone,5
1615,stood,2
1616,stop,7
1617,storefront,1
1618,storm,6
1619,storytel,4
1620,stratocast,4
1621,strauss,8
1622,stravinski,9
1623,streckfuss,6
1624,street,12
1625,stretch,7
1626,striat,2
1627,string,40
1628,strip,1
1629,strive,1
1630,stroll,2
1631,strong,9
1632,strongest,1
1633,structur,4
1634,strum,2
1635,studi,34
1636,stumbl,2
1637,stunt,1
1638,stupefi,2
1639,styliz,2
1640,subdu,1
1641,submiss,3
1642,submit,3
1643,subscript,2
1644,succeed,2
1645,suddenli,3
1646,suffer,4
1647,sui,2
1648,sultri,1
1649,summerscap,1
1650,sumner,2
1651,sunday,24
1652,sung,5
1653,superior,1
1654,superstar,4
1655,supervillain,1
1656,suppli,2
1657,sur,2
1658,surf,12
1659,surfer,4
1660,surpris,13
1661,surround,5
1662,surviv,13
1663,susana,1
1664,suspici,1
1665,sylvan,4
1666,sympathi,2
1667,synchron,4
1668,syncop,3
1669,syndic,1
1670,synthes,3
1671,syrian,2
1672,system,7
1673,séptima,1
1674,taiwan,15
1675,take,70
1676,taliban,8
1677,tank,2
1678,tap,2
1679,tarantino,2
1680,target,2
1681,tarriona,1
1682,taught,4
1683,taunt,1
1684,tavern,1
1685,technic,6
1686,techniqu,4
1687,tedesco,2
1688,teeth,2
1689,tel,3
1690,telecast,4
1691,televis,3
1692,tell,10
1693,temper,3
1694,temporarili,3
1695,tend,7
1696,test,15
1697,tex,1
1698,texan,1
1699,thailand,14
1700,than,2
1701,that,28
1702,theater,14
1703,theatric,1
1704,thelma,2
1705,therapi,2
1706,they,26
1707,theyr,1
1708,thi,42
1709,thing,41
1710,thomson,15
1711,those,3
1712,thousand,6
1713,thrash,1
1714,thread,5
1715,throttl,1
1716,throughout,7
1717,thrown,3
1718,tick,6
1719,ticket,4
1720,tickl,1
1721,tidal,2
1722,tie,2
1723,tight,1
1724,tilson,1
1725,tin,28
1726,tinker,4
1727,tire,3
1728,titan,15
1729,titl,28
1730,todini,1
1731,toe,4
1732,toler,6
1733,tommasiniin,1
1734,tommasinion,5
1735,tommi,2
1736,toni,3
1737,took,41
1738,tork,1
1739,torn,1
1740,touch,18
1741,touchston,2
1742,townsend,2
1743,tradesmac,1
1744,tradesmen,1
1745,traffick,1
1746,transcendent,2
1747,transcrani,1
1748,transcript,2
1749,transit,5
1750,transpar,1
1751,trap,2
1752,travi,4
1753,treason,3
1754,treat,2
1755,treatment,6
1756,tremolo,2
1757,tremor,2
1758,tremul,2
1759,trend,6
1760,trick,2
1761,trifonov,1
1762,triptych,2
1763,tristan,2
1764,trombonist,1
1765,truck,2
1766,true,14
1767,trump,7
1768,trumpet,13
1769,tsai,1
1770,tuesday,19
1771,turfan,1
1772,turkestan,1
1773,turn,36
1774,tuxedo,1
1775,twangi,2
1776,tweet,3
1777,twilight,2
1778,twist,3
1779,twitchi,1
1780,two,66
1781,tycoon,3
1782,typic,6
1783,tyshawn,2
1784,tzadik,2
1785,ukrain,15
1786,unabashedli,1
1787,unalik,1
1788,unavail,1
1789,unbeauti,1
1790,unchang,1
1791,unclear,2
1792,underli,1
1793,understand,12
1794,understood,1
1795,undertow,2
1796,underwhelm,2
1797,unexpect,1
1798,unflashi,1
1799,unfortun,3
1800,union,4
1801,uniqu,4
1802,unison,2
1803,unit,10
1804,uniti,1
1805,unlik,5
1806,unoffici,1
1807,unpreced,2
1808,unpredict,1
1809,unrecord,1
1810,unreleas,2
1811,unsatisfi,2
1812,unswerv,1
1813,until,2
1814,unveil,2
1815,upbeat,2
1816,upper,4
1817,upward,2
1818,urg,1
1819,us,4
1820,ustvolskaya,1
1821,valkyri,1
1822,vamp,1
1823,van,12
1824,vantag,2
1825,variat,5
1826,vastli,1
1827,vaughan,2
1828,vault,1
1829,vehement,2
1830,vehicl,6
1831,velvet,4
1832,velveti,1
1833,vener,2
1834,vengeanc,2
1835,venn,1
1836,vers,3
1837,video,26
1838,vienna,2
1839,viennes,1
1840,vignett,2
1841,viii,1
1842,vijay,3
1843,viol,1
1844,violent,1
1845,violist,2
1846,virgil,3
1847,virtual,4
1848,virtuos,10
1849,virtuoso,5
1850,visit,7
1851,visitor,2
1852,vital,3
1853,voic,25
1854,volatil,2
1855,volunt,1
1856,vox,1
1857,voyag,2
1858,wagner,5
1859,wake,1
1860,wallsadvertisementsupport,3
1861,wallsif,1
1862,wallslik,2
1863,waltz,2
1864,wander,3
1865,want,41
1866,warhol,16
1867,warm,5
1868,warmth,1
1869,warp,1
1870,watch,4
1871,water,4
1872,watson,2
1873,way,38
1874,weatley,1
1875,weed,1
1876,weekend,16
1877,weekli,6
1878,weigh,2
1879,weill,4
1880,weinberg,1
1881,weiner,1
1882,weiza,2
1883,welcom,10
1884,well,35
1885,west,17
1886,weymouth,1
1887,whale,1
1888,what,13
1889,wheez,1
1890,whenev,6
1891,whi,3
1892,whiplash,2
1893,whishaw,1
1894,whitman,6
1895,who,3
1896,whomev,1
1897,whose,22
1898,widdicombemichael,1
1899,widest,1
1900,wife,10
1901,william,20
1902,wilson,2
1903,win,28
1904,winner,8
1905,winter,2
1906,wit,8
1907,wither,4
1908,within,11
1909,womanhood,2
1910,women,34
1911,woodstock,3
1912,wooley,10
1913,wore,1
1914,work,218
1915,worldwid,4
1916,worn,3
1917,woven,1
1918,wow,2
1919,wrap,1
1920,written,23
1921,wrought,1
1922,wuhan,2
1923,xenaxi,2
1924,xinran,1
1925,year,104
1926,yield,2
1927,ying,2
1928,yorker,6
1929,yoshimio,1
1930,you,23
1931,young,57
1932,younger,10
1933,youtub,3
1934,ywca,2
1935,zabihullah,1
1936,zachari,15
1937,zero,6
1938,zesti,1
1939,ziad,2
1940,zither,1
1941,zorn,8
1942,zweden,8
1943,époqu,1
1944,As,17
1945,CD,2
1946,DU,1
1947,El,4
1948,Hi,2
1949,In,93
1950,It,125
1951,LA,1
1952,Le,3
1953,Ma,2
1954,Ms,40
1955,My,5
1956,No,31
1957,Oh,1
1958,On,26
1959,Qu,1
1960,Sy,1
1961,To,12
1962,Wu,2
1963,abandon,4
1964,abba,2
1965,abil,4
1966,abl,1
1967,ablaz,1
1968,aboundingli,3
1969,abroad,7
1970,absolut,9
1971,absurd,2
1972,abyss,1
1973,academi,10
1974,access,1
1975,accommod,1
1976,accord,7
1977,ace,1
1978,act,22
1979,action,3
1980,activist,2
1981,actor,2
1982,acut,2
1983,adapt,4
1984,add,2
1985,addict,1
1986,adequ,1
1987,adher,2
1988,admir,1
1989,admiss,18
1990,advantag,6
1991,advic,3
1992,advoc,3
1993,adè,35
1994,aerospac,2
1995,aesthet,3
1996,affair,1
1997,affect,3
1998,affirm,3
1999,afford,5
2000,africa,1
2001,afterimag,2
2002,agenc,4
2003,aida,2
2004,alarm,2
2005,alex,2
2006,alicia,2
2007,allegori,1
2008,allow,12
2009,almost,24
2010,alon,4
2011,alongsid,5
2012,alto,2
2013,ambigu,2
2014,ambit,3
2015,ambival,2
2016,americana,7
2017,amid,7
2018,amp,3
2019,amplifi,21
2020,analog,1
2021,ancient,10
2022,anderson,1
2023,angel,35
2024,anger,1
2025,anita,1
2026,anna,4
2027,answer,19
2028,anthoni,14
2029,anticip,1
2030,antihero,1
2031,anyon,11
2032,appetit,2
2033,appl,5
2034,appli,3
2035,appraisalbi,3
2036,archaeolog,1
2037,ardent,3
2038,arena,3
2039,aretha,1
2040,ariana,1
2041,aristocrat,2
2042,armatrad,1
2043,armori,3
2044,arrang,10
2045,array,1
2046,art,40
2047,arthur,2
2048,artpop,1
2049,asia,24
2050,asid,3
2051,aspir,1
2052,aston,1
2053,athleisur,3
2054,atlant,2
2055,atroc,3
2056,attack,3
2057,attent,16
2058,attribut,5
2059,auburn,2
2060,audienc,25
2061,augment,1
2062,august,1
2063,author,23
2064,auto,2
2065,avail,2
2066,avenu,5
2067,aviv,3
2068,avoid,2
2069,await,1
2070,bachelor,2
2071,backdrop,1
2072,backlog,2
2073,backstag,2
2074,baffl,4
2075,bafta,1
2076,bagatel,2
2077,bagwel,1
2078,bail,6
2079,balaena,1
2080,ball,2
2081,ballad,4
2082,ballroom,2
2083,balogun,1
2084,band,32
2085,bandlead,1
2086,banjo,4
2087,baptista,1
2088,bar,3
2089,baroqu,8
2090,barrel,2
2091,barron,2
2092,base,4
2093,batist,1
2094,bawdi,1
2095,beam,1
2096,becam,28
2097,beck,2
2098,beer,1
2099,befriend,2
2100,beguil,1
2101,ben,3
2102,berkle,1
2103,besid,3
2104,bess,1
2105,beyond,6
2106,big,21
2107,biggest,7
2108,biochemist,2
2109,biograph,6
2110,biographi,6
2111,bird,2
2112,birth,11
2113,bitter,3
2114,blame,2
2115,bland,3
2116,blast,3
2117,blatantli,2
2118,bless,2
2119,blip,1
2120,blog,1
2121,bluegrass,3
2122,bluesi,1
2123,bluesman,2
2124,boardinghous,2
2125,bobbi,1
2126,bodi,10
2127,bold,2
2128,bombast,2
2129,bone,2
2130,bonni,4
2131,boomer,1
2132,border,3
2133,boredom,1
2134,both,10
2135,bottl,1
2136,boy,7
2137,brahm,21
2138,brainstorm,2
2139,brand,14
2140,brash,3
2141,brassi,1
2142,bravado,1
2143,breakdown,3
2144,breakout,1
2145,breakthrough,2
2146,breeder,1
2147,bribe,9
2148,briberi,3
2149,brillianc,2
2150,bristl,1
2151,broadcast,11
2152,broader,1
2153,broke,5
2154,broken,1
2155,brood,2
2156,brown,1
2157,bubbl,1
2158,bud,2
2159,buddhism,3
2160,build,19
2161,bunch,1
2162,buoy,2
2163,burger,1
2164,busi,27
2165,businessman,3
2166,busoni,1
2167,buy,3
2168,buyi,1
2169,buzz,2
2170,byan,3
2171,bycrit,14
2172,byfictionwhen,2
2173,byhudson,1
2174,cabdriv,2
2175,cabello,1
2176,cadenti,2
2177,cafe,6
2178,cale,4
2179,calib,1
2180,cambridg,7
2181,camera,3
2182,campu,1
2183,can,2
2184,cancel,2
2185,cancer,2
2186,candelstyck,1
2187,candid,1
2188,cantanker,1
2189,cantemu,3
2190,capabl,5
2191,capac,2
2192,capriccio,1
2193,caravaggio,2
2194,carbon,2
2195,care,8
2196,career,38
2197,caretak,1
2198,careyanyon,1
2199,carter,4
2200,cat,1
2201,catalog,3
2202,catastroph,1
2203,categori,4
2204,cathedr,1
2205,cathol,1
2206,ceaselessli,3
2207,cellist,1
2208,center,42
2209,certainli,5
2210,chairman,6
2211,chamber,13
2212,champion,2
2213,chang,17
2214,changer,1
2215,changsha,1
2216,chao,1
2217,chapman,1
2218,chapter,6
2219,characterist,1
2220,chariti,3
2221,charl,6
2222,chase,1
2223,chauvinist,2
2224,check,4
2225,chen,1
2226,chengdu,1
2227,chet,1
2228,child,9
2229,childhood,4
2230,children,6
2231,chilli,2
2232,chip,2
2233,chirp,1
2234,choos,1
2235,chopin,1
2236,chord,14
2237,choreograph,1
2238,chorist,2
2239,christi,5
2240,christian,4
2241,chug,2
2242,chunk,1
2243,cindi,1
2244,cinemat,2
2245,circuit,3
2246,citizen,1
2247,clark,13
2248,claudio,1
2249,clear,11
2250,clearer,3
2251,clever,2
2252,climb,2
2253,cloisonné,1
2254,cloister,1
2255,close,11
2256,cluster,5
2257,coach,6
2258,coat,2
2259,cobain,1
2260,cocoon,1
2261,code,1
2262,colombia,1
2263,color,6
2264,coloss,1
2265,coltran,2
2266,columbia,27
2267,combin,12
2268,combo,4
2269,come,74
2270,comment,3
2271,compact,1
2272,compani,46
2273,companion,4
2274,comparison,3
2275,compil,1
2276,complic,6
2277,conceiv,1
2278,concertgebouw,5
2279,concertmast,2
2280,condemn,1
2281,condit,3
2282,conduct,19
2283,conflict,3
2284,congo,1
2285,connect,3
2286,connesson,1
2287,consort,1
2288,constant,4
2289,constrict,2
2290,construct,3
2291,consult,3
2292,context,1
2293,contract,2
2294,convict,3
2295,convinc,1
2296,cool,3
2297,cooperinstead,1
2298,cooperth,2
2299,cope,1
2300,copland,4
2301,corbelli,1
2302,corinna,14
2303,correspond,4
2304,cosimo,2
2305,cosmic,2
2306,cost,2
2307,così,3
2308,counsel,9
2309,counteract,2
2310,courag,4
2311,cover,4
2312,coverag,10
2313,cowboy,1
2314,crack,3
2315,craft,2
2316,crazi,3
2317,creatur,3
2318,credibl,2
2319,credit,9
2320,creevi,6
2321,cri,3
2322,crispli,1
2323,crisscross,5
2324,critic,20
2325,crowd,7
2326,crude,2
2327,crumb,1
2328,cser,1
2329,cuckson,2
2330,cultur,32
2331,cunningham,1
2332,curat,7
2333,currier,4
2334,curtain,3
2335,cushion,1
2336,dad,3
2337,date,2
2338,daunt,4
2339,davi,4
2340,dawn,2
2341,day,22
2342,dazzl,3
2343,de,8
2344,deadli,2
2345,deafen,4
2346,deborah,1
2347,decemb,4
2348,declin,6
2349,decor,1
2350,deed,1
2351,deep,14
2352,deeper,1
2353,defeat,1
2354,defend,3
2355,defens,3
2356,deficit,1
2357,defraud,3
2358,deftli,2
2359,degre,4
2360,del,5
2361,delic,6
2362,delicaci,1
2363,delight,3
2364,delta,1
2365,demand,8
2366,demon,1
2367,dens,3
2368,densiti,4
2369,departur,3
2370,depress,7
2371,der,1
2372,descript,4
2373,detain,3
2374,determin,5
2375,devalu,1
2376,devilish,2
2377,devolv,1
2378,devot,7
2379,diagram,1
2380,dick,8
2381,didact,2
2382,die,39
2383,dion,1
2384,direct,14
2385,directli,3
2386,director,29
2387,dirti,3
2388,disclosur,2
2389,disconnect,1
2390,dismantl,4
2391,dismiss,4
2392,disori,1
2393,dispatch,4
2394,disput,1
2395,disrupt,2
2396,dissolut,1
2397,disson,4
2398,distinct,2
2399,distinguish,2
2400,distress,1
2401,distribut,3
2402,diva,1
2403,diverg,1
2404,divers,10
2405,divid,2
2406,divis,1
2407,divorc,2
2408,dobi,1
2409,dobney,3
2410,documentari,2
2411,dodg,1
2412,doe,1
2413,dole,1
2414,dollop,3
2415,dolton,8
2416,dominick,2
2417,don,10
2418,donald,5
2419,donat,5
2420,donbass,1
2421,dormitori,1
2422,dot,7
2423,doubl,5
2424,doubtless,2
2425,downbeat,1
2426,dragon,3
2427,drake,3
2428,drawn,4
2429,drift,1
2430,drummer,8
2431,dub,1
2432,due,4
2433,duel,2
2434,dulcim,2
2435,dun,1
2436,duplic,1
2437,dure,2
2438,dynam,4
2439,eager,2
2440,ear,6
2441,earl,1
2442,earli,29
2443,earlier,22
2444,earliest,4
2445,east,15
2446,eckardt,6
2447,econom,3
2448,economi,4
2449,editor,4
2450,educ,24
2451,effici,2
2452,effus,2
2453,eiren,1
2454,either,6
2455,elham,3
2456,elimin,3
2457,ella,2
2458,elmor,1
2459,els,5
2460,elus,2
2461,elvi,5
2462,embark,1
2463,emerg,8
2464,emili,3
2465,emphas,4
2466,employ,3
2467,employe,2
2468,enamel,1
2469,encourag,3
2470,endear,1
2471,engulf,2
2472,enjoy,7
2473,enni,14
2474,ennui,2
2475,ensembl,29
2476,enthusiast,4
2477,entic,1
2478,entir,3
2479,entiti,2
2480,entourag,2
2481,entri,2
2482,environ,2
2483,envis,1
2484,episod,14
2485,era,11
2486,erod,1
2487,essay,2
2488,essenti,1
2489,establish,15
2490,ethic,2
2491,ethnic,7
2492,europ,6
2493,european,4
2494,eurovis,13
2495,evan,1
2496,event,13
2497,everybodi,4
2498,everyth,10
2499,everywoman,2
2500,evoc,1
2501,exampl,10
2502,excerpt,4
2503,exodu,1
2504,expens,1
2505,experi,20
2506,experienc,1
2507,experiment,10
2508,exposur,2
2509,express,16
2510,exquisit,1
2511,extern,3
2512,exuberantli,2
2513,fabor,4
2514,face,14
2515,facebook,4
2516,fact,5
2517,fallen,3
2518,famili,30
2519,fan,11
2520,fanci,3
2521,fantasi,1
2522,fare,1
2523,fault,2
2524,favorit,2
2525,fear,4
2526,featur,29
2527,februari,1
2528,feet,2
2529,felder,1
2530,feldman,4
2531,fernando,1
2532,feroci,4
2533,fiction,2
2534,field,4
2535,figaro,3
2536,fill,10
2537,final,41
2538,find,21
2539,finger,1
2540,finish,3
2541,finnish,1
2542,first,89
2543,fish,1
2544,fitzgerald,3
2545,five,10
2546,fix,1
2547,fixtur,2
2548,flat,3
2549,flaw,2
2550,fled,3
2551,fleet,2
2552,flexibl,1
2553,fli,1
2554,flicker,4
2555,flight,5
2556,fling,1
2557,flirtati,2
2558,float,4
2559,floor,3
2560,florenc,1
2561,fluctuat,2
2562,fluidli,1
2563,flung,1
2564,flux,1
2565,fluxu,1
2566,focu,6
2567,follow,32
2568,fool,2
2569,footwear,3
2570,for,8
2571,forbidden,1
2572,forc,15
2573,forebear,1
2574,foreshadow,3
2575,forev,2
2576,forget,5
2577,forgiv,1
2578,formal,1
2579,forthrightli,1
2580,forward,4
2581,foster,5
2582,fought,2
2583,found,36
2584,four,25
2585,fox,1
2586,fractal,2
2587,fragil,2
2588,fragment,10
2589,françoi,2
2590,fretboard,2
2591,friend,16
2592,frighten,1
2593,fring,1
2594,frontwoman,1
2595,frost,1
2596,frustrat,5
2597,fuge,1
2598,full,17
2599,fuller,1
2600,fulli,5
2601,fundament,3
2602,funerari,1
2603,futurist,2
2604,fyre,2
2605,gala,3
2606,galilei,2
2607,galileo,2
2608,galina,1
2609,galleri,12
2610,gambino,5
2611,gann,1
2612,gap,3
2613,gate,3
2614,gatesthat,1
2615,gather,7
2616,gatti,1
2617,gaug,2
2618,gay,1
2619,gender,2
2620,genesi,4
2621,gentileschi,2
2622,gentleman,1
2623,gentrif,1
2624,geodet,1
2625,germani,6
2626,gershwin,3
2627,gerstein,11
2628,ghost,6
2629,giddi,2
2630,gieniec,2
2631,gilbert,2
2632,gilmor,1
2633,gitameit,6
2634,given,11
2635,glissando,1
2636,glitter,4
2637,gloomi,4
2638,gloria,1
2639,gloriou,3
2640,glorious,1
2641,gloss,1
2642,gnomish,2
2643,goddess,1
2644,goe,5
2645,goin,1
2646,gon,1
2647,gospel,3
2648,got,22
2649,gothic,2
2650,governor,1
2651,granddaught,2
2652,grant,2
2653,grate,3
2654,gray,4
2655,great,7
2656,greatest,2
2657,grimli,1
2658,grisha,2
2659,gritti,2
2660,gross,1
2661,grow,9
2662,guard,2
2663,guest,1
2664,gushingli,1
2665,gut,1
2666,gymnast,1
2667,göransson,1
2668,ha,2
2669,hail,3
2670,hair,6
2671,half,3
2672,hall,60
2673,halo,2
2674,halvorson,2
2675,hand,16
2676,handclap,1
2677,handel,3
2678,handl,2
2679,hardinkperform,2
2680,harmoni,5
2681,harmonielehr,1
2682,harrow,3
2683,harsh,2
2684,haskel,2
2685,havana,1
2686,have,7
2687,head,4
2688,heard,37
2689,heartbreak,3
2690,heav,2
2691,heavi,6
2692,heavyweight,1
2693,heel,2
2694,heighten,2
2695,heldenleben,2
2696,helga,1
2697,henahan,2
2698,henri,3
2699,herbi,1
2700,here,17
2701,heron,6
2702,hersman,1
2703,heyday,2
2704,hidden,1
2705,highli,2
2706,hijab,1
2707,hindman,18
2708,hint,8
2709,histor,5
2710,hitlerian,6
2711,hitmak,1
2712,hobbl,2
2713,hoedown,1
2714,hold,11
2715,hollein,1
2716,homeless,1
2717,horizon,1
2718,horizont,2
2719,horror,5
2720,hors,3
2721,hostil,1
2722,hotel,1
2723,hourlong,2
2724,hous,22
2725,huanzhi,1
2726,hubbub,2
2727,hubei,1
2728,hum,1
2729,human,6
2730,humpback,1
2731,hungari,1
2732,husband,10
2733,ian,4
2734,iconographi,6
2735,ignatiu,3
2736,ignor,9
2737,iii,1
2738,illeg,2
2739,illimit,3
2740,illumin,1
2741,illustr,5
2742,imag,7
2743,imagessupport,1
2744,imagin,10
2745,immacul,4
2746,immedi,4
2747,immers,1
2748,immigrant,1
2749,impact,4
2750,impart,3
2751,impass,4
2752,impedi,1
2753,impish,3
2754,impos,1
2755,impress,6
2756,improprieti,1
2757,incid,3
2758,incomplet,1
2759,increas,4
2760,incred,3
2761,incrimin,3
2762,independ,17
2763,indi,1
2764,indic,5
2765,individu,12
2766,inexhaust,1
2767,infinit,1
2768,inflect,2
2769,inner,6
2770,instead,11
2771,intercess,2
2772,interest,26
2773,intern,8
2774,internship,2
2775,inton,1
2776,introduc,21
2777,introduct,3
2778,invest,2
2779,invoc,3
2780,iran,2
2781,iraqi,4
2782,islamist,1
2783,island,1
2784,isn,3
2785,italian,6
2786,ive,2
2787,iver,1
2788,iyer,5
2789,jacket,1
2790,jag,1
2791,jake,1
2792,jam,3
2793,jamala,2
2794,japan,3
2795,japanes,11
2796,javier,2
2797,jay,2
2798,jazz,26
2799,jazzi,3
2800,jean,1
2801,jeff,2
2802,jerri,2
2803,jerusalem,2
2804,jester,1
2805,jewish,5
2806,jimmi,4
2807,joann,1
2808,job,5
2809,joe,1
2810,johann,2
2811,joie,2
2812,join,27
2813,jon,10
2814,joni,1
2815,joshua,3
2816,josiah,1
2817,jubil,3
2818,jubile,1
2819,judaism,3
2820,judg,12
2821,juggl,2
2822,jump,7
2823,junction,1
2824,junta,2
2825,kacey,3
2826,kany,4
2827,keenli,2
2828,kenneth,1
2829,kid,5
2830,kidney,2
2831,kim,3
2832,klavierstück,1
2833,knit,1
2834,knock,3
2835,knot,1
2836,knotti,1
2837,know,19
2838,knowledg,10
2839,korngold,6
2840,korsun,9
2841,kowtow,2
2842,kozlov,1
2843,kubernik,2
2844,kyaik,2
2845,kyi,2
2846,lab,2
2847,labor,3
2848,lace,1
2849,lack,11
2850,lamar,15
2851,lambert,2
2852,lament,1
2853,landlord,1
2854,landmark,7
2855,laptop,1
2856,lat,2
2857,latest,3
2858,launch,7
2859,lauren,1
2860,law,2
2861,layal,2
2862,least,11
2863,led,23
2864,leeway,1
2865,leg,2
2866,legend,1
2867,lego,1
2868,leiper,1
2869,lennon,1
2870,lent,2
2871,leonora,1
2872,leroy,1
2873,letter,6
2874,liberac,2
2875,limelight,1
2876,limit,7
2877,linear,3
2878,lineup,2
2879,linger,3
2880,list,10
2881,lisztian,2
2882,literari,3
2883,liu,6
2884,live,36
2885,lo,25
2886,loan,5
2887,locat,5
2888,london,11
2889,long,37
2890,longer,2
2891,loosen,1
2892,lose,6
2893,loser,1
2894,lost,5
2895,lou,4
2896,loui,1
2897,loung,2
2898,love,21
2899,loveliest,1
2900,lovelorn,1
2901,lover,4
2902,lull,2
2903,lumber,1
2904,lumin,3
2905,lunar,2
2906,lush,1
2907,lyre,1
2908,macabr,1
2909,mad,3
2910,maestro,2
2911,magic,2
2912,mahlerian,1
2913,mahon,1
2914,maid,2
2915,major,11
2916,make,57
2917,maker,2
2918,makeshift,1
2919,manafort,3
2920,manag,16
2921,manahan,2
2922,mandat,1
2923,mandolin,2
2924,mann,1
2925,manuscript,2
2926,map,3
2927,mapplethorp,2
2928,maqam,6
2929,maren,1
2930,maria,1
2931,market,5
2932,marriag,3
2933,marsali,2
2934,maruv,2
2935,marvel,3
2936,marvin,1
2937,maryland,2
2938,massiv,3
2939,masterpiec,3
2940,match,2
2941,matern,1
2942,matsnev,1
2943,matter,7
2944,mauric,2
2945,maurizio,1
2946,may,23
2947,mayor,2
2948,mazzola,1
2949,maîtr,4
2950,mcguir,3
2951,mean,18
2952,measur,4
2953,mechan,3
2954,medit,3
2955,meir,3
2956,mellow,5
2957,member,15
2958,mendelssohn,3
2959,mental,10
2960,mephisto,2
2961,merc,1
2962,merci,1
2963,merl,4
2964,mesh,1
2965,meshel,1
2966,metal,3
2967,metallica,1
2968,metaphor,3
2969,method,7
2970,michel,3
2971,middl,10
2972,midpoint,1
2973,might,24
2974,migrat,2
2975,mile,9
2976,mileag,1
2977,militari,8
2978,milki,2
2979,millenni,4
2980,mini,1
2981,minor,7
2982,miracl,1
2983,mischiev,2
2984,misfir,1
2985,misguid,2
2986,misirl,4
2987,miss,9
2988,mississippi,2
2989,misus,3
2990,mitchel,4
2991,mixtap,2
2992,moch,1
2993,modernist,5
2994,modifi,1
2995,modish,2
2996,moe,2
2997,moment,33
2998,money,11
2999,monolith,2
3000,monro,2
3001,monsour,8
3002,monterey,1
3003,monthli,2
3004,monument,2
3005,moná,1
3006,moon,7
3007,morin,1
3008,mork,2
3009,morton,3
3010,motif,10
3011,motion,3
3012,motor,1
3013,mourn,1
3014,mtukudzi,1
3015,much,40
3016,muddi,2
3017,muddl,1
3018,muhli,1
3019,mulholland,1
3020,multimedia,1
3021,multipl,3
3022,multitrack,2
3023,mumbai,3
3024,murki,1
3025,murmur,2
3026,musett,2
3027,museum,16
3028,mushroom,1
3029,musicandr,1
3030,musician,66
3031,musicianship,3
3032,musicolog,2
3033,musicologist,7
3034,mya,2
3035,myanmar,11
3036,myint,4
3037,mysteri,3
3038,mystic,4
3039,myth,2
3040,na,4
3041,nail,1
3042,name,49
3043,namesak,4
3044,nangu,2
3045,nanj,5
3046,narr,8
3047,narrow,2
3048,nashvil,8
3049,natasha,1
3050,nativ,3
3051,naturalist,1
3052,nazareth,1
3053,naziism,3
3054,naïv,1
3055,nearli,11
3056,neck,9
3057,negrito,1
3058,neighborhood,3
3059,neither,2
3060,nervou,1
3061,net,1
3062,network,4
3063,neural,2
3064,neurolog,1
3065,neurosci,1
3066,new,143
3067,newest,1
3068,newli,2
3069,newspap,3
3070,next,22
3071,nguyen,2
3072,nia,1
3073,nike,3
3074,nine,5
3075,nod,3
3076,nois,4
3077,nonclass,2
3078,none,1
3079,nonlinear,2
3080,nonsens,3
3081,north,1
3082,northeastern,3
3083,northern,3
3084,norwegian,1
3085,nostalg,1
3086,notch,1
3087,note,36
3088,notebookbi,3
3089,noth,12
3090,novelti,1
3091,novemb,3
3092,nozz,3
3093,nurs,1
3094,nwe,4
3095,nyc,1
3096,oak,2
3097,oaki,2
3098,oblig,1
3099,occur,1
3100,ode,2
3101,offic,2
3102,offset,2
3103,often,30
3104,oil,1
3105,older,5
3106,oleg,1
3107,olivero,1
3108,olymp,2
3109,omin,2
3110,ongo,1
3111,oper,3
3112,opin,1
3113,oppos,1
3114,option,4
3115,orchestramarch,1
3116,order,4
3117,orderli,1
3118,orlean,4
3119,ornett,1
3120,ostens,2
3121,other,16
3122,our,4
3123,outcri,6
3124,outdoor,1
3125,outgo,1
3126,outlast,2
3127,outperform,1
3128,outstand,1
3129,over,7
3130,overarch,1
3131,owner,4
3132,pad,1
3133,pagan,1
3134,paid,5
3135,paint,8
3136,pakistani,1
3137,palestinian,8
3138,palett,1
3139,panel,1
3140,parelesclementin,1
3141,parelesth,2
3142,parent,8
3143,partbook,4
3144,particip,8
3145,particular,4
3146,particularli,9
3147,paso,1
3148,passion,2
3149,pasta,3
3150,patch,3
3151,path,9
3152,patrick,3
3153,patriot,3
3154,paula,2
3155,paus,2
3156,pay,7
3157,pb,2
3158,pelli,1
3159,per,2
3160,percent,7
3161,perri,2
3162,perspect,6
3163,persuas,3
3164,peru,1
3165,peterhous,3
3166,pharrel,1
3167,phil,5
3168,philanthropist,1
3169,phrygian,1
3170,physic,2
3171,pianism,1
3172,pick,10
3173,pickbi,11
3174,pictori,2
3175,piec,60
3176,pierr,2
3177,pierson,1
3178,pile,1
3179,pillowi,1
3180,pin,1
3181,pinpoint,1
3182,pit,2
3183,piti,1
3184,placebo,1
3185,planet,4
3186,plank,4
3187,play,188
3188,playboy,1
3189,player,36
3190,pleasingli,1
3191,plot,5
3192,plumber,6
3193,poetic,5
3194,pole,2
3195,polit,7
3196,pollini,2
3197,polyglot,2
3198,polymath,2
3199,polyton,1
3200,poot,8
3201,popular,17
3202,porno,3
3203,port,22
3204,portabl,2
3205,potenti,8
3206,poverti,2
3207,prais,4
3208,prank,1
3209,preciou,1
3210,predecessor,1
3211,premier,26
3212,preoccup,2
3213,prepar,8
3214,preservation,1
3215,presid,4
3216,prestigi,3
3217,price,2
3218,primari,5
3219,primarili,8
3220,princ,4
3221,princess,1
3222,principl,3
3223,pristin,2
3224,privat,3
3225,probabl,8
3226,problem,7
3227,procession,1
3228,proclam,3
3229,proctor,3
3230,prodigi,1
3231,produc,30
3232,project,16
3233,prompt,8
3234,properli,1
3235,propuls,2
3236,prototyp,3
3237,provenc,3
3238,proxim,1
3239,psychoanalyst,2
3240,publicli,1
3241,publish,5
3242,puget,2
3243,pulitz,18
3244,puma,9
3245,pummel,3
3246,pump,2
3247,pure,10
3248,puritan,1
3249,put,17
3250,qualiti,9
3251,quarrel,2
3252,quiet,6
3253,quieter,1
3254,race,1
3255,racial,1
3256,radianc,1
3257,raga,2
3258,ragtim,1
3259,rain,1
3260,ramallah,1
3261,rameau,8
3262,ran,9
3263,rapper,4
3264,rapport,2
3265,rare,6
3266,rarer,1
3267,ratio,1
3268,rational,1
3269,raunchi,2
3270,raw,4
3271,real,13
3272,realiti,4
3273,realiz,9
3274,reassur,1
3275,recal,12
3276,receiv,16
3277,recent,35
3278,recogn,8
3279,rectal,2
3280,red,9
3281,redlin,1
3282,refrain,1
3283,refriger,2
3284,refuge,4
3285,refus,5
3286,regard,6
3287,region,22
3288,regretshigh,1
3289,rehabilit,2
3290,rehears,7
3291,reitz,2
3292,rejoin,4
3293,relationship,6
3294,relax,6
3295,relentless,2
3296,reliabl,2
3297,reliev,1
3298,relish,2
3299,rememb,4
3300,remembr,3
3301,renown,1
3302,rent,3
3303,rené,1
3304,repeat,9
3305,report,14
3306,republ,2
3307,research,5
3308,resembl,9
3309,respect,7
3310,restraint,1
3311,result,5
3312,retail,4
3313,reveri,2
3314,revolut,1
3315,revu,3
3316,rhyme,6
3317,rhythm,13
3318,ricardo,1
3319,richli,1
3320,ricochet,2
3321,ride,5
3322,rif,3
3323,riff,8
3324,rihanna,6
3325,ring,1
3326,rise,8
3327,risk,1
3328,riski,1
3329,rivalri,2
3330,robina,1
3331,robinson,3
3332,robison,4
3333,robust,4
3334,rockabilli,1
3335,rode,6
3336,roil,1
3337,roll,22
3338,romeo,1
3339,roof,2
3340,rose,4
3341,rosewood,1
3342,roster,2
3343,rough,2
3344,round,1
3345,rueful,2
3346,rumbl,2
3347,rumin,4
3348,rush,3
3349,russian,4
3350,russonelloethel,1
3351,régiment,1
3352,sacramento,9
3353,sad,5
3354,sadden,1
3355,sadli,2
3356,said,239
3357,sailor,2
3358,saint,9
3359,salonen,39
3360,salv,2
3361,salvo,2
3362,samoylova,2
3363,sanford,6
3364,sardon,5
3365,sausag,3
3366,say,44
3367,scam,6
3368,scandalsmi,3
3369,scath,1
3370,scheme,3
3371,scholarli,4
3372,schwending,2
3373,scienc,3
3374,scintil,1
3375,scofidio,1
3376,score,23
3377,scout,4
3378,scream,2
3379,screenplay,2
3380,scrupul,2
3381,sculptur,2
3382,seat,3
3383,seattl,5
3384,secretli,1
3385,secur,3
3386,seem,52
3387,seemingli,2
3388,seeth,1
3389,self,2
3390,sell,4
3391,semin,2
3392,send,9
3393,senior,3
3394,sens,18
3395,sensibl,1
3396,sensit,7
3397,sentiment,1
3398,septemb,5
3399,seri,25
3400,serpentwithfeet,1
3401,setup,1
3402,sever,20
3403,shaki,1
3404,shakèd,2
3405,shamanist,1
3406,shapey,1
3407,share,8
3408,shaw,3
3409,shayna,1
3410,shed,13
3411,shrewd,2
3412,sibeliu,1
3413,sibl,2
3414,sick,7
3415,sidley,1
3416,sight,2
3417,signal,10
3418,silenc,2
3419,silk,1
3420,similarli,2
3421,simpl,2
3422,simpler,2
3423,sinc,24
3424,sincer,1
3425,singalong,1
3426,singular,1
3427,singularli,1
3428,siouxsi,1
3429,sistersdaryl,1
3430,sit,11
3431,skill,3
3432,skittish,4
3433,skull,2
3434,slate,1
3435,slaveri,1
3436,slogan,1
3437,slow,6
3438,small,6
3439,smartphon,1
3440,smash,3
3441,smith,3
3442,smoke,1
3443,smoothli,1
3444,soap,4
3445,social,11
3446,societi,7
3447,soda,1
3448,soft,10
3449,solut,1
3450,somberli,1
3451,somehow,7
3452,someth,37
3453,son,16
3454,sonic,4
3455,sonor,4
3456,soon,12
3457,sooner,1
3458,sophia,2
3459,soprano,7
3460,sort,7
3461,southern,7
3462,spanish,4
3463,special,13
3464,specter,3
3465,speech,5
3466,spellbind,3
3467,sphere,1
3468,spideri,2
3469,splendid,1
3470,spoke,10
3471,spoken,3
3472,spokesman,1
3473,sprach,2
3474,sprawl,7
3475,spring,5
3476,springfield,1
3477,springsteen,2
3478,sputter,2
3479,stab,1
3480,stabl,1
3481,staccato,4
3482,stagger,2
3483,stare,2
3484,stargat,1
3485,starhild,1
3486,stark,1
3487,start,42
3488,station,8
3489,statu,5
3490,steadili,2
3491,stefan,2
3492,stem,3
3493,step,10
3494,stepchild,2
3495,stevi,2
3496,stiff,1
3497,still,29
3498,stir,2
3499,stoic,3
3500,stori,16
3501,straightforward,2
3502,strict,5
3503,struck,7
3504,struggl,9
3505,stucki,1
3506,stuf,3
3507,stuff,1
3508,stupid,3
3509,style,24
3510,subject,10
3511,subsequ,4
3512,substanc,1
3513,suburb,5
3514,success,5
3515,such,2
3516,suggest,18
3517,suicid,1
3518,suit,14
3519,summer,9
3520,summon,5
3521,sunciti,1
3522,sunshow,2
3523,supervis,4
3524,support,12
3525,sure,14
3526,surfac,2
3527,survivor,8
3528,susanna,4
3529,suspend,2
3530,svastika,3
3531,swagger,1
3532,swan,1
3533,sweati,1
3534,sweet,6
3535,swing,5
3536,swirl,3
3537,symbol,9
3538,symphon,2
3539,symphoni,45
3540,synergi,2
3541,syria,2
3542,szabo,1
3543,ta,2
3544,tac,8
3545,tailai,1
3546,taken,13
3547,tanbur,1
3548,tangi,1
3549,tangl,4
3550,tango,2
3551,tania,1
3552,tape,5
3553,task,1
3554,tast,2
3555,tau,2
3556,tavel,4
3557,tawfik,2
3558,tax,1
3559,taylor,5
3560,team,9
3561,teas,1
3562,technolog,12
3563,teenag,8
3564,templ,1
3565,tempo,5
3566,ten,3
3567,tenderli,2
3568,tenor,5
3569,tenur,6
3570,terrain,2
3571,text,12
3572,thank,6
3573,the,326
3574,their,6
3575,themat,4
3576,theme,16
3577,thereaft,1
3578,therefor,2
3579,these,4
3580,theta,1
3581,thick,2
3582,thicket,1
3583,thin,4
3584,thoma,14
3585,thoroughli,5
3586,though,31
3587,threadgil,3
3588,thrill,3
3589,thrive,3
3590,throb,1
3591,through,1
3592,throw,2
3593,thump,2
3594,thursday,37
3595,timpani,1
3596,tinkl,4
3597,tip,6
3598,tognetti,1
3599,told,28
3600,tom,2
3601,tommasinith,2
3602,tomorrow,4
3603,tone,18
3604,top,25
3605,topic,4
3606,topshop,6
3607,tortur,2
3608,tote,1
3609,totentanz,4
3610,tower,3
3611,town,9
3612,toy,1
3613,traci,1
3614,trade,3
3615,traditionalist,1
3616,trail,3
3617,trailblaz,4
3618,transcend,3
3619,trash,1
3620,traurigkeit,1
3621,trebl,1
3622,tree,8
3623,trelinski,2
3624,trembl,2
3625,trial,5
3626,triangular,1
3627,tribe,1
3628,tribeca,1
3629,tribul,1
3630,tripl,2
3631,trite,2
3632,triumphant,4
3633,trivial,3
3634,trombon,4
3635,troubl,12
3636,troy,1
3637,truest,2
3638,truncat,1
3639,trunk,3
3640,truth,6
3641,tug,2
3642,tune,18
3643,turbocharg,1
3644,tutt,3
3645,tutti,1
3646,tweak,2
3647,twenti,1
3648,twice,2
3649,twin,2
3650,twitter,5
3651,type,1
3652,ugorski,1
3653,ukulel,2
3654,ultim,4
3655,unapologet,1
3656,unbear,1
3657,uncanni,2
3658,uncannili,2
3659,uncertain,2
3660,uncompl,2
3661,undermin,1
3662,underpin,1
3663,uneas,1
3664,unfailingli,2
3665,unfamiliar,2
3666,unhing,2
3667,unica,1
3668,uninterrupt,1
3669,unkempt,1
3670,unkind,2
3671,unknown,1
3672,unlock,1
3673,unnerv,2
3674,unpoet,1
3675,unrank,1
3676,unshowi,1
3677,unsur,3
3678,untam,2
3679,unusu,15
3680,upend,2
3681,upheav,1
3682,upon,1
3683,urgent,2
3684,use,55
3685,user,1
3686,utter,2
3687,vagu,6
3688,valid,1
3689,vate,1
3690,veil,2
3691,ventur,3
3692,veri,1
3693,vernon,2
3694,veteran,1
3695,vibraphonist,2
3696,vice,1
3697,victori,1
3698,vietnam,1
3699,viewer,2
3700,vikingur,1
3701,vindic,3
3702,vingt,2
3703,vintag,2
3704,violat,2
3705,violini,2
3706,visibl,1
3707,vision,2
3708,vivac,1
3709,vivid,1
3710,vocifer,1
3711,volley,2
3712,wa,2
3713,wade,1
3714,walker,2
3715,walkin,2
3716,walkway,1
3717,wall,5
3718,wallsit,1
3719,wallson,2
3720,walnut,2
3721,wang,17
3722,war,18
3723,wari,2
3724,warner,1
3725,wasatch,2
3726,washington,3
3727,wast,4
3728,wateri,2
3729,wave,10
3730,wayn,1
3731,weakest,2
3732,weakli,2
3733,weav,2
3734,weibo,1
3735,weiss,2
3736,weltschmerz,1
3737,whatev,1
3738,whether,11
3739,which,1
3740,while,9
3741,whisperi,1
3742,whistl,4
3743,whole,9
3744,wholli,2
3745,widespread,3
3746,wieck,2
3747,wild,4
3748,window,1
3749,windswept,2
3750,wink,4
3751,wiseman,1
3752,with,22
3753,withdrew,1
3754,withstand,2
3755,wittgenstein,1
3756,witti,2
3757,woman,15
3758,wonder,19
3759,wood,2
3760,wooden,3
3761,woodwind,1
3762,woolfeth,5
3763,woolfewhat,2
3764,word,57
3765,workbench,2
3766,workshop,2
3767,world,38
3768,worth,2
3769,would,50
3770,wreck,2
3771,wrestl,2
3772,write,35
3773,wrote,15
3774,wunder,1
3775,xylophon,2
3776,yangon,12
3777,yard,5
3778,yardsth,1
3779,ye,7
3780,yearn,3
3781,yend,1
3782,yesterday,4
3783,york,60
3784,yuja,4
3785,yun,1
3786,zahra,1
3787,zaqtan,1
3788,zarathustra,2
3789,zeppelin,1
3790,zobel,3
3791,zoltan,2
3792,zone,1
3793,zoom,2
3794,étude,4
3795,Be,3
3796,Do,2
3797,Dr,2
3798,Du,4
3799,EP,1
3800,He,129
3801,II,9
3802,Is,8
3803,La,2
3804,Mr,21
3805,Mu,1
3806,Ne,2
3807,OF,7
3808,Om,2
3809,Op,4
3810,So,12
3811,TV,9
3812,Up,2
3813,We,39
3814,Yi,2
3815,abbado,1
3816,abduraimov,1
3817,absent,2
3818,accent,2
3819,account,14
3820,accus,4
3821,acid,2
3822,acoust,6
3823,acquanetta,1
3824,acquisit,1
3825,acryl,2
3826,actual,19
3827,ad,32
3828,adagio,2
3829,addit,9
3830,adieux,1
3831,admit,1
3832,adolf,3
3833,adopt,1
3834,adventur,1
3835,advertisementsupport,32
3836,aenea,6
3837,affection,2
3838,affili,7
3839,afghan,4
3840,afghanistan,3
3841,after,26
3842,afterlif,1
3843,ago,12
3844,aid,1
3845,aim,7
3846,aimard,2
3847,airship,2
3848,akin,1
3849,ala,3
3850,alberta,4
3851,alborada,2
3852,alien,4
3853,aliv,2
3854,allegi,2
3855,allen,7
3856,allenlo,2
3857,alloy,2
3858,allud,2
3859,allus,2
3860,alreadi,6
3861,also,138
3862,alter,1
3863,altern,5
3864,although,7
3865,alway,20
3866,amaz,2
3867,america,26
3868,among,33
3869,analogu,1
3870,angular,3
3871,ann,3
3872,anni,1
3873,anonym,4
3874,anthem,4
3875,antholog,2
3876,antic,1
3877,anticlimact,2
3878,antidot,1
3879,anyth,12
3880,anytim,1
3881,apart,9
3882,appalachian,3
3883,applaus,8
3884,appreci,1
3885,apprentic,2
3886,apprenticeship,2
3887,appropri,4
3888,april,13
3889,arabesqu,1
3890,archetyp,2
3891,architectur,4
3892,archiv,1
3893,argento,4
3894,argu,1
3895,aria,3
3896,arkansa,1
3897,arm,1
3898,armageddon,1
3899,armi,4
3900,arnold,1
3901,aros,3
3902,around,27
3903,arpeggio,2
3904,arriv,7
3905,arrog,1
3906,artifact,1
3907,artifici,1
3908,ashley,1
3909,asian,1
3910,aspect,2
3911,assail,2
3912,assert,6
3913,assess,2
3914,aton,3
3915,attempt,1
3916,attend,4
3917,attir,1
3918,attitud,1
3919,attract,13
3920,audio,5
3921,auditorium,5
3922,aunt,2
3923,aura,2
3924,authent,3
3925,authoritarian,3
3926,avi,2
3927,avowedli,1
3928,award,31
3929,awarde,1
3930,away,12
3931,awhil,1
3932,azadi,1
3933,babi,3
3934,bach,6
3935,back,46
3936,backbeat,1
3937,balconi,4
3938,ballet,1
3939,baltimor,8
3940,bamar,2
3941,bamiyan,1
3942,ban,3
3943,banff,2
3944,banshe,1
3945,bare,2
3946,bark,2
3947,baron,3
3948,barrier,1
3949,barronth,2
3950,bartok,21
3951,baselin,1
3952,bass,23
3953,bassist,9
3954,bat,1
3955,bear,8
3956,beast,2
3957,beauti,9
3958,becom,27
3959,bed,4
3960,beg,3
3961,began,16
3962,behold,2
3963,beij,3
3964,believ,8
3965,belittl,2
3966,belong,7
3967,belov,5
3968,benchmark,1
3969,benedict,1
3970,benjamin,2
3971,benni,1
3972,berkeley,1
3973,bernstein,2
3974,better,6
3975,beyonc,12
3976,bill,17
3977,billi,4
3978,billionair,1
3979,bind,3
3980,bing,2
3981,birthday,3
3982,black,17
3983,blain,1
3984,blare,1
3985,blazer,1
3986,blind,2
3987,blizzard,2
3988,blockbust,3
3989,bluebeard,5
3990,blur,2
3991,blüthner,36
3992,boat,1
3993,bohemian,2
3994,bolinsound,2
3995,boll,4
3996,bomb,3
3997,bond,4
3998,bonfir,1
3999,bongo,2
4000,boost,5
4001,borrow,1
4002,bose,1
4003,boston,26
4004,bought,4
4005,bound,8
4006,boundari,2
4007,box,4
4008,brain,13
4009,brass,7
4010,breathtak,2
4011,bred,1
4012,bright,3
4013,brilliant,9
4014,brilliantli,1
4015,bring,18
4016,briskli,1
4017,britannia,1
4018,broaden,2
4019,broadway,1
4020,brocad,2
4021,brother,10
4022,bruckner,14
4023,bryce,3
4024,bu,2
4025,buckingham,2
4026,buckner,1
4027,budapest,7
4028,buddha,1
4029,bull,2
4030,bundl,2
4031,bungl,1
4032,buoyant,2
4033,burden,2
4034,burst,8
4035,busbi,1
4036,businesswoman,2
4037,bustl,1
4038,butteri,2
4039,buttress,1
4040,bybi,41
4041,byminda,1
4042,byno,1
4043,bythat,7
4044,cadillac,1
4045,cagey,2
4046,calcul,4
4047,caldron,1
4048,california,15
4049,californian,2
4050,calla,1
4051,calm,2
4052,calori,2
4053,camarena,2
4054,campbel,2
4055,canadian,1
4056,canderimagin,2
4057,canon,3
4058,canterburi,2
4059,canto,1
4060,canva,4
4061,capitol,2
4062,captur,8
4063,carburetor,2
4064,card,2
4065,cardi,1
4066,carlil,3
4067,carson,1
4068,carv,2
4069,cascad,2
4070,catch,2
4071,cater,1
4072,cattl,2
4073,caus,7
4074,caustic,2
4075,cbgb,1
4076,cecil,2
4077,cello,22
4078,cellphon,1
4079,celluloid,2
4080,central,23
4081,ceremoni,4
4082,certain,6
4083,certif,1
4084,certifi,3
4085,chaker,18
4086,chamberlayn,1
4087,chanc,11
4088,character,1
4089,charismat,2
4090,charmingli,1
4091,chart,5
4092,chastis,1
4093,cherish,2
4094,cherri,5
4095,cheski,2
4096,chicago,1
4097,childish,5
4098,chill,2
4099,china,9
4100,chines,9
4101,cho,4
4102,choi,1
4103,choic,6
4104,choir,8
4105,choppi,2
4106,chortl,2
4107,choru,5
4108,chose,5
4109,chosen,5
4110,chou,3
4111,chri,6
4112,chrysanthemum,1
4113,church,7
4114,citat,2
4115,citi,42
4116,claim,6
4117,clap,1
4118,clara,36
4119,clarinet,2
4120,classmat,1
4121,claustrophob,2
4122,clavier,1
4123,clean,3
4124,cleveland,1
4125,cliché,2
4126,climact,4
4127,climat,1
4128,cloch,2
4129,clock,1
4130,club,2
4131,coalesc,2
4132,coda,2
4133,cohes,2
4134,cohort,2
4135,colbi,1
4136,cole,1
4137,collabor,18
4138,collect,12
4139,collegesourc,3
4140,colter,13
4141,commentari,2
4142,commerc,2
4143,commiss,4
4144,commit,7
4145,common,7
4146,commun,14
4147,compel,5
4148,compens,1
4149,complement,2
4150,complex,11
4151,composerclydi,1
4152,composur,1
4153,comput,3
4154,computer,1
4155,concept,3
4156,concerto,70
4157,confession,1
4158,confin,2
4159,confront,2
4160,conor,1
4161,conquest,2
4162,conrad,2
4163,consciou,3
4164,conservat,1
4165,conservatori,4
4166,consid,5
4167,consider,1
4168,conspiraci,9
4169,constel,2
4170,constitut,2
4171,consum,6
4172,contact,2
4173,contain,3
4174,content,4
4175,contour,2
4176,contradict,1
4177,control,7
4178,copiou,2
4179,cornel,2
4180,corner,2
4181,corpor,2
4182,correct,4
4183,cortex,1
4184,costum,3
4185,cotta,1
4186,counterpoint,4
4187,counti,1
4188,countri,59
4189,court,23
4190,cozi,1
4191,cozier,2
4192,craftsmen,2
4193,craig,2
4194,cram,2
4195,crank,4
4196,creat,33
4197,creation,3
4198,creep,1
4199,crimea,4
4200,crisp,2
4201,crisper,2
4202,crocodil,2
4203,croon,1
4204,crooner,1
4205,cross,10
4206,crucial,2
4207,cue,1
4208,cuisinart,4
4209,cult,1
4210,cure,3
4211,curios,2
4212,curti,1
4213,custom,4
4214,customari,3
4215,cut,5
4216,da,14
4217,daili,2
4218,damn,2
4219,dana,1
4220,dandi,1
4221,dandruff,2
4222,danger,2
4223,daniil,1
4224,danksewicz,2
4225,dans,1
4226,danser,4
4227,darrow,4
4228,data,1
4229,daybi,1
4230,dazedli,1
4231,dead,9
4232,death,27
4233,debat,2
4234,debussi,10
4235,decad,25
4236,deck,1
4237,declar,5
4238,decoupl,1
4239,defam,3
4240,defer,1
4241,defin,5
4242,definit,1
4243,deft,2
4244,dejohnett,1
4245,delib,1
4246,deliber,1
4247,demonstr,3
4248,deni,1
4249,depart,8
4250,depiano,2
4251,deposit,2
4252,depth,6
4253,derail,1
4254,design,18
4255,desper,4
4256,despit,3
4257,destroy,11
4258,develop,17
4259,devour,1
4260,diana,1
4261,diari,6
4262,dictionari,2
4263,dido,8
4264,difficulti,5
4265,digi,1
4266,dine,2
4267,dinner,2
4268,dip,1
4269,disagr,2
4270,disarm,2
4271,disc,2
4272,disciplin,2
4273,discoveri,1
4274,discrimin,1
4275,discuss,5
4276,disembodi,3
4277,disguis,3
4278,disney,5
4279,dispar,4
4280,dissert,2
4281,distil,4
4282,distinctli,1
4283,distressor,1
4284,divan,4
4285,dizzi,3
4286,doctoroff,1
4287,document,2
4288,dog,1
4289,donatoni,1
4290,done,6
4291,donizetti,1
4292,doodl,1
4293,doubt,2
4294,down,1
4295,downtown,2
4296,dread,2
4297,dream,17
4298,dress,10
4299,drew,6
4300,drink,2
4301,drone,4
4302,drop,6
4303,drown,2
4304,drum,17
4305,drumbeat,1
4306,drummerkeith,1
4307,duet,6
4308,duke,2
4309,dutch,1
4310,dwell,1
4311,each,6
4312,earn,12
4313,earnest,1
4314,easili,3
4315,eastern,7
4316,eat,2
4317,echoey,1
4318,eclips,2
4319,ecstasi,2
4320,edit,2
4321,eerili,1
4322,effort,2
4323,elat,3
4324,elder,1
4325,electron,13
4326,eleg,9
4327,elegantli,1
4328,elegi,1
4329,elev,1
4330,elliott,1
4331,elsewher,2
4332,emb,1
4333,embed,1
4334,embroid,2
4335,emin,2
4336,emiss,4
4337,emma,1
4338,emot,14
4339,emperor,2
4340,encomia,2
4341,encompass,1
4342,end,47
4343,endur,4
4344,energi,10
4345,england,2
4346,enorm,2
4347,enough,12
4348,enslav,1
4349,enter,4
4350,enthusiasm,1
4351,entireti,1
4352,entranc,1
4353,environment,1
4354,equal,2
4355,equip,5
4356,eric,6
4357,errol,1
4358,erupt,3
4359,eryn,1
4360,escap,4
4361,esperanza,1
4362,etern,5
4363,ethel,3
4364,ethnomusicolog,2
4365,ever,23
4366,everi,10
4367,everyteen,1
4368,evok,11
4369,exalt,4
4370,exceedingli,1
4371,except,2
4372,exemplifi,1
4373,exil,2
4374,exist,6
4375,expand,5
4376,expans,5
4377,expect,6
4378,experimentalistkim,1
4379,expert,3
4380,explain,9
4381,explod,1
4382,explos,3
4383,extent,1
4384,extermin,3
4385,extrem,10
4386,eye,8
4387,ezra,2
4388,facet,2
4389,factori,8
4390,failur,4
4391,fairli,3
4392,faith,1
4393,fake,1
4394,fals,5
4395,famepet,1
4396,familiar,9
4397,famou,2
4398,fanfar,2
4399,fantast,2
4400,farahnaz,1
4401,farm,2
4402,farmer,2
4403,fascin,13
4404,fashion,6
4405,father,12
4406,favor,1
4407,fay,1
4408,fearlessli,1
4409,feder,12
4410,feed,1
4411,feedback,3
4412,fell,3
4413,fellow,5
4414,fender,36
4415,fertil,1
4416,fiddl,2
4417,fidgeti,3
4418,fierc,4
4419,fieri,1
4420,fight,3
4421,file,3
4422,filter,2
4423,finalist,6
4424,finest,6
4425,fire,8
4426,firework,2
4427,fit,13
4428,flag,1
4429,flashi,2
4430,fleetwood,4
4431,fleme,1
4432,flesh,2
4433,flex,2
4434,flinti,1
4435,flirt,1
4436,floral,1
4437,florid,2
4438,flow,1
4439,flower,3
4440,flutter,3
4441,flynn,1
4442,fodder,2
4443,foggi,1
4444,folk,10
4445,folki,2
4446,footag,3
4447,foray,2
4448,forerunn,1
4449,forfeitur,3
4450,fork,1
4451,format,1
4452,formul,2
4453,fort,1
4454,fortissimo,6
4455,fortun,5
4456,foundat,13
4457,fourth,6
4458,fraction,2
4459,frank,1
4460,frankenstein,1
4461,fraught,1
4462,fray,3
4463,freedom,3
4464,fresh,10
4465,friedrich,3
4466,fruit,1
4467,fuel,10
4468,fugal,1
4469,fun,2
4470,further,1
4471,futil,1
4472,futur,13
4473,ga,1
4474,game,6
4475,garden,1
4476,gari,1
4477,gave,14
4478,gee,1
4479,geffen,9
4480,genealog,1
4481,generi,1
4482,geniu,1
4483,genocid,6
4484,genr,10
4485,gentli,3
4486,genuin,2
4487,geopolit,1
4488,german,13
4489,gertrud,6
4490,get,42
4491,ghassan,1
4492,gig,11
4493,gilbertson,1
4494,gild,1
4495,gim,1
4496,glamour,1
4497,glassi,1
4498,glazerr,5
4499,gleam,3
4500,glitterish,1
4501,global,5
4502,glockenspiel,2
4503,glover,1
4504,gnarli,2
4505,goal,2
4506,god,8
4507,goern,2
4508,gold,4
4509,gone,3
4510,good,26
4511,goodman,1
4512,gordon,1
4513,gosl,8
4514,gown,1
4515,graffiti,1
4516,grammi,16
4517,grand,6
4518,grandchildren,3
4519,grandeur,4
4520,grandmoth,1
4521,grandpar,2
4522,grappl,2
4523,gratitud,1
4524,grew,9
4525,grid,3
4526,griffin,1
4527,grim,2
4528,grip,1
4529,groom,2
4530,groov,6
4531,ground,4
4532,group,24
4533,grown,1
4534,grungi,1
4535,guarante,7
4536,guess,3
4537,guid,4
4538,guidelin,1
4539,guillaum,1
4540,guiltili,1
4541,guitar,189
4542,guitarist,36
4543,guitaristh,1
4544,gulp,2
4545,gustavo,3
4546,guy,1
4547,gyi,4
4548,hallelujah,1
4549,hallmark,3
4550,hammond,1
4551,han,1
4552,handsom,1
4553,hangzhou,2
4554,hanick,2
4555,happi,4
4556,hardink,16
4557,hardli,2
4558,hark,2
4559,harpsichord,2
4560,harvey,2
4561,hashim,2
4562,hashimoto,6
4563,haxel,1
4564,hazara,1
4565,hazard,1
4566,headlin,1
4567,heal,1
4568,hear,29
4569,hearti,3
4570,heaven,1
4571,hebrew,4
4572,hedi,4
4573,held,1
4574,helian,2
4575,help,24
4576,heritag,2
4577,heroic,3
4578,hey,3
4579,hi,23
4580,hide,1
4581,high,21
4582,higher,1
4583,hill,1
4584,hindmana,2
4585,hindsight,2
4586,histori,30
4587,histrion,1
4588,holiday,7
4589,hollow,5
4590,homag,2
4591,home,23
4592,homegrown,1
4593,hometown,1
4594,hong,3
4595,hope,12
4596,host,4
4597,hotlineadvertisementsupport,3
4598,hour,12
4599,huge,4
4600,hugh,1
4601,hui,1
4602,hull,1
4603,humankind,1
4604,humbl,5
4605,hundr,2
4606,hung,6
4607,hurwitz,2
4608,hush,5
4609,hymnlik,6
4610,ice,3
4611,icefieldperform,2
4612,icon,3
4613,ida,2
4614,idiom,2
4615,idiosyncrat,1
4616,ihr,1
4617,imageri,6
4618,immens,2
4619,immort,1
4620,impli,2
4621,implicitli,2
4622,import,19
4623,impostor,4
4624,impressionist,1
4625,improb,2
4626,impromptu,2
4627,inciardi,1
4628,incur,1
4629,inde,4
4630,indel,1
4631,indonesian,1
4632,inevit,4
4633,infidel,1
4634,ingenu,2
4635,inhal,2
4636,inherit,2
4637,inject,1
4638,inlaid,1
4639,inmigrant,2
4640,innov,4
4641,insecur,2
4642,insensit,3
4643,insert,2
4644,insomniac,1
4645,inspir,14
4646,instabl,2
4647,instanc,4
4648,instruct,3
4649,instrument,55
4650,integr,6
4651,intellig,2
4652,intent,5
4653,interlud,1
4654,intermiss,7
4655,interrupt,2
4656,interstiti,2
4657,intim,6
4658,intric,3
4659,intrigu,2
4660,invas,2
4661,inventori,2
4662,invit,15
4663,involv,7
4664,iron,2
4665,ironi,2
4666,irregular,1
4667,isold,1
4668,isra,14
4669,issu,8
4670,istanbul,1
4671,it,3
4672,jaguar,2
4673,jamaladinova,1
4674,jame,12
4675,janet,3
4676,januari,3
4677,jason,6
4678,jen,1
4679,jennif,2
4680,jersey,2
4681,jewelri,1
4682,jim,3
4683,jimi,8
4684,jitter,1
4685,john,31
4686,johnni,2
4687,joint,4
4688,joke,7
4689,jone,2
4690,joplin,1
4691,joseph,2
4692,journal,4
4693,journalist,7
4694,joy,4
4695,joyou,4
4696,judgment,2
4697,jukebox,1
4698,julia,1
4699,june,4
4700,justic,5
4701,justifi,1
4702,juxtapos,3
4703,kabul,1
4704,kaplan,3
4705,karasz,1
4706,karaszth,1
4707,kati,1
4708,kavako,3
4709,keen,2
4710,keith,3
4711,kendrick,6
4712,kenni,1
4713,key,19
4714,keyboard,7
4715,kidambi,1
4716,kiev,1
4717,kill,4
4718,kind,30
4719,kinet,2
4720,king,9
4721,kiril,4
4722,kishkovski,1
4723,knew,18
4724,knopf,2
4725,known,33
4726,kodali,2
4727,komlosi,3
4728,kong,6
4729,korean,4
4730,kuusisto,1
4731,kyle,1
4732,label,14
4733,lacework,1
4734,lacquerwork,1
4735,ladi,10
4736,lag,1
4737,lake,2
4738,lamellaphon,1
4739,landscap,3
4740,lap,4
4741,larg,7
4742,larger,6
4743,largest,5
4744,late,22
4745,later,34
4746,latin,3
4747,latter,3
4748,laura,2
4749,laurent,1
4750,lawn,2
4751,lawrenc,1
4752,lay,1
4753,lazarevitch,4
4754,le,32
4755,lean,4
4756,learn,21
4757,lebanes,4
4758,lectur,1
4759,leeson,1
4760,legaci,2
4761,legrand,1
4762,leibovitz,1
4763,leibowitzsanctuari,3
4764,lend,2
4765,leo,10
4766,lester,2
4767,lick,2
4768,lie,4
4769,liebestod,1
4770,life,36
4771,lift,8
4772,light,14
4773,lighter,1
4774,lilt,3
4775,lincoln,11
4776,lion,2
4777,lionel,2
4778,lipa,2
4779,lisett,1
4780,listen,22
4781,liszt,5
4782,literatur,1
4783,lodg,2
4784,lodger,1
4785,loft,1
4786,loma,4
4787,loneli,2
4788,look,27
4789,lopez,2
4790,loss,3
4791,lot,27
4792,lovingli,2
4793,low,15
4794,lowri,1
4795,lucern,2
4796,lucit,1
4797,luck,1
4798,lucki,1
4799,ludwig,1
4800,lullabi,1
4801,lurch,2
4802,lynn,1
4803,made,47
4804,magdalen,1
4805,mainstay,1
4806,mainstream,6
4807,maintain,3
4808,makeov,1
4809,malcolm,1
4810,manhattanvil,2
4811,manifesto,1
4812,manufactur,8
4813,mao,3
4814,mar,2
4815,mari,10
4816,mario,2
4817,maroon,1
4818,marri,15
4819,marshal,2
4820,marta,3
4821,martino,3
4822,mask,1
4823,master,8
4824,mathemat,1
4825,matthew,2
4826,matthia,4
4827,maung,2
4828,max,1
4829,mayb,7
4830,mayfield,1
4831,mccartney,3
4832,mcqueen,7
4833,meadow,1
4834,meaning,1
4835,meant,10
4836,meantim,2
4837,media,15
4838,medici,2
4839,medley,2
4840,melodi,20
4841,melt,4
4842,memoir,6
4843,memori,25
4844,memphi,7
4845,men,7
4846,mention,6
4847,mere,4
4848,merit,1
4849,mess,3
4850,messag,9
4851,met,16
4852,metcalf,1
4853,metro,2
4854,metropolitan,13
4855,mexican,1
4856,michael,10
4857,midnight,2
4858,midst,1
4859,mightili,1
4860,mike,7
4861,mikhail,4
4862,million,14
4863,mimick,1
4864,mine,5
4865,miner,3
4866,miniatur,1
4867,ministri,1
4868,minnesota,4
4869,minut,9
4870,misfit,4
4871,misgiv,1
4872,misspel,1
4873,modest,4
4874,modu,1
4875,moham,2
4876,moman,1
4877,monasteri,1
4878,monkeesoliv,1
4879,mont,2
4880,mood,7
4881,moos,1
4882,morello,1
4883,moreov,2
4884,mostli,11
4885,mother,14
4886,motown,2
4887,movi,8
4888,mujahid,1
4889,music,402
4890,musicalethel,1
4891,mutter,22
4892,mutterperform,2
4893,mutual,1
4894,myo,2
4895,myriad,2
4896,mysterium,2
4897,nanci,8
4898,natha,3
4899,nation,16
4900,natur,10
4901,navig,2
4902,nazi,35
4903,near,2
4904,nearbi,2
4905,necessari,3
4906,neg,3
4907,negoti,1
4908,nelson,2
4909,nerv,2
4910,neteas,4
4911,neuroscientist,2
4912,neuwirth,1
4913,newport,9
4914,newslett,4
4915,nico,1
4916,nicol,1
4917,ninth,1
4918,nocturn,2
4919,noir,2
4920,nomin,4
4921,nonetheless,1
4922,nonfict,2
4923,noninvas,2
4924,nontelevis,1
4925,nor,2
4926,normal,1
4927,notabl,3
4928,notifi,1
4929,notori,5
4930,novel,2
4931,novosti,1
4932,nuanc,6
4933,number,13
4934,numer,1
4935,nurtur,1
4936,nylon,2
4937,obama,2
4938,object,3
4939,obo,2
4940,obsess,6
4941,obstruct,3
4942,obtain,4
4943,occas,3
4944,occasion,16
4945,ocean,5
4946,odaiko,1
4947,odd,3
4948,oddli,2
4949,offer,28
4950,offstag,2
4951,olga,1
4952,onli,2
4953,onslaught,2
4954,onstag,10
4955,open,52
4956,opinion,1
4957,opposit,6
4958,optimist,1
4959,orbison,1
4960,orchestr,21
4961,orion,2
4962,orki,6
4963,orland,2
4964,ornat,3
4965,oropesa,1
4966,otherwis,1
4967,ottoman,2
4968,out,1
4969,outfit,5
4970,outsid,13
4971,overal,2
4972,overdriven,1
4973,overlap,2
4974,overlook,2
4975,overtli,2
4976,overtur,4
4977,oxford,1
4978,page,14
4979,painter,4
4980,pair,4
4981,paloma,1
4982,panach,1
4983,panj,1
4984,paper,5
4985,paramet,1
4986,parelesdick,2
4987,pareleswith,1
4988,pari,2
4989,pariti,1
4990,parthenon,1
4991,partli,6
4992,partner,6
4993,partnership,8
4994,passacaglia,1
4995,past,17
4996,patsi,2
4997,paul,53
4998,paulin,1
4999,pax,2
5000,peck,1
5001,pedal,6
5002,peer,1
5003,peggi,2
5004,pekka,1
5005,pelt,1
5006,pen,2
5007,penalti,1
5008,pendant,3
5009,pennsylvania,3
5010,pensiv,3
5011,pepper,1
5012,peppi,2
5013,percept,3
5014,percuss,7
5015,perhap,26
5016,period,9
5017,perki,1
5018,perpetu,2
5019,philharmonia,10
5020,philharmonicthi,1
5021,philharmonicthrough,2
5022,philip,6
5023,philosophi,1
5024,photo,1
5025,photographi,1
5026,photosview,1
5027,phrase,9
5028,pianola,1
5029,pickup,13
5030,pinkett,1
5031,pitch,3
5032,pithi,2
5033,pittel,3
5034,pittsburgh,1
5035,placement,2
5036,plastic,3
5037,platform,9
5038,plead,6
5039,pleas,1
5040,pledg,1
5041,plenti,6
5042,pliabl,1
5043,plunk,2
5044,poet,3
5045,poignanc,3
5046,point,27
5047,pointillist,1
5048,pois,1
5049,poisson,2
5050,poke,2
5051,polish,2
5052,politician,1
5053,polsfuss,2
5054,polyphon,1
5055,pop,53
5056,porgi,1
5057,portion,1
5058,possibl,14
5059,postur,1
5060,poulenc,2
5061,power,27
5062,pp,4
5063,precipit,2
5064,precis,6
5065,prelud,1
5066,presenc,5
5067,preshow,2
5068,press,1
5069,pressur,3
5070,pretti,2
5071,prevail,1
5072,preview,2
5073,print,1
5074,pritz,3
5075,privi,1
5076,prize,31
5077,process,9
5078,proclaim,1
5079,profess,1
5080,profil,4
5081,progress,6
5082,prokofiev,3
5083,prolif,2
5084,prolifer,2
5085,promin,3
5086,promot,2
5087,prone,1
5088,prop,1
5089,proper,3
5090,properti,3
5091,propheci,1
5092,prosecut,3
5093,prosecutor,15
5094,protagonist,2
5095,protocol,2
5096,proud,6
5097,psychedel,1
5098,pulp,4
5099,puls,4
5100,punctuat,1
5101,punk,4
5102,pupil,2
5103,purchas,6
5104,purist,1
5105,purpl,3
5106,purportedli,1
5107,puzzl,2
5108,quandari,1
5109,quarter,5
5110,queen,8
5111,quentin,2
5112,quickli,7
5113,quinci,1
5114,quintet,3
5115,quo,1
5116,quotat,1
5117,racist,1
5118,racket,6
5119,radiant,1
5120,radic,4
5121,radio,11
5122,rag,2
5123,rais,12
5124,ranch,3
5125,rank,1
5126,rap,5
5127,raptur,2
5128,rate,2
5129,rather,14
5130,raucou,1
5131,ray,1
5132,reach,12
5133,react,1
5134,reaction,3
5135,recept,2
5136,recognit,5
5137,recogniz,2
5138,reconstruct,3
5139,recruit,4
5140,rectifi,1
5141,recur,1
5142,redress,2
5143,reed,2
5144,reflex,1
5145,refresh,1
5146,refreshingli,2
5147,regga,3
5148,regret,3
5149,regular,15
5150,reign,2
5151,reinforc,1
5152,reisdorf,4
5153,rel,9
5154,relat,7
5155,relaunch,6
5156,releg,2
5157,relief,2
5158,reload,2
5159,remad,1
5160,remors,4
5161,remot,2
5162,renaiss,1
5163,renal,2
5164,render,2
5165,rendezv,2
5166,rendit,5
5167,renfro,1
5168,rental,1
5169,reopen,1
5170,repair,4
5171,repairman,2
5172,repeatedli,2
5173,replac,5
5174,repress,2
5175,reput,2
5176,requiem,1
5177,requir,8
5178,requisit,2
5179,reshap,1
5180,reson,9
5181,respond,3
5182,respons,7
5183,rest,8
5184,restaurateur,3
5185,restless,6
5186,resuscit,2
5187,reuterskabul,1
5188,revel,6
5189,rever,1
5190,reverb,2
5191,reverber,1
5192,review,13
5193,rhapsodi,3
5194,rhythmic,16
5195,rich,14
5196,richard,6
5197,rick,3
5198,rickenback,5
5199,ricki,1
5200,ridicul,2
5201,right,15
5202,riot,2
5203,rippl,1
5204,rival,3
5205,rivet,4
5206,road,1
5207,roadsid,3
5208,rob,1
5209,rock,32
5210,rockefel,1
5211,rocker,4
5212,rocki,2
5213,rockin,1
5214,role,28
5215,romanc,4
5216,ronald,3
5217,root,6
5218,rosen,6
5219,ross,2
5220,rout,1
5221,routin,2
5222,royal,5
5223,rudolph,2
5224,rule,13
5225,rumpl,2
5226,run,33
5227,rya,3
5228,safekeep,2
5229,sail,2
5230,saloon,2
5231,sand,1
5232,sandi,36
5233,sandon,2
5234,sang,20
5235,santana,1
5236,sarafand,2
5237,sarah,1
5238,saturday,15
5239,savag,2
5240,sawyer,4
5241,saxophon,1
5242,sceneri,3
5243,scherzo,1
5244,scholar,7
5245,schroeder,2
5246,schuman,1
5247,scientif,1
5248,scott,2
5249,scrappi,1
5250,screen,3
5251,scribner,2
5252,seam,1
5253,seamless,1
5254,season,14
5255,seclus,1
5256,secret,1
5257,section,38
5258,see,31
5259,segreg,2
5260,sein,2
5261,select,14
5262,sellar,6
5263,sensual,2
5264,separ,4
5265,sequin,1
5266,serious,3
5267,servic,9
5268,session,13
5269,set,42
5270,settlement,1
5271,seven,16
5272,sexual,6
5273,shadl,1
5274,shadow,5
5275,shake,2
5276,shakuhachi,1
5277,sham,2
5278,sharp,5
5279,shatter,1
5280,she,71
5281,shellshock,1
5282,shift,12
5283,shlomo,3
5284,shock,2
5285,shoe,1
5286,shoot,4
5287,short,18
5288,shot,1
5289,shout,1
5290,show,64
5291,showcas,1
5292,showi,1
5293,shrine,1
5294,shudder,2
5295,shun,3
5296,shut,1
5297,signatur,5
5298,signific,6
5299,silver,1
5300,silveri,4
5301,simi,1
5302,simultan,2
5303,sinatra,1
5304,sinewi,3
5305,singerchristin,1
5306,singerford,1
5307,siren,2
5308,site,9
5309,sixth,1
5310,skin,3
5311,skinni,1
5312,skyrocket,2
5313,slash,4
5314,slave,1
5315,sleepov,2
5316,slightli,8
5317,slim,2
5318,slip,5
5319,slither,2
5320,sliver,2
5321,slog,2
5322,smart,2
5323,smokey,2
5324,smokili,2
5325,smoother,2
5326,snap,4
5327,snow,2
5328,snowstorm,2
5329,soar,3
5330,soften,2
5331,sold,15
5332,soldier,13
5333,solid,3
5334,solitud,1
5335,soloist,14
5336,solv,3
5337,somersault,1
5338,sometim,27
5339,somewhat,1
5340,sonata,20
5341,songwrit,12
5342,soria,1
5343,soundtrack,12
5344,south,8
5345,southeast,1
5346,southwestern,2
5347,space,16
5348,span,4
5349,specif,3
5350,spectacl,1
5351,spectral,2
5352,spectrum,1
5353,spent,8
5354,spi,2
5355,spirit,16
5356,spiritu,8
5357,sprout,1
5358,spruce,1
5359,squall,2
5360,stagi,1
5361,stake,2
5362,staley,6
5363,standard,10
5364,standout,3
5365,stapl,2
5366,starmichel,1
5367,state,18
5368,stay,7
5369,steadi,3
5370,steeli,1
5371,steep,1
5372,stereotyp,2
5373,sterl,1
5374,steve,8
5375,steven,1
5376,stick,1
5377,stimul,10
5378,stomp,1
5379,stomper,1
5380,stoni,1
5381,strand,9
5382,strang,4
5383,stranger,1
5384,stream,3
5385,strength,2
5386,stress,1
5387,strike,1
5388,strobe,2
5389,stroke,2
5390,strongli,5
5391,strut,1
5392,stuck,3
5393,student,33
5394,studio,29
5395,stunningli,2
5396,sturdi,3
5397,stylist,8
5398,sublim,5
5399,substanti,1
5400,subtl,2
5401,subvers,2
5402,succinct,2
5403,succumb,1
5404,sudden,3
5405,suffici,1
5406,sullivan,5
5407,summari,5
5408,sumney,1
5409,sumptuou,2
5410,sunni,2
5411,suppos,3
5412,surfboard,1
5413,surg,4
5414,surgeri,1
5415,surreal,1
5416,susan,2
5417,sustain,9
5418,swashbuckl,1
5419,swastika,18
5420,sway,2
5421,sweat,1
5422,sweater,1
5423,sweden,1
5424,sweep,2
5425,swell,1
5426,swimmer,2
5427,sybarit,2
5428,symbiot,1
5429,syndrom,2
5430,synthet,1
5431,sérieus,1
5432,tabl,1
5433,tabletop,2
5434,tailor,1
5435,tale,4
5436,talent,14
5437,talk,16
5438,tan,7
5439,tandem,2
5440,tapesten,3
5441,tart,2
5442,taut,2
5443,tchaikovski,2
5444,teacher,16
5445,tear,3
5446,ted,1
5447,teen,4
5448,teju,1
5449,telephon,5
5450,tellingli,5
5451,tempera,1
5452,templat,2
5453,tempor,1
5454,temporari,1
5455,tencent,3
5456,tender,10
5457,tension,3
5458,tent,2
5459,term,11
5460,terra,1
5461,testimoni,2
5462,texa,1
5463,textur,7
5464,thai,12
5465,then,10
5466,there,22
5467,thibaw,2
5468,think,30
5469,third,10
5470,thought,20
5471,three,35
5472,thrillingli,2
5473,throwback,1
5474,thrum,1
5475,thunder,6
5476,tiger,1
5477,til,1
5478,time,89
5479,timeless,2
5480,tina,1
5481,ting,1
5482,tingl,1
5483,tipto,2
5484,today,7
5485,togeth,40
5486,toll,2
5487,tolo,1
5488,tommasini,1
5489,tommasiniif,1
5490,tommasinilast,1
5491,tommasinimost,2
5492,tonal,2
5493,tongu,1
5494,tool,4
5495,total,2
5496,tour,31
5497,toward,10
5498,towerbetween,3
5499,trace,11
5500,track,13
5501,trademark,2
5502,tradit,40
5503,train,5
5504,trait,1
5505,transform,1
5506,translat,2
5507,transluc,2
5508,travel,14
5509,traver,2
5510,treasur,2
5511,tri,25
5512,tribut,9
5513,trill,2
5514,triniti,2
5515,trio,20
5516,triumph,2
5517,triumphal,1
5518,tropic,1
5519,trul,2
5520,truli,2
5521,trust,2
5522,tuba,4
5523,tucker,1
5524,tumbl,2
5525,tunji,1
5526,turmoil,1
5527,turner,1
5528,tutmarc,2
5529,twang,1
5530,ukrainian,4
5531,ultraviolet,1
5532,unabl,1
5533,unadorn,1
5534,unadvertis,1
5535,unaffect,2
5536,unambigu,1
5537,unassum,3
5538,uncl,3
5539,uncoupl,1
5540,undercurr,2
5541,underground,3
5542,underlin,1
5543,uneasi,2
5544,uneven,1
5545,unfail,2
5546,unfold,2
5547,unforgiv,2
5548,unifi,2
5549,univers,26
5550,unmistak,1
5551,unsettl,3
5552,untrendi,1
5553,updat,2
5554,upload,1
5555,upright,4
5556,urban,5
5557,usual,3
5558,utah,2
5559,utterli,1
5560,valu,1
5561,vaniti,1
5562,vari,2
5563,vase,1
5564,vast,2
5565,venu,2
5566,verifi,3
5567,version,17
5568,vibe,1
5569,vibrant,2
5570,videotap,2
5571,view,9
5572,villag,2
5573,viola,4
5574,violin,41
5575,violinist,15
5576,virginia,6
5577,visionari,3
5578,visual,9
5579,vocal,18
5580,vocalist,9
5581,vogu,2
5582,volkswagen,1
5583,volum,5
5584,vote,1
5585,wait,3
5586,walk,6
5587,wallsth,2
5588,walt,8
5589,wan,6
5590,warn,3
5591,waylon,1
5592,wealth,3
5593,wear,6
5594,weari,2
5595,weather,2
5596,websit,5
5597,wednesday,8
5598,week,35
5599,weight,16
5600,weijia,1
5601,weimar,2
5602,went,24
5603,western,10
5604,westminst,1
5605,wheel,1
5606,when,26
5607,where,5
5608,wherea,1
5609,wherev,2
5610,whip,1
5611,whisper,6
5612,white,6
5613,whitney,2
5614,wide,14
5615,widow,2
5616,wildli,6
5617,will,3
5618,willi,1
5619,willing,1
5620,wind,7
5621,wing,1
5622,winterreis,1
5623,wise,1
5624,wish,2
5625,without,10
5626,wo,1
5627,wolfgang,1
5628,wondrou,3
5629,wong,1
5630,woo,2
5631,woodwork,2
5632,woolf,4
5633,woolfea,1
5634,woolfeboston,2
5635,woolfefin,1
5636,woolfetak,2
5637,wordless,2
5638,worker,2
5639,worri,10
5640,worst,1
5641,worthi,2
5642,wound,4
5643,wreath,1
5644,wri,2
5645,wring,2
5646,writer,13
5647,wrong,1
5648,wuorinen,2
5649,wynton,1
5650,xiaoya,1
5651,yang,4
5652,yanke,1
5653,yearlong,2
5654,yet,36
5655,ymusic,3
5656,yoonah,2
5657,youth,6
5658,yulia,1
5659,yuy,2
5660,zadek,1
5661,zankel,5
5662,zappo,1
5663,zhejiang,1
5664,zornian,2
